patch_id,source_scene,split
ow-0001,S1B_IW_GRDH_1SDV_20190101T034300_20190101T034325_014295_01A97E_39B8.SAFE,train
ow-0002,S1A_IW_GRDH_1SDV_20190104T155703_20190104T155728_025330_02CD9D_BBAA.SAFE,train
ow-0003,S1B_IW_GRDH_1SDV_20190110T155611_20190110T155635_014434_01ADED_1E1A.SAFE,train
ow-0004,S1B_IW_GRDH_1SDV_20190110T155611_20190110T155635_014434_01ADED_1E1A.SAFE,train
ow-0005,S1B_IW_GRDH_1SDV_20190110T155611_20190110T155635_014434_01ADED_1E1A.SAFE,train
ow-0006,S1A_IW_GRDH_1SDV_20190111T154901_20190111T154926_025432_02D14A_4A63.SAFE,train
ow-0007,S1A_IW_GRDH_1SDV_20190112T035232_20190112T035259_025439_02D183_0BB2.SAFE;S1A_IW_GRDH_1SDV_20190112T035207_20190112T035232_025439_02D183_4040.SAFE,train
ow-0008,S1B_IW_GRDH_1SDV_20190112T154033_20190112T154058_014463_01AEE6_B38F.SAFE,train
ow-0011,S1B_IW_GRDH_1SDV_20190122T155610_20190122T155635_014609_01B38B_28CE.SAFE,train
ow-0012,S1B_IW_GRDH_1SDV_20190122T155610_20190122T155635_014609_01B38B_28CE.SAFE,train
ow-0013,S1B_IW_GRDH_1SDV_20190122T155610_20190122T155635_014609_01B38B_28CE.SAFE,train
ow-0014,S1B_IW_GRDH_1SDV_20190122T155610_20190122T155635_014609_01B38B_28CE.SAFE,train
ow-0015,S1B_IW_GRDH_1SDV_20190122T155641_20190122T155710_014609_01B38C_DBD6.SAFE,train
ow-0016,S1B_IW_GRDH_1SDV_20190122T155641_20190122T155710_014609_01B38C_DBD6.SAFE,train
ow-0017,S1B_IW_GRDH_1SDV_20190122T155641_20190122T155710_014609_01B38C_DBD6.SAFE,train
ow-0018,S1B_IW_GRDH_1SDV_20190122T155641_20190122T155710_014609_01B38C_DBD6.SAFE,train
ow-0021,S1B_IW_GRDH_1SDV_20190123T035915_20190123T035940_014616_01B3CB_38CE.SAFE,train
ow-0022,S1B_IW_GRDH_1SDV_20190123T035940_20190123T040005_014616_01B3CB_32E6.SAFE,train
ow-0023,S1B_IW_GRDH_1SDV_20190123T035940_20190123T040005_014616_01B3CB_32E6.SAFE,train
ow-0024,S1B_IW_GRDH_1SDV_20190123T035940_20190123T040005_014616_01B3CB_32E6.SAFE,train
ow-0025,S1B_IW_GRDH_1SDV_20190123T035940_20190123T040005_014616_01B3CB_32E6.SAFE,train
ow-0026,S1B_IW_GRDH_1SDV_20190123T035940_20190123T040005_014616_01B3CB_32E6.SAFE,train
ow-0027,S1B_IW_GRDH_1SDV_20190123T035940_20190123T040005_014616_01B3CB_32E6.SAFE,train
ow-0028,S1B_IW_GRDH_1SDV_20190129T154811_20190129T154836_014711_01B6D1_C6CA.SAFE,train
ow-0029,S1B_IW_GRDH_1SDV_20190129T154811_20190129T154836_014711_01B6D1_C6CA.SAFE,train
ow-0031,S1A_IW_GRDH_1SDV_20190202T160514_20190202T160539_025753_02DD0D_CACF.SAFE,train
ow-0032,S1A_IW_GRDH_1SDV_20190202T160514_20190202T160539_025753_02DD0D_CACF.SAFE,train
ow-0033,S1A_IW_GRDH_1SDV_20190202T160514_20190202T160539_025753_02DD0D_CACF.SAFE,train
ow-0035,S1B_IW_GRDH_1SDV_20190208T160430_20190208T160455_014857_01BBA6_8575.SAFE,train
ow-0036,S1B_IW_GRDH_1SDV_20190211T035130_20190211T035155_014893_01BCCD_79F7.SAFE,train
ow-0040,S1A_IW_GRDH_1SDV_20190212T034347_20190212T034412_025891_02E1DC_27C4.SAFE,train
ow-0041,S1A_IW_GRDH_1SDV_20190217T035116_20190217T035141_025964_02E473_BCD6.SAFE,train
ow-0045,S1A_IW_GRDH_1SDV_20190219T033454_20190219T033519_025993_02E57A_9BA8.SAFE,train
ow-0046,S1A_IW_GRDH_1SDV_20190221T155702_20190221T155727_026030_02E6CF_D766.SAFE;S1A_IW_GRDH_1SDV_20190221T155637_20190221T155702_026030_02E6CF_CB00.SAFE,train
ow-0053,S1A_IW_GRDH_1SDV_20190222T040041_20190222T040106_026037_02E70F_5AD5.SAFE,train
ow-0054,S1B_IW_GRDH_1SDV_20190222T154810_20190222T154835_015061_01C24C_9BBE.SAFE,train
ow-0055,S1B_IW_GRDH_1SDV_20190222T154810_20190222T154835_015061_01C24C_9BBE.SAFE,train
ow-0056,S1B_IW_GRDH_1SDV_20190222T154810_20190222T154835_015061_01C24C_9BBE.SAFE,train
ow-0057,S1B_IW_GRDH_1SDV_20190222T154810_20190222T154835_015061_01C24C_9BBE.SAFE,train
ow-0058,S1B_IW_GRDH_1SDV_20190223T035130_20190223T035155_015068_01C287_0DC8.SAFE,train
ow-0059,S1B_IW_GRDH_1SDV_20190223T035130_20190223T035155_015068_01C287_0DC8.SAFE,train
ow-0060,S1A_IW_GRDH_1SDV_20190224T034322_20190224T034347_026066_02E816_1321.SAFE,train
ow-0061,S1A_IW_GRDH_1SDV_20190224T034322_20190224T034347_026066_02E816_1321.SAFE,train
ow-0062,S1A_IW_GRDH_1SDV_20190224T034347_20190224T034412_026066_02E816_11C9.SAFE,train
ow-0063,S1B_IW_GRDH_1SDV_20190304T160429_20190304T160454_015207_01C72A_60D4.SAFE,train
ow-0064,S1A_IW_GRDH_1SDV_20190305T155727_20190305T155752_026205_02ED1B_9DEA.SAFE,train
ow-0065,S1A_IW_GRDH_1SDV_20190305T155702_20190305T155727_026205_02ED1B_0DF1.SAFE,train
ow-0066,S1A_IW_GRDH_1SDV_20190305T155702_20190305T155727_026205_02ED1B_0DF1.SAFE,train
ow-0067,S1A_IW_GRDH_1SDV_20190305T155702_20190305T155727_026205_02ED1B_0DF1.SAFE,train
ow-0068,S1A_IW_GRDH_1SDV_20190305T155727_20190305T155752_026205_02ED1B_9DEA.SAFE,train
ow-0069,S1A_IW_GRDH_1SDV_20190305T155752_20190305T155817_026205_02ED1B_206C.SAFE;S1A_IW_GRDH_1SDV_20190305T155727_20190305T155752_026205_02ED1B_9DEA.SAFE,train
ow-0072,S1B_IW_GRDH_1SDV_20190306T154810_20190306T154835_015236_01C814_5AC6.SAFE;S1B_IW_GRDH_1SDV_20190306T154745_20190306T154810_015236_01C814_B914.SAFE,train
ow-0073,S1B_IW_GRDH_1SDV_20190306T154810_20190306T154835_015236_01C814_5AC6.SAFE;S1B_IW_GRDH_1SDV_20190306T154745_20190306T154810_015236_01C814_B914.SAFE,train
ow-0074,S1B_IW_GRDH_1SDV_20190306T154810_20190306T154835_015236_01C814_5AC6.SAFE;S1B_IW_GRDH_1SDV_20190306T154745_20190306T154810_015236_01C814_B914.SAFE,train
ow-0075,S1B_IW_GRDH_1SDV_20190306T154810_20190306T154835_015236_01C814_5AC6.SAFE;S1B_IW_GRDH_1SDV_20190306T154745_20190306T154810_015236_01C814_B914.SAFE,train
ow-0076,S1B_IW_GRDH_1SDV_20190306T154810_20190306T154835_015236_01C814_5AC6.SAFE;S1B_IW_GRDH_1SDV_20190306T154745_20190306T154810_015236_01C814_B914.SAFE,train
ow-0077,S1B_IW_GRDH_1SDV_20190306T154810_20190306T154835_015236_01C814_5AC6.SAFE,train
ow-0078,S1B_IW_GRDH_1SDV_20190306T154810_20190306T154835_015236_01C814_5AC6.SAFE,train
ow-0079,S1B_IW_GRDH_1SDV_20190306T154810_20190306T154835_015236_01C814_5AC6.SAFE,train
ow-0080,S1B_IW_GRDH_1SDV_20190306T154810_20190306T154835_015236_01C814_5AC6.SAFE,train
ow-0081,S1B_IW_GRDH_1SDV_20190306T154810_20190306T154835_015236_01C814_5AC6.SAFE,train
ow-0082,S1B_IW_GRDH_1SDV_20190306T154810_20190306T154835_015236_01C814_5AC6.SAFE,train
ow-0083,S1B_IW_GRDH_1SDV_20190306T154810_20190306T154835_015236_01C814_5AC6.SAFE,train
ow-0084,S1B_IW_GRDH_1SDV_20190306T154810_20190306T154835_015236_01C814_5AC6.SAFE,train
ow-0085,S1B_IW_GRDH_1SDV_20190306T154810_20190306T154835_015236_01C814_5AC6.SAFE,train
ow-0086,S1B_IW_GRDH_1SDV_20190307T035129_20190307T035154_015243_01C850_97F9.SAFE;S1B_IW_GRDH_1SDV_20190307T035104_20190307T035129_015243_01C850_7057.SAFE,train
ow-0087,S1B_IW_GRDH_1SDV_20190307T035129_20190307T035154_015243_01C850_97F9.SAFE,train
ow-0088,S1B_IW_GRDH_1SDV_20190307T035129_20190307T035154_015243_01C850_97F9.SAFE,train
ow-0089,S1B_IW_GRDH_1SDV_20190307T035129_20190307T035154_015243_01C850_97F9.SAFE,train
ow-0090,S1B_IW_GRDH_1SDV_20190307T035129_20190307T035154_015243_01C850_97F9.SAFE,train
ow-0091,S1A_IW_GRDH_1SDV_20190308T034412_20190308T034437_026241_02EE61_2777.SAFE,train
ow-0098,S1B_IW_GRDH_1SDV_20190311T155640_20190311T155709_015309_01CA75_E0AC.SAFE,train
ow-0099,S1B_IW_GRDH_1SDV_20190312T035849_20190312T035914_015316_01CAB5_BF4A.SAFE,train
ow-0100,S1B_IW_GRDH_1SDV_20190312T035849_20190312T035914_015316_01CAB5_BF4A.SAFE,train
ow-0101,S1B_IW_GRDH_1SDV_20190312T035849_20190312T035914_015316_01CAB5_BF4A.SAFE,train
ow-0102,S1B_IW_GRDH_1SDV_20190312T035914_20190312T035939_015316_01CAB5_A5CE.SAFE,train
ow-0103,S1B_IW_GRDH_1SDV_20190312T035939_20190312T040004_015316_01CAB5_09EE.SAFE,train
ow-0104,S1B_IW_GRDH_1SDV_20190312T035939_20190312T040004_015316_01CAB5_09EE.SAFE,train
ow-0105,S1B_IW_GRDH_1SDV_20190312T035939_20190312T040004_015316_01CAB5_09EE.SAFE,train
ow-0106,S1B_IW_GRDH_1SDV_20190312T035939_20190312T040004_015316_01CAB5_09EE.SAFE,train
ow-0107,S1B_IW_GRDH_1SDV_20190312T035939_20190312T040004_015316_01CAB5_09EE.SAFE,train
ow-0109,S1A_IW_GRDH_1SDV_20190312T154900_20190312T154925_026307_02F0D5_5A39.SAFE,train
ow-0110,S1A_IW_GRDH_1SDV_20190313T035141_20190313T035206_026314_02F112_DA9D.SAFE,train
ow-0111,S1A_IW_GRDH_1SDV_20190313T035141_20190313T035206_026314_02F112_DA9D.SAFE,train
ow-0112,S1A_IW_GRDH_1SDV_20190313T035141_20190313T035206_026314_02F112_DA9D.SAFE,train
ow-0116,S1B_IW_GRDH_1SDV_20190318T154810_20190318T154835_015411_01CDBD_41F5.SAFE;S1B_IW_GRDH_1SDV_20190318T154745_20190318T154810_015411_01CDBD_E506.SAFE,train
ow-0117,S1B_IW_GRDH_1SDV_20190318T154810_20190318T154835_015411_01CDBD_41F5.SAFE,train
ow-0118,S1B_IW_GRDH_1SDV_20190318T154810_20190318T154835_015411_01CDBD_41F5.SAFE,train
ow-0119,S1B_IW_GRDH_1SDV_20190318T154810_20190318T154835_015411_01CDBD_41F5.SAFE,train
ow-0120,S1B_IW_GRDH_1SDV_20190318T154810_20190318T154835_015411_01CDBD_41F5.SAFE,train
ow-0121,S1B_IW_GRDH_1SDV_20190318T154810_20190318T154835_015411_01CDBD_41F5.SAFE,train
ow-0124,S1B_IW_GRDH_1SDV_20190319T035129_20190319T035154_015418_01CDFB_0728.SAFE,train
ow-0125,S1B_IW_GRDH_1SDV_20190319T035129_20190319T035154_015418_01CDFB_0728.SAFE,train
ow-0126,S1B_IW_GRDH_1SDV_20190319T035129_20190319T035154_015418_01CDFB_0728.SAFE,train
ow-0127,S1B_IW_GRDH_1SDV_20190319T035129_20190319T035154_015418_01CDFB_0728.SAFE,train
ow-0128,S1B_IW_GRDH_1SDV_20190319T035129_20190319T035154_015418_01CDFB_0728.SAFE,train
ow-0129,S1B_IW_GRDH_1SDV_20190319T035129_20190319T035154_015418_01CDFB_0728.SAFE,train
ow-0130,S1A_IW_GRDH_1SDV_20190319T154057_20190319T154122_026409_02F495_3769.SAFE,train
ow-0131,S1A_IW_GRDH_1SDV_20190319T154122_20190319T154147_026409_02F495_4D5C.SAFE;S1A_IW_GRDH_1SDV_20190319T154057_20190319T154122_026409_02F495_3769.SAFE,train
ow-0132,S1A_IW_GRDH_1SDV_20190320T034322_20190320T034347_026416_02F4D4_B411.SAFE,train
ow-0133,S1A_IW_GRDH_1SDV_20190320T034412_20190320T034437_026416_02F4D4_1A96.SAFE,train
ow-0135,S1B_IW_GRDH_1SDV_20190323T155609_20190323T155634_015484_01D019_131C.SAFE,train
ow-0136,S1B_IW_GRDH_1SDV_20190323T155609_20190323T155634_015484_01D019_131C.SAFE,train
ow-0137,S1B_IW_GRDH_1SDV_20190323T155609_20190323T155634_015484_01D019_131C.SAFE,train
ow-0138,S1B_IW_GRDH_1SDV_20190323T155640_20190323T155709_015484_01D01A_DA9D.SAFE,train
ow-0139,S1B_IW_GRDH_1SDV_20190323T155640_20190323T155709_015484_01D01A_DA9D.SAFE,train
ow-0140,S1B_IW_GRDH_1SDV_20190323T155640_20190323T155709_015484_01D01A_DA9D.SAFE,train
ow-0141,S1B_IW_GRDH_1SDV_20190323T155640_20190323T155709_015484_01D01A_DA9D.SAFE,train
ow-0142,S1A_IW_GRDH_1SDV_20190324T154901_20190324T154926_026482_02F74C_6168.SAFE,train
ow-0143,S1A_IW_GRDH_1SDV_20190324T154901_20190324T154926_026482_02F74C_6168.SAFE,train
ow-0144,S1A_IW_GRDH_1SDV_20190325T035207_20190325T035232_026489_02F78B_61BC.SAFE,train
ow-0146,S1A_IW_GRDH_1SDV_20190325T035207_20190325T035232_026489_02F78B_61BC.SAFE,train
ow-0147,S1A_IW_GRDH_1SDV_20190325T035207_20190325T035232_026489_02F78B_61BC.SAFE,train
ow-0148,S1A_IW_GRDH_1SDV_20190325T035207_20190325T035232_026489_02F78B_61BC.SAFE,train
ow-0149,S1A_IW_GRDH_1SDV_20190325T035207_20190325T035232_026489_02F78B_61BC.SAFE,train
ow-0150,S1A_IW_GRDH_1SDV_20190329T155702_20190329T155727_026555_02F9F6_EC3A.SAFE,train
ow-0151,S1B_IW_GRDH_1SDV_20190330T154835_20190330T154900_015586_01D376_146D.SAFE,train
ow-0152,S1B_IW_GRDH_1SDV_20190330T154835_20190330T154900_015586_01D376_146D.SAFE,train
ow-0153,S1A_IW_GRDH_1SDV_20190401T034322_20190401T034347_026591_02FB4C_1C41.SAFE,train
ow-0154,S1A_IW_GRDH_1SDV_20190401T034322_20190401T034347_026591_02FB4C_1C41.SAFE,train
ow-0155,S1B_IW_GRDH_1SDV_20190404T155610_20190404T155635_015659_01D5E2_CCBC.SAFE,train
ow-0156,S1B_IW_GRDH_1SDV_20190404T155610_20190404T155635_015659_01D5E2_CCBC.SAFE,train
ow-0157,S1B_IW_GRDH_1SDV_20190404T155610_20190404T155635_015659_01D5E2_CCBC.SAFE,train
ow-0158,S1B_IW_GRDH_1SDV_20190404T155610_20190404T155635_015659_01D5E2_CCBC.SAFE,train
ow-0159,S1B_IW_GRDH_1SDV_20190404T155610_20190404T155635_015659_01D5E2_CCBC.SAFE,train
ow-0160,S1B_IW_GRDH_1SDV_20190404T155610_20190404T155635_015659_01D5E2_CCBC.SAFE,train
ow-0161,S1B_IW_GRDH_1SDV_20190404T155610_20190404T155635_015659_01D5E2_CCBC.SAFE,train
ow-0162,S1B_IW_GRDH_1SDV_20190405T035850_20190405T035915_015666_01D628_CFEF.SAFE,train
ow-0163,S1B_IW_GRDH_1SDV_20190405T035850_20190405T035915_015666_01D628_CFEF.SAFE,train
ow-0168,S1A_IW_GRDH_1SDV_20190405T154836_20190405T154901_026657_02FDC3_95CA.SAFE,train
ow-0169,S1A_IW_GRDH_1SDV_20190405T154836_20190405T154901_026657_02FDC3_95CA.SAFE,train
ow-0171,S1A_IW_GRDH_1SDV_20190405T154901_20190405T154926_026657_02FDC3_00D2.SAFE,train
ow-0172,S1A_IW_GRDH_1SDV_20190405T154901_20190405T154926_026657_02FDC3_00D2.SAFE,train
ow-0173,S1A_IW_GRDH_1SDV_20190405T154901_20190405T154926_026657_02FDC3_00D2.SAFE,train
ow-0175,S1A_IW_GRDH_1SDV_20190406T035207_20190406T035232_026664_02FE02_3AA5.SAFE,train
ow-0176,S1A_IW_GRDH_1SDV_20190406T035142_20190406T035207_026664_02FE02_BB0A.SAFE,train
ow-0177,S1A_IW_GRDH_1SDV_20190406T035207_20190406T035232_026664_02FE02_3AA5.SAFE;S1A_IW_GRDH_1SDV_20190406T035142_20190406T035207_026664_02FE02_BB0A.SAFE,train
ow-0178,S1A_IW_GRDH_1SDV_20190406T035207_20190406T035232_026664_02FE02_3AA5.SAFE,train
ow-0179,S1A_IW_GRDH_1SDV_20190406T035207_20190406T035232_026664_02FE02_3AA5.SAFE,train
ow-0180,S1A_IW_GRDH_1SDV_20190406T035232_20190406T035258_026664_02FE02_55D2.SAFE,train
ow-0181,S1B_IW_GRDH_1SDV_20190406T154032_20190406T154057_015688_01D6ED_B234.SAFE,train
ow-0182,S1B_IW_GRDH_1SDV_20190406T154032_20190406T154057_015688_01D6ED_B234.SAFE,train
ow-0183,S1B_IW_GRDH_1SDV_20190406T154032_20190406T154057_015688_01D6ED_B234.SAFE,train
ow-0184,S1B_IW_GRDH_1SDV_20190406T154032_20190406T154057_015688_01D6ED_B234.SAFE,train
ow-0185,S1B_IW_GRDH_1SDV_20190407T034259_20190407T034324_015695_01D728_6F12.SAFE,train
ow-0186,S1A_IW_GRDH_1SDV_20190408T033454_20190408T033519_026693_02FF08_729E.SAFE,train
ow-0187,S1A_IW_GRDH_1SDV_20190410T155702_20190410T155727_026730_030069_18D5.SAFE,train
ow-0188,S1A_IW_GRDH_1SDV_20190410T155702_20190410T155727_026730_030069_18D5.SAFE,train
ow-0192,S1B_IW_GRDH_1SDV_20190411T154836_20190411T154901_015761_01D947_D398.SAFE,train
ow-0193,S1B_IW_GRDH_1SDV_20190411T154836_20190411T154901_015761_01D947_D398.SAFE,train
ow-0194,S1B_IW_GRDH_1SDV_20190411T154836_20190411T154901_015761_01D947_D398.SAFE,train
ow-0195,S1B_IW_GRDH_1SDV_20190411T154836_20190411T154901_015761_01D947_D398.SAFE,train
ow-0196,S1B_IW_GRDH_1SDV_20190412T035105_20190412T035130_015768_01D985_01C9.SAFE,train
ow-0197,S1B_IW_GRDH_1SDV_20190412T035040_20190412T035105_015768_01D985_9F88.SAFE,train
ow-0198,S1B_IW_GRDH_1SDV_20190412T035105_20190412T035130_015768_01D985_01C9.SAFE,train
ow-0199,S1B_IW_GRDH_1SDV_20190412T035105_20190412T035130_015768_01D985_01C9.SAFE,train
ow-0200,S1B_IW_GRDH_1SDV_20190412T035105_20190412T035130_015768_01D985_01C9.SAFE,train
ow-0201,S1B_IW_GRDH_1SDV_20190412T035105_20190412T035130_015768_01D985_01C9.SAFE,train
ow-0202,S1B_IW_GRDH_1SDV_20190412T035105_20190412T035130_015768_01D985_01C9.SAFE,train
ow-0203,S1B_IW_GRDH_1SDV_20190412T035130_20190412T035155_015768_01D985_E914.SAFE,train
ow-0204,S1A_IW_GRDH_1SDV_20190412T154123_20190412T154148_026759_03016C_2C5E.SAFE,train
ow-0205,S1B_IW_GRDH_1SDV_20190416T155710_20190416T155735_015834_01DBB3_443C.SAFE,train
ow-0206,S1A_IW_GRDH_1SDV_20190422T155703_20190422T155728_026905_0306B7_01CA.SAFE,train
ow-0207,S1A_IW_GRDH_1SDV_20190422T155753_20190422T155818_026905_0306B7_9E35.SAFE,train
ow-0208,S1A_IW_GRDH_1SDV_20190423T040043_20190423T040108_026912_0306F7_63E0.SAFE;S1A_IW_GRDH_1SDV_20190423T040018_20190423T040043_026912_0306F7_E21A.SAFE,train
ow-0209,S1B_IW_GRDH_1SDV_20190423T154811_20190423T154836_015936_01DF14_D0D6.SAFE,train
ow-0210,S1B_IW_GRDH_1SDV_20190423T154811_20190423T154836_015936_01DF14_D0D6.SAFE,train
ow-0211,S1B_IW_GRDH_1SDV_20190423T154811_20190423T154836_015936_01DF14_D0D6.SAFE,train
ow-0212,S1B_IW_GRDH_1SDV_20190423T154811_20190423T154836_015936_01DF14_D0D6.SAFE,train
ow-0213,S1B_IW_GRDH_1SDV_20190423T154836_20190423T154901_015936_01DF14_E7F4.SAFE,train
ow-0214,S1B_IW_GRDH_1SDV_20190423T154836_20190423T154901_015936_01DF14_E7F4.SAFE,train
ow-0215,S1B_IW_GRDH_1SDV_20190423T154836_20190423T154901_015936_01DF14_E7F4.SAFE,train
ow-0217,S1A_IW_GRDH_1SDV_20190424T154123_20190424T154148_026934_0307C2_8DFF.SAFE,train
ow-0218,S1A_IW_GRDH_1SDV_20190425T034413_20190425T034438_026941_030806_CB88.SAFE;S1A_IW_GRDH_1SDV_20190425T034348_20190425T034413_026941_030806_FC8B.SAFE,train
ow-0219,S1A_IW_GRDH_1SDV_20190425T034323_20190425T034348_026941_030806_C553.SAFE,train
ow-0220,S1A_IW_GRDH_1SDV_20190425T034323_20190425T034348_026941_030806_C553.SAFE,train
ow-0221,S1A_IW_GRDH_1SDV_20190425T034348_20190425T034413_026941_030806_FC8B.SAFE,train
ow-0222,S1B_IW_GRDH_1SDV_20190426T033434_20190426T033459_015972_01E03C_59CB.SAFE;S1B_IW_GRDH_1SDV_20190426T033409_20190426T033434_015972_01E03C_2784.SAFE,train
ow-0223,S1A_IW_GRDH_1SDV_20190427T160515_20190427T160540_026978_03096D_9164.SAFE,train
ow-0224,S1A_IW_GRDH_1SDV_20190427T160515_20190427T160540_026978_03096D_9164.SAFE,train
ow-0225,S1B_IW_GRDH_1SDV_20190428T155611_20190428T155636_016009_01E182_C2CE.SAFE,train
ow-0227,S1B_IW_GRDH_1SDV_20190429T035851_20190429T035916_016016_01E1C8_1C16.SAFE,train
ow-0228,S1B_IW_GRDH_1SDV_20190429T035916_20190429T035941_016016_01E1C8_BA61.SAFE,train
ow-0229,S1A_IW_GRDH_1SDV_20190429T154927_20190429T154952_027007_030A73_C58E.SAFE,train
ow-0230,S1A_IW_GRDH_1SDV_20190429T154837_20190429T154902_027007_030A73_8C50.SAFE,train
ow-0231,S1A_IW_GRDH_1SDV_20190429T154837_20190429T154902_027007_030A73_8C50.SAFE,train
ow-0232,S1A_IW_GRDH_1SDV_20190429T154837_20190429T154902_027007_030A73_8C50.SAFE,train
ow-0233,S1A_IW_GRDH_1SDV_20190429T154902_20190429T154927_027007_030A73_CA6D.SAFE,train
ow-0234,S1A_IW_GRDH_1SDV_20190429T154902_20190429T154927_027007_030A73_CA6D.SAFE,train
ow-0235,S1A_IW_GRDH_1SDV_20190429T154902_20190429T154927_027007_030A73_CA6D.SAFE,train
ow-0236,S1A_IW_GRDH_1SDV_20190429T154902_20190429T154927_027007_030A73_CA6D.SAFE,train
ow-0237,S1A_IW_GRDH_1SDV_20190429T154902_20190429T154927_027007_030A73_CA6D.SAFE,train
ow-0238,S1A_IW_GRDH_1SDV_20190430T035208_20190430T035233_027014_030AB6_6298.SAFE,train
ow-0239,S1A_IW_GRDH_1SDV_20190430T035208_20190430T035233_027014_030AB6_6298.SAFE,train
ow-0240,S1A_IW_GRDH_1SDV_20190430T035233_20190430T035259_027014_030AB6_B4D3.SAFE;S1A_IW_GRDH_1SDV_20190430T035208_20190430T035233_027014_030AB6_6298.SAFE,train
ow-0241,S1A_IW_GRDH_1SDV_20190430T035233_20190430T035259_027014_030AB6_B4D3.SAFE;S1A_IW_GRDH_1SDV_20190430T035208_20190430T035233_027014_030AB6_6298.SAFE,train
ow-0242,S1A_IW_GRDH_1SDV_20190430T035233_20190430T035259_027014_030AB6_B4D3.SAFE,train
ow-0247,S1B_IW_GRDH_1SDV_20190501T034334_20190501T034359_016045_01E2CB_7F2B.SAFE;S1B_IW_GRDH_1SDV_20190501T034309_20190501T034334_016045_01E2CB_53B9.SAFE,train
ow-0248,S1B_IW_GRDH_1SDV_20190501T034334_20190501T034359_016045_01E2CB_7F2B.SAFE;S1B_IW_GRDH_1SDV_20190501T034309_20190501T034334_016045_01E2CB_53B9.SAFE,train
ow-0251,S1B_IW_GRDH_1SDV_20190505T154902_20190505T154927_016111_01E4F1_B729.SAFE;S1B_IW_GRDH_1SDV_20190505T154837_20190505T154902_016111_01E4F1_83FC.SAFE,train
ow-0255,S1B_IW_GRDH_1SDV_20190506T035131_20190506T035156_016118_01E530_855F.SAFE,train
ow-0256,S1A_IW_GRDH_1SDV_20190507T034323_20190507T034348_027116_030E69_EB1D.SAFE,train
ow-0261,S1B_IW_GRDH_1SDV_20190510T155642_20190510T155711_016184_01E73D_7764.SAFE,train
ow-0262,S1B_IW_GRDH_1SDV_20190510T155642_20190510T155711_016184_01E73D_7764.SAFE,train
ow-0263,S1B_IW_GRDH_1SDV_20190511T040006_20190511T040030_016191_01E77E_DF94.SAFE;S1B_IW_GRDH_1SDV_20190511T035941_20190511T040006_016191_01E77E_E4AA.SAFE,train
ow-0264,S1A_IW_GRDH_1SDV_20190511T154837_20190511T154902_027182_031070_1CA1.SAFE,train
ow-0271,S1B_IW_GRDH_1SDV_20190512T154033_20190512T154058_016213_01E833_AEAB.SAFE,train
ow-0272,S1B_IW_GRDH_1SDV_20190512T154033_20190512T154058_016213_01E833_AEAB.SAFE,train
ow-0274,S1B_IW_GRDH_1SDV_20190513T034334_20190513T034359_016220_01E86A_D898.SAFE,train
ow-0275,S1B_IW_GRDH_1SDV_20190513T034334_20190513T034359_016220_01E86A_D898.SAFE,train
ow-0276,S1B_IW_GRDH_1SDV_20190515T160431_20190515T160456_016257_01E988_22CD.SAFE,train
ow-0277,S1A_IW_GRDH_1SDV_20190516T155704_20190516T155729_027255_0312B7_4067.SAFE,train
ow-0278,S1A_IW_GRDH_1SDV_20190516T155704_20190516T155729_027255_0312B7_4067.SAFE,train
ow-0279,S1A_IW_GRDH_1SDV_20190516T155729_20190516T155754_027255_0312B7_C2C9.SAFE,train
ow-0280,S1A_IW_GRDH_1SDV_20190516T155729_20190516T155754_027255_0312B7_C2C9.SAFE,train
ow-0281,S1B_IW_GRDH_1SDV_20190518T035107_20190518T035132_016293_01EAA1_3D2D.SAFE,train
ow-0282,S1B_IW_GRDH_1SDV_20190518T035107_20190518T035132_016293_01EAA1_3D2D.SAFE,train
ow-0283,S1B_IW_GRDH_1SDV_20190518T035107_20190518T035132_016293_01EAA1_3D2D.SAFE,train
ow-0284,S1B_IW_GRDH_1SDV_20190518T035132_20190518T035157_016293_01EAA1_93CF.SAFE,train
ow-0285,S1B_IW_GRDH_1SDV_20190518T035132_20190518T035157_016293_01EAA1_93CF.SAFE,train
ow-0286,S1B_IW_GRDH_1SDV_20190518T035132_20190518T035157_016293_01EAA1_93CF.SAFE,train
ow-0287,S1B_IW_GRDH_1SDV_20190518T035132_20190518T035157_016293_01EAA1_93CF.SAFE,train
ow-0288,S1B_IW_GRDH_1SDV_20190518T035132_20190518T035157_016293_01EAA1_93CF.SAFE,train
ow-0289,S1A_IW_GRDH_1SDV_20190518T154059_20190518T154124_027284_03139E_2F70.SAFE;S1A_IW_GRDH_1SDV_20190518T154034_20190518T154059_027284_03139E_215A.SAFE,train
ow-0290,S1A_IW_GRDH_1SDV_20190518T154124_20190518T154149_027284_03139E_D17A.SAFE;S1A_IW_GRDH_1SDV_20190518T154059_20190518T154124_027284_03139E_2F70.SAFE,train
ow-0291,S1A_IW_GRDH_1SDV_20190518T154124_20190518T154149_027284_03139E_D17A.SAFE,train
ow-0294,S1A_IW_GRDH_1SDV_20190519T034414_20190519T034439_027291_0313E1_23BF.SAFE,train
ow-0298,S1B_IW_GRDH_1SDV_20190522T155643_20190522T155712_016359_01ECA7_4C33.SAFE,train
ow-0299,S1B_IW_GRDH_1SDV_20190522T155643_20190522T155712_016359_01ECA7_4C33.SAFE,train
ow-0300,S1B_IW_GRDH_1SDV_20190522T155643_20190522T155712_016359_01ECA7_4C33.SAFE,train
ow-0301,S1B_IW_GRDH_1SDV_20190522T155643_20190522T155712_016359_01ECA7_4C33.SAFE,train
ow-0302,S1B_IW_GRDH_1SDV_20190522T155643_20190522T155712_016359_01ECA7_4C33.SAFE,train
ow-0303,S1B_IW_GRDH_1SDV_20190522T155643_20190522T155712_016359_01ECA7_4C33.SAFE,train
ow-0304,S1B_IW_GRDH_1SDV_20190523T035942_20190523T040007_016366_01ECE8_9951.SAFE,train
ow-0305,S1B_IW_GRDH_1SDV_20190523T035942_20190523T040007_016366_01ECE8_9951.SAFE,train
ow-0306,S1B_IW_GRDH_1SDV_20190523T035942_20190523T040007_016366_01ECE8_9951.SAFE,train
ow-0307,S1B_IW_GRDH_1SDV_20190523T035942_20190523T040007_016366_01ECE8_9951.SAFE,train
ow-0308,S1A_IW_GRDH_1SDV_20190523T154838_20190523T154903_027357_0315EA_5427.SAFE,train
ow-0309,S1A_IW_GRDH_1SDV_20190523T154903_20190523T154928_027357_0315EA_95BE.SAFE,train
ow-0310,S1A_IW_GRDH_1SDV_20190524T035144_20190524T035209_027364_031625_287A.SAFE,train
ow-0311,S1A_IW_GRDH_1SDV_20190524T035144_20190524T035209_027364_031625_287A.SAFE,train
ow-0319,S1B_IW_GRDH_1SDV_20190524T154034_20190524T154059_016388_01ED9E_45F8.SAFE,train
ow-0320,S1B_IW_GRDH_1SDV_20190524T154034_20190524T154059_016388_01ED9E_45F8.SAFE,train
ow-0321,S1B_IW_GRDH_1SDV_20190524T154034_20190524T154059_016388_01ED9E_45F8.SAFE,train
ow-0324,S1B_IW_GRDH_1SDV_20190525T034335_20190525T034400_016395_01EDD2_0888.SAFE,train
ow-0325,S1B_IW_GRDH_1SDV_20190525T034335_20190525T034400_016395_01EDD2_0888.SAFE,train
ow-0326,S1B_IW_GRDH_1SDV_20190525T034335_20190525T034400_016395_01EDD2_0888.SAFE,train
ow-0329,S1A_IW_GRDH_1SDV_20190528T155705_20190528T155730_027430_03182C_0E32.SAFE,train
ow-0330,S1A_IW_GRDH_1SDV_20190528T155705_20190528T155730_027430_03182C_0E32.SAFE,train
ow-0335,S1A_IW_GRDH_1SDV_20190529T035954_20190529T040019_027437_031860_E8F6.SAFE,train
ow-0336,S1A_IW_GRDH_1SDV_20190529T035954_20190529T040019_027437_031860_E8F6.SAFE,train
ow-0337,S1A_IW_GRDH_1SDV_20190529T040019_20190529T040044_027437_031860_421A.SAFE,train
ow-0338,S1A_IW_GRDH_1SDV_20190529T040019_20190529T040044_027437_031860_421A.SAFE,train
ow-0339,S1A_IW_GRDH_1SDV_20190529T040019_20190529T040044_027437_031860_421A.SAFE,train
ow-0340,S1B_IW_GRDH_1SDV_20190529T154838_20190529T154903_016461_01EFC4_8B41.SAFE,train
ow-0354,S1A_IW_GRDH_1SDV_20190531T034325_20190531T034350_027466_031954_4726.SAFE,train
ow-0355,S1A_IW_GRDH_1SDV_20190531T034325_20190531T034350_027466_031954_4726.SAFE,train
ow-0356,S1A_IW_GRDH_1SDV_20190531T034325_20190531T034350_027466_031954_4726.SAFE,train
ow-0357,S1A_IW_GRDH_1SDV_20190531T034325_20190531T034350_027466_031954_4726.SAFE,train
ow-0358,S1A_IW_GRDH_1SDV_20190531T034325_20190531T034350_027466_031954_4726.SAFE,train
ow-0359,S1A_IW_GRDH_1SDV_20190531T034325_20190531T034350_027466_031954_4726.SAFE,train
ow-0360,S1A_IW_GRDH_1SDV_20190531T034350_20190531T034415_027466_031954_419E.SAFE,train
ow-0361,S1A_IW_GRDH_1SDV_20190531T034350_20190531T034415_027466_031954_419E.SAFE,train
ow-0362,S1A_IW_GRDH_1SDV_20190531T034350_20190531T034415_027466_031954_419E.SAFE,train
ow-0366,S1B_IW_GRDH_1SDV_20190603T155643_20190603T155712_016534_01F1F5_107F.SAFE,train
ow-0367,S1B_IW_GRDH_1SDV_20190603T155712_20190603T155737_016534_01F1F5_67D1.SAFE,train
ow-0368,S1B_IW_GRDH_1SDV_20190604T035918_20190604T035943_016541_01F237_3B25.SAFE,train
ow-0369,S1A_IW_GRDH_1SDV_20190604T154928_20190604T154953_027532_031B5A_1FA3.SAFE,train
ow-0371,S1B_IW_GRDH_1SDV_20190605T154035_20190605T154100_016563_01F2E3_849B.SAFE,train
ow-0372,S1B_IW_GRDH_1SDV_20190605T154035_20190605T154100_016563_01F2E3_849B.SAFE,train
ow-0373,S1B_IW_GRDH_1SDV_20190605T154035_20190605T154100_016563_01F2E3_849B.SAFE,train
ow-0374,S1B_IW_GRDH_1SDV_20190606T034246_20190606T034311_016570_01F315_F9B4.SAFE,train
ow-0375,S1A_IW_GRDH_1SDV_20190609T155730_20190609T155755_027605_031D91_51DD.SAFE,train
ow-0377,S1A_IW_GRDH_1SDV_20190610T040020_20190610T040045_027612_031DBE_747E.SAFE,train
ow-0378,S1A_IW_GRDH_1SDV_20190610T040020_20190610T040045_027612_031DBE_747E.SAFE,train
ow-0379,S1A_IW_GRDH_1SDV_20190610T040020_20190610T040045_027612_031DBE_747E.SAFE,train
ow-0380,S1A_IW_GRDH_1SDV_20190610T040020_20190610T040045_027612_031DBE_747E.SAFE,train
ow-0381,S1A_IW_GRDH_1SDV_20190610T040045_20190610T040110_027612_031DBE_F456.SAFE;S1A_IW_GRDH_1SDV_20190610T040020_20190610T040045_027612_031DBE_747E.SAFE,train
ow-0382,S1A_IW_GRDH_1SDV_20190610T040020_20190610T040045_027612_031DBE_747E.SAFE,train
ow-0383,S1A_IW_GRDH_1SDV_20190610T040045_20190610T040110_027612_031DBE_F456.SAFE;S1A_IW_GRDH_1SDV_20190610T040020_20190610T040045_027612_031DBE_747E.SAFE,train
ow-0384,S1A_IW_GRDH_1SDV_20190610T040045_20190610T040110_027612_031DBE_F456.SAFE;S1A_IW_GRDH_1SDV_20190610T040020_20190610T040045_027612_031DBE_747E.SAFE,train
ow-0385,S1A_IW_GRDH_1SDV_20190610T040045_20190610T040110_027612_031DBE_F456.SAFE,train
ow-0386,S1A_IW_GRDH_1SDV_20190610T040045_20190610T040110_027612_031DBE_F456.SAFE,train
ow-0387,S1A_IW_GRDH_1SDV_20190610T040045_20190610T040110_027612_031DBE_F456.SAFE,train
ow-0388,S1B_IW_GRDH_1SDV_20190610T154813_20190610T154838_016636_01F4FD_EE80.SAFE,train
ow-0389,S1B_IW_GRDH_1SDV_20190610T154813_20190610T154838_016636_01F4FD_EE80.SAFE;S1B_IW_GRDH_1SDV_20190610T154748_20190610T154813_016636_01F4FD_BBE4.SAFE,train
ow-0390,S1B_IW_GRDH_1SDV_20190610T154813_20190610T154838_016636_01F4FD_EE80.SAFE,train
ow-0391,S1B_IW_GRDH_1SDV_20190610T154813_20190610T154838_016636_01F4FD_EE80.SAFE,train
ow-0392,S1B_IW_GRDH_1SDV_20190610T154813_20190610T154838_016636_01F4FD_EE80.SAFE,train
ow-0393,S1B_IW_GRDH_1SDV_20190610T154813_20190610T154838_016636_01F4FD_EE80.SAFE,train
ow-0394,S1B_IW_GRDH_1SDV_20190610T154813_20190610T154838_016636_01F4FD_EE80.SAFE,train
ow-0395,S1B_IW_GRDH_1SDV_20190610T154813_20190610T154838_016636_01F4FD_EE80.SAFE,train
ow-0396,S1B_IW_GRDH_1SDV_20190610T154813_20190610T154838_016636_01F4FD_EE80.SAFE,train
ow-0397,S1B_IW_GRDH_1SDV_20190610T154813_20190610T154838_016636_01F4FD_EE80.SAFE,train
ow-0398,S1B_IW_GRDH_1SDV_20190610T154813_20190610T154838_016636_01F4FD_EE80.SAFE,train
ow-0399,S1B_IW_GRDH_1SDV_20190610T154813_20190610T154838_016636_01F4FD_EE80.SAFE,train
ow-0400,S1B_IW_GRDH_1SDV_20190610T154813_20190610T154838_016636_01F4FD_EE80.SAFE,train
ow-0401,S1B_IW_GRDH_1SDV_20190610T154813_20190610T154838_016636_01F4FD_EE80.SAFE,train
ow-0402,S1B_IW_GRDH_1SDV_20190610T154838_20190610T154903_016636_01F4FD_6C1D.SAFE,train
ow-0403,S1B_IW_GRDH_1SDV_20190610T154838_20190610T154903_016636_01F4FD_6C1D.SAFE,train
ow-0404,S1B_IW_GRDH_1SDV_20190610T154903_20190610T154928_016636_01F4FD_9997.SAFE,train
ow-0405,S1B_IW_GRDH_1SDV_20190610T154903_20190610T154928_016636_01F4FD_9997.SAFE,train
ow-0407,S1B_IW_GRDH_1SDV_20190611T035133_20190611T035158_016643_01F530_8193.SAFE,train
ow-0408,S1B_IW_GRDH_1SDV_20190611T035133_20190611T035158_016643_01F530_8193.SAFE,train
ow-0412,S1A_IW_GRDH_1SDV_20190612T034325_20190612T034350_027641_031EA9_55D4.SAFE,train
ow-0413,S1A_IW_GRDH_1SDV_20190612T034325_20190612T034350_027641_031EA9_55D4.SAFE,train
ow-0414,S1A_IW_GRDH_1SDV_20190612T034325_20190612T034350_027641_031EA9_55D4.SAFE,train
ow-0415,S1A_IW_GRDH_1SDV_20190612T034325_20190612T034350_027641_031EA9_55D4.SAFE,train
ow-0416,S1A_IW_GRDH_1SDV_20190612T034325_20190612T034350_027641_031EA9_55D4.SAFE,train
ow-0417,S1A_IW_GRDH_1SDV_20190612T034350_20190612T034415_027641_031EA9_1964.SAFE,train
ow-0418,S1A_IW_GRDH_1SDV_20190612T034350_20190612T034415_027641_031EA9_1964.SAFE,train
ow-0419,S1A_IW_GRDH_1SDV_20190612T034415_20190612T034440_027641_031EA9_6044.SAFE,train
ow-0420,S1B_IW_GRDH_1SDV_20190615T155613_20190615T155638_016709_01F729_3F2F.SAFE,train
ow-0421,S1B_IW_GRDH_1SDV_20190615T155613_20190615T155638_016709_01F729_3F2F.SAFE,train
ow-0422,S1B_IW_GRDH_1SDV_20190615T155613_20190615T155638_016709_01F729_3F2F.SAFE,train
ow-0423,S1B_IW_GRDH_1SDV_20190615T155644_20190615T155713_016709_01F72A_CB72.SAFE,train
ow-0427,S1B_IW_GRDH_1SDV_20190616T040008_20190616T040032_016716_01F766_6FBC.SAFE;S1B_IW_GRDH_1SDV_20190616T035943_20190616T040008_016716_01F766_771C.SAFE,train
ow-0428,S1A_IW_GRDH_1SDV_20190616T154904_20190616T154929_027707_0320A3_CB6F.SAFE,train
ow-0429,S1A_IW_GRDH_1SDV_20190617T035210_20190617T035235_027714_0320D5_307F.SAFE;S1A_IW_GRDH_1SDV_20190617T035145_20190617T035210_027714_0320D5_4009.SAFE,train
ow-0433,S1B_IW_GRDH_1SDV_20190617T154011_20190617T154036_016738_01F815_C47E.SAFE,train
ow-0434,S1B_IW_GRDH_1SDV_20190617T154036_20190617T154101_016738_01F815_6C83.SAFE,train
ow-0435,S1B_IW_GRDH_1SDV_20190617T154036_20190617T154101_016738_01F815_6C83.SAFE,train
ow-0436,S1B_IW_GRDH_1SDV_20190618T034246_20190618T034311_016745_01F848_4829.SAFE,train
ow-0438,S1A_IW_GRDH_1SDV_20190622T035955_20190622T040020_027787_0322FB_5391.SAFE,train
ow-0439,S1A_IW_GRDH_1SDV_20190622T035955_20190622T040020_027787_0322FB_5391.SAFE,train
ow-0440,S1A_IW_GRDH_1SDV_20190622T040045_20190622T040110_027787_0322FB_3F3F.SAFE,train
ow-0441,S1B_IW_GRDH_1SDV_20190622T154814_20190622T154839_016811_01FA2F_42DF.SAFE;S1B_IW_GRDH_1SDV_20190622T154749_20190622T154814_016811_01FA2F_09AC.SAFE,train
ow-0443,S1B_IW_GRDH_1SDV_20190622T154839_20190622T154904_016811_01FA2F_72AA.SAFE,train
ow-0444,S1B_IW_GRDH_1SDV_20190622T154839_20190622T154904_016811_01FA2F_72AA.SAFE,train
ow-0445,S1B_IW_GRDH_1SDV_20190622T154839_20190622T154904_016811_01FA2F_72AA.SAFE,train
ow-0446,S1B_IW_GRDH_1SDV_20190622T154839_20190622T154904_016811_01FA2F_72AA.SAFE,train
ow-0447,S1B_IW_GRDH_1SDV_20190623T035134_20190623T035159_016818_01FA62_D8E1.SAFE,train
ow-0450,S1B_IW_GRDH_1SDV_20190623T035134_20190623T035159_016818_01FA62_D8E1.SAFE,train
ow-0451,S1B_IW_GRDH_1SDV_20190623T035134_20190623T035159_016818_01FA62_D8E1.SAFE,train
ow-0452,S1B_IW_GRDH_1SDV_20190623T035134_20190623T035159_016818_01FA62_D8E1.SAFE,train
ow-0453,S1B_IW_GRDH_1SDV_20190623T035134_20190623T035159_016818_01FA62_D8E1.SAFE,train
ow-0454,S1B_IW_GRDH_1SDV_20190623T035134_20190623T035159_016818_01FA62_D8E1.SAFE,train
ow-0455,S1B_IW_GRDH_1SDV_20190623T035134_20190623T035159_016818_01FA62_D8E1.SAFE,train
ow-0456,S1B_IW_GRDH_1SDV_20190623T035134_20190623T035159_016818_01FA62_D8E1.SAFE,train
ow-0457,S1B_IW_GRDH_1SDV_20190623T035134_20190623T035159_016818_01FA62_D8E1.SAFE,train
ow-0468,S1A_IW_GRDH_1SDV_20190624T034416_20190624T034441_027816_0323DB_9B01.SAFE,train
ow-0469,S1A_IW_GRDH_1SDV_20190624T034416_20190624T034441_027816_0323DB_9B01.SAFE,train
ow-0470,S1A_IW_GRDH_1SDV_20190624T034416_20190624T034441_027816_0323DB_9B01.SAFE,train
ow-0472,S1B_IW_GRDH_1SDV_20190627T155614_20190627T155639_016884_01FC51_DE9E.SAFE,train
ow-0473,S1B_IW_GRDH_1SDV_20190627T155614_20190627T155639_016884_01FC51_DE9E.SAFE,train
ow-0474,S1B_IW_GRDH_1SDV_20190627T155714_20190627T155739_016884_01FC52_8DA3.SAFE,train
ow-0475,S1B_IW_GRDH_1SDV_20190628T035944_20190628T040009_016891_01FC8F_02B3.SAFE,train
ow-0476,S1B_IW_GRDH_1SDV_20190628T035944_20190628T040009_016891_01FC8F_02B3.SAFE,train
ow-0477,S1A_IW_GRDH_1SDV_20190701T033523_20190701T033548_027918_0326E9_06FF.SAFE,train
ow-0478,S1B_IW_GRDH_1SDV_20190702T160434_20190702T160459_016957_01FE80_B1B5.SAFE,train
ow-0479,S1B_IW_GRDH_1SDV_20190702T160434_20190702T160459_016957_01FE80_B1B5.SAFE,train
ow-0480,S1B_IW_GRDH_1SDV_20190702T160434_20190702T160459_016957_01FE80_B1B5.SAFE,train
ow-0481,S1B_IW_GRDH_1SDV_20190702T160434_20190702T160459_016957_01FE80_B1B5.SAFE,train
ow-0482,S1A_IW_GRDH_1SDV_20190704T040021_20190704T040046_027962_032842_407B.SAFE;S1A_IW_GRDH_1SDV_20190704T035956_20190704T040021_027962_032842_24F2.SAFE,train
ow-0483,S1A_IW_GRDH_1SDV_20190704T040021_20190704T040046_027962_032842_407B.SAFE,train
ow-0489,S1A_IW_GRDH_1SDV_20190705T154102_20190705T154127_027984_0328EF_8C32.SAFE,train
ow-0490,S1A_IW_GRDH_1SDV_20190705T154102_20190705T154127_027984_0328EF_8C32.SAFE,train
ow-0491,S1A_IW_GRDH_1SDV_20190705T154102_20190705T154127_027984_0328EF_8C32.SAFE,train
ow-0492,S1B_IW_GRDH_1SDV_20190709T155646_20190709T155715_017059_020187_97CC.SAFE,train
ow-0493,S1B_IW_GRDH_1SDV_20190709T155646_20190709T155715_017059_020187_97CC.SAFE,train
ow-0494,S1B_IW_GRDH_1SDV_20190709T155646_20190709T155715_017059_020187_97CC.SAFE,train
ow-0495,S1B_IW_GRDH_1SDV_20190710T035920_20190710T035945_017066_0201C0_98FA.SAFE,train
ow-0496,S1B_IW_GRDH_1SDV_20190710T035920_20190710T035945_017066_0201C0_98FA.SAFE,train
ow-0497,S1B_IW_GRDH_1SDV_20190710T035945_20190710T040010_017066_0201C0_A0D0.SAFE,train
ow-0498,S1A_IW_GRDH_1SDV_20190710T154840_20190710T154905_028057_032B2E_7C5C.SAFE,train
ow-0499,S1A_IW_GRDH_1SDV_20190710T154840_20190710T154905_028057_032B2E_7C5C.SAFE,train
ow-0500,S1A_IW_GRDH_1SDV_20190710T154840_20190710T154905_028057_032B2E_7C5C.SAFE,train
ow-0501,S1A_IW_GRDH_1SDV_20190710T154905_20190710T154930_028057_032B2E_E9D6.SAFE;S1A_IW_GRDH_1SDV_20190710T154840_20190710T154905_028057_032B2E_7C5C.SAFE,train
ow-0507,S1A_IW_GRDH_1SDV_20190711T035146_20190711T035211_028064_032B5E_C727.SAFE,train
ow-0508,S1A_IW_GRDH_1SDV_20190711T035211_20190711T035236_028064_032B5E_F1C5.SAFE,train
ow-0509,S1A_IW_GRDH_1SDV_20190711T035211_20190711T035236_028064_032B5E_F1C5.SAFE,train
ow-0510,S1A_IW_GRDH_1SDV_20190711T035211_20190711T035236_028064_032B5E_F1C5.SAFE,train
ow-0511,S1A_IW_GRDH_1SDV_20190711T035211_20190711T035236_028064_032B5E_F1C5.SAFE,train
ow-0512,S1A_IW_GRDH_1SDV_20190711T035211_20190711T035236_028064_032B5E_F1C5.SAFE,train
ow-0513,S1A_IW_GRDH_1SDV_20190711T035236_20190711T035303_028064_032B5E_B97C.SAFE;S1A_IW_GRDH_1SDV_20190711T035211_20190711T035236_028064_032B5E_F1C5.SAFE,train
ow-0515,S1A_IW_GRDH_1SDV_20190716T040022_20190716T040047_028137_032D90_2975.SAFE,train
ow-0516,S1A_IW_GRDH_1SDV_20190716T040022_20190716T040047_028137_032D90_2975.SAFE,train
ow-0517,S1A_IW_GRDH_1SDV_20190716T040022_20190716T040047_028137_032D90_2975.SAFE,train
ow-0518,S1B_IW_GRDH_1SDV_20190716T154816_20190716T154841_017161_020487_EEF7.SAFE,train
ow-0519,S1B_IW_GRDH_1SDV_20190716T154816_20190716T154841_017161_020487_EEF7.SAFE,train
ow-0520,S1B_IW_GRDH_1SDV_20190716T154816_20190716T154841_017161_020487_EEF7.SAFE,train
ow-0521,S1B_IW_GRDH_1SDV_20190716T154816_20190716T154841_017161_020487_EEF7.SAFE,train
ow-0522,S1B_IW_GRDH_1SDV_20190716T154816_20190716T154841_017161_020487_EEF7.SAFE,train
ow-0523,S1B_IW_GRDH_1SDV_20190716T154816_20190716T154841_017161_020487_EEF7.SAFE,train
ow-0524,S1B_IW_GRDH_1SDV_20190716T154816_20190716T154841_017161_020487_EEF7.SAFE,train
ow-0529,S1A_IW_GRDH_1SDV_20190718T034328_20190718T034353_028166_032E76_4818.SAFE,train
ow-0530,S1A_IW_GRDH_1SDV_20190718T034328_20190718T034353_028166_032E76_4818.SAFE,train
ow-0531,S1A_IW_GRDH_1SDV_20190718T034328_20190718T034353_028166_032E76_4818.SAFE,train
ow-0532,S1A_IW_GRDH_1SDV_20190718T034328_20190718T034353_028166_032E76_4818.SAFE,train
ow-0535,S1B_IW_GRDH_1SDV_20190722T035856_20190722T035921_017241_0206D7_728A.SAFE,train
ow-0536,S1B_IW_GRDH_1SDV_20190722T035946_20190722T040011_017241_0206D7_90B0.SAFE,train
ow-0537,S1B_IW_GRDH_1SDV_20190722T035946_20190722T040011_017241_0206D7_90B0.SAFE,train
ow-0538,S1A_IW_GRDH_1SDV_20190722T154906_20190722T154931_028232_033073_7CD0.SAFE,train
ow-0539,S1A_IW_GRDH_1SDV_20190722T154931_20190722T154956_028232_033073_685D.SAFE,train
ow-0540,S1A_IW_GRDH_1SDV_20190722T154931_20190722T154956_028232_033073_685D.SAFE,train
ow-0541,S1A_IW_GRDH_1SDV_20190723T035147_20190723T035212_028239_0330A7_B840.SAFE,train
ow-0542,S1A_IW_GRDH_1SDV_20190723T035147_20190723T035212_028239_0330A7_B840.SAFE,train
ow-0543,S1A_IW_GRDH_1SDV_20190723T035147_20190723T035212_028239_0330A7_B840.SAFE,train
ow-0544,S1A_IW_GRDH_1SDV_20190723T035147_20190723T035212_028239_0330A7_B840.SAFE,train
ow-0545,S1A_IW_GRDH_1SDV_20190723T035212_20190723T035237_028239_0330A7_A061.SAFE,train
ow-0546,S1A_IW_GRDH_1SDV_20190723T035212_20190723T035237_028239_0330A7_A061.SAFE,train
ow-0551,S1B_IW_GRDH_1SDV_20190724T034248_20190724T034313_017270_0207B2_7027.SAFE,train
ow-0552,S1B_IW_GRDH_1SDV_20190724T034338_20190724T034403_017270_0207B2_57DF.SAFE;S1B_IW_GRDH_1SDV_20190724T034313_20190724T034338_017270_0207B2_7A9C.SAFE,train
ow-0553,S1B_IW_GRDH_1SDV_20190724T034338_20190724T034403_017270_0207B2_57DF.SAFE,train
ow-0554,S1B_IW_GRDH_1SDV_20190724T034338_20190724T034403_017270_0207B2_57DF.SAFE,train
ow-0555,S1A_IW_GRDH_1SDV_20190727T155708_20190727T155733_028305_0332B2_BDB8.SAFE,train
ow-0556,S1B_IW_GRDH_1SDV_20190729T035111_20190729T035136_017343_0209D6_9017.SAFE,train
ow-0560,S1A_IW_GRDH_1SDV_20190729T154038_20190729T154103_028334_033394_F489.SAFE,train
ow-0561,S1A_IW_GRDH_1SDV_20190730T034328_20190730T034353_028341_0333D2_4C47.SAFE,train
ow-0562,S1A_IW_GRDH_1SDV_20190730T034328_20190730T034353_028341_0333D2_4C47.SAFE,train
ow-0563,S1A_IW_GRDH_1SDV_20190730T034328_20190730T034353_028341_0333D2_4C47.SAFE,train
ow-0567,S1A_IW_GRDH_1SDV_20190803T154842_20190803T154907_028407_0335C8_F8D0.SAFE,train
ow-0568,S1A_IW_GRDH_1SDV_20190803T154907_20190803T154932_028407_0335C8_EAC4.SAFE,train
ow-0569,S1A_IW_GRDH_1SDV_20190803T154907_20190803T154932_028407_0335C8_EAC4.SAFE,train
ow-0576,S1A_IW_GRDH_1SDV_20190806T033501_20190806T033526_028443_0336DB_6632.SAFE,train
ow-0578,S1A_IW_GRDH_1SDV_20190808T155709_20190808T155734_028480_033813_EBA6.SAFE,train
ow-0579,S1B_IW_GRDH_1SDV_20190810T035112_20190810T035137_017518_020F20_24E6.SAFE,train
ow-0581,S1B_IW_GRDH_1SDV_20190810T035137_20190810T035202_017518_020F20_E49F.SAFE,train
ow-0582,S1A_IW_GRDH_1SDV_20190811T034354_20190811T034419_028516_03394F_EA40.SAFE,train
ow-0583,S1A_IW_GRDH_1SDV_20190811T034354_20190811T034419_028516_03394F_EA40.SAFE,train
ow-0584,S1A_IW_GRDH_1SDV_20190811T034354_20190811T034419_028516_03394F_EA40.SAFE,train
ow-0585,S1A_IW_GRDH_1SDV_20190811T034354_20190811T034419_028516_03394F_EA40.SAFE,train
ow-0586,S1B_IW_GRDH_1SDV_20190814T155617_20190814T155642_017584_021133_82C5.SAFE,train
ow-0587,S1B_IW_GRDH_1SDV_20190814T155617_20190814T155642_017584_021133_82C5.SAFE,train
ow-0588,S1B_IW_GRDH_1SDV_20190814T155617_20190814T155642_017584_021133_82C5.SAFE,train
ow-0589,S1B_IW_GRDH_1SDV_20190814T155617_20190814T155642_017584_021133_82C5.SAFE,train
ow-0590,S1B_IW_GRDH_1SDV_20190814T155648_20190814T155717_017584_021134_3F1E.SAFE,train
ow-0596,S1A_IW_GRDH_1SDV_20190815T154933_20190815T154958_028582_033B99_4FE3.SAFE;S1A_IW_GRDH_1SDV_20190815T154908_20190815T154933_028582_033B99_01B4.SAFE,train
ow-0605,S1A_IW_GRDH_1SDV_20190816T035214_20190816T035239_028589_033BD4_B8FD.SAFE,train
ow-0606,S1A_IW_GRDH_1SDV_20190816T035214_20190816T035239_028589_033BD4_B8FD.SAFE,train
ow-0607,S1A_IW_GRDH_1SDV_20190816T035214_20190816T035239_028589_033BD4_B8FD.SAFE,train
ow-0608,S1A_IW_GRDH_1SDV_20190816T035214_20190816T035239_028589_033BD4_B8FD.SAFE,train
ow-0609,S1A_IW_GRDH_1SDV_20190816T035214_20190816T035239_028589_033BD4_B8FD.SAFE,train
ow-0610,S1A_IW_GRDH_1SDV_20190816T035214_20190816T035239_028589_033BD4_B8FD.SAFE,train
ow-0613,S1B_IW_GRDH_1SDV_20190816T154039_20190816T154104_017613_02122C_F471.SAFE,train
ow-0616,S1A_IW_GRDH_1SDV_20190817T153318_20190817T153343_028611_033C8A_7F09.SAFE,train
ow-0618,S1A_IW_GRDH_1SDV_20190820T155710_20190820T155735_028655_033E24_AFFA.SAFE,train
ow-0619,S1A_IW_GRDH_1SDV_20190820T155710_20190820T155735_028655_033E24_AFFA.SAFE,train
ow-0620,S1A_IW_GRDH_1SDV_20190820T155710_20190820T155735_028655_033E24_AFFA.SAFE,train
ow-0621,S1A_IW_GRDH_1SDV_20190820T155710_20190820T155735_028655_033E24_AFFA.SAFE,train
ow-0622,S1A_IW_GRDH_1SDV_20190820T155710_20190820T155735_028655_033E24_AFFA.SAFE,train
ow-0623,S1A_IW_GRDH_1SDV_20190820T155710_20190820T155735_028655_033E24_AFFA.SAFE,train
ow-0624,S1A_IW_GRDH_1SDV_20190820T155710_20190820T155735_028655_033E24_AFFA.SAFE,train
ow-0625,S1A_IW_GRDH_1SDV_20190820T155710_20190820T155735_028655_033E24_AFFA.SAFE,train
ow-0626,S1A_IW_GRDH_1SDV_20190820T155710_20190820T155735_028655_033E24_AFFA.SAFE,train
ow-0629,S1A_IW_GRDH_1SDV_20190821T040024_20190821T040049_028662_033E63_3BDB.SAFE,train
ow-0630,S1A_IW_GRDH_1SDV_20190821T040024_20190821T040049_028662_033E63_3BDB.SAFE;S1A_IW_GRDH_1SDV_20190821T035959_20190821T040024_028662_033E63_F003.SAFE,train
ow-0631,S1A_IW_GRDH_1SDV_20190821T040024_20190821T040049_028662_033E63_3BDB.SAFE,train
ow-0632,S1A_IW_GRDH_1SDV_20190821T040024_20190821T040049_028662_033E63_3BDB.SAFE,train
ow-0633,S1A_IW_GRDH_1SDV_20190821T040024_20190821T040049_028662_033E63_3BDB.SAFE,train
ow-0634,S1B_IW_GRDH_1SDV_20190821T154818_20190821T154843_017686_021461_4D57.SAFE;S1B_IW_GRDH_1SDV_20190821T154753_20190821T154818_017686_021461_7713.SAFE,train
ow-0635,S1B_IW_GRDH_1SDV_20190821T154818_20190821T154843_017686_021461_4D57.SAFE;S1B_IW_GRDH_1SDV_20190821T154753_20190821T154818_017686_021461_7713.SAFE,train
ow-0636,S1B_IW_GRDH_1SDV_20190821T154818_20190821T154843_017686_021461_4D57.SAFE,train
ow-0637,S1B_IW_GRDH_1SDV_20190821T154818_20190821T154843_017686_021461_4D57.SAFE,train
ow-0638,S1B_IW_GRDH_1SDV_20190821T154818_20190821T154843_017686_021461_4D57.SAFE,train
ow-0639,S1B_IW_GRDH_1SDV_20190821T154818_20190821T154843_017686_021461_4D57.SAFE,train
ow-0640,S1B_IW_GRDH_1SDV_20190821T154818_20190821T154843_017686_021461_4D57.SAFE,train
ow-0641,S1B_IW_GRDH_1SDV_20190821T154818_20190821T154843_017686_021461_4D57.SAFE,train
ow-0642,S1B_IW_GRDH_1SDV_20190821T154818_20190821T154843_017686_021461_4D57.SAFE,train
ow-0643,S1B_IW_GRDH_1SDV_20190821T154818_20190821T154843_017686_021461_4D57.SAFE,train
ow-0644,S1B_IW_GRDH_1SDV_20190821T154818_20190821T154843_017686_021461_4D57.SAFE,train
ow-0645,S1B_IW_GRDH_1SDV_20190821T154818_20190821T154843_017686_021461_4D57.SAFE,train
ow-0646,S1B_IW_GRDH_1SDV_20190821T154843_20190821T154908_017686_021461_5471.SAFE,train
ow-0647,S1B_IW_GRDH_1SDV_20190822T035137_20190822T035202_017693_021497_9677.SAFE,train
ow-0648,S1B_IW_GRDH_1SDV_20190822T035047_20190822T035112_017693_021497_D54D.SAFE,train
ow-0649,S1B_IW_GRDH_1SDV_20190822T035137_20190822T035202_017693_021497_9677.SAFE,train
ow-0650,S1B_IW_GRDH_1SDV_20190822T035137_20190822T035202_017693_021497_9677.SAFE,train
ow-0651,S1B_IW_GRDH_1SDV_20190822T035137_20190822T035202_017693_021497_9677.SAFE,train
ow-0652,S1B_IW_GRDH_1SDV_20190822T035137_20190822T035202_017693_021497_9677.SAFE,train
ow-0653,S1B_IW_GRDH_1SDV_20190822T035137_20190822T035202_017693_021497_9677.SAFE,train
ow-0654,S1A_IW_GRDH_1SDV_20190822T154130_20190822T154155_028684_033F1B_7F0B.SAFE;S1A_IW_GRDH_1SDV_20190822T154105_20190822T154130_028684_033F1B_0C45.SAFE,train
ow-0656,S1A_IW_GRDH_1SDV_20190823T034330_20190823T034355_028691_033F57_A0BF.SAFE,train
ow-0657,S1B_IW_GRDH_1SDV_20190823T153225_20190823T153250_017715_021546_92F3.SAFE,train
ow-0659,S1A_IW_GRDH_1SDV_20190825T160521_20190825T160546_028728_0340B1_6F50.SAFE,train
ow-0663,S1B_IW_GRDH_1SDV_20190826T155648_20190826T155717_017759_0216AE_9BBB.SAFE,train
ow-0666,S1B_IW_GRDH_1SDV_20190827T035948_20190827T040013_017766_0216ED_1CA7.SAFE;S1B_IW_GRDH_1SDV_20190827T035923_20190827T035948_017766_0216ED_BD5D.SAFE,train
ow-0667,S1B_IW_GRDH_1SDV_20190827T035948_20190827T040013_017766_0216ED_1CA7.SAFE,train
ow-0668,S1B_IW_GRDH_1SDV_20190827T035948_20190827T040013_017766_0216ED_1CA7.SAFE,train
ow-0669,S1B_IW_GRDH_1SDV_20190827T035948_20190827T040013_017766_0216ED_1CA7.SAFE,train
ow-0670,S1A_IW_GRDH_1SDV_20190827T154843_20190827T154908_028757_0341B2_CC65.SAFE,train
ow-0671,S1A_IW_GRDH_1SDV_20190827T154843_20190827T154908_028757_0341B2_CC65.SAFE,train
ow-0672,S1A_IW_GRDH_1SDV_20190827T154908_20190827T154933_028757_0341B2_83CA.SAFE;S1A_IW_GRDH_1SDV_20190827T154843_20190827T154908_028757_0341B2_CC65.SAFE,train
ow-0673,S1A_IW_GRDH_1SDV_20190827T154908_20190827T154933_028757_0341B2_83CA.SAFE,train
ow-0674,S1A_IW_GRDH_1SDV_20190827T154908_20190827T154933_028757_0341B2_83CA.SAFE,train
ow-0675,S1A_IW_GRDH_1SDV_20190827T154933_20190827T154958_028757_0341B2_F67F.SAFE,train
ow-0689,S1B_IW_GRDH_1SDV_20190828T154015_20190828T154040_017788_02179A_FD13.SAFE,train
ow-0692,S1A_IW_GRDH_1SDV_20190901T155710_20190901T155735_028830_03443E_9738.SAFE,train
ow-0693,S1A_IW_GRDH_1SDV_20190902T040000_20190902T040025_028837_03447B_F32D.SAFE;S1A_IW_GRDH_1SDV_20190902T035935_20190902T040000_028837_03447B_7C6D.SAFE,train
ow-0695,S1B_IW_GRDH_1SDV_20190903T035138_20190903T035203_017868_021A04_85C3.SAFE,train
ow-0696,S1A_IW_GRDH_1SDV_20190903T154040_20190903T154105_028859_034535_9212.SAFE,train
ow-0706,S1A_IW_GRDH_1SDV_20190909T035215_20190909T035240_028939_034806_84EA.SAFE,train
ow-0707,S1B_IW_GRDH_1SDV_20190910T034226_20190910T034251_017970_021D4F_6F7A.SAFE,train
ow-0708,S1B_IW_GRDH_1SDV_20190910T034251_20190910T034316_017970_021D4F_07F7.SAFE,train
ow-0709,S1B_IW_GRDH_1SDV_20190912T160438_20190912T160503_018007_021E66_0739.SAFE,train
ow-0710,S1A_IW_GRDH_1SDV_20190913T155711_20190913T155736_029005_034A50_BA8D.SAFE,train
ow-0718,S1B_IW_GRDH_1SDV_20190921T154041_20190921T154106_018138_022283_3509.SAFE,train
ow-0719,S1B_IW_GRDH_1SDV_20190921T154041_20190921T154106_018138_022283_3509.SAFE,train
ow-0720,S1A_IW_GRDH_1SDV_20190925T155712_20190925T155737_029180_035045_0057.SAFE,train
ow-0721,S1A_IW_GRDH_1SDV_20190925T155712_20190925T155737_029180_035045_0057.SAFE,train
ow-0722,S1A_IW_GRDH_1SDV_20190925T155712_20190925T155737_029180_035045_0057.SAFE,train
ow-0723,S1A_IW_GRDH_1SDV_20190925T155712_20190925T155737_029180_035045_0057.SAFE,train
ow-0724,S1A_IW_GRDH_1SDV_20190925T155712_20190925T155737_029180_035045_0057.SAFE,train
ow-0725,S1A_IW_GRDH_1SDV_20190925T155712_20190925T155737_029180_035045_0057.SAFE,train
ow-0726,S1A_IW_GRDH_1SDV_20190925T155712_20190925T155737_029180_035045_0057.SAFE,train
ow-0727,S1A_IW_GRDH_1SDV_20190925T155712_20190925T155737_029180_035045_0057.SAFE,train
ow-0728,S1A_IW_GRDH_1SDV_20190925T155712_20190925T155737_029180_035045_0057.SAFE,train
ow-0730,S1A_IW_GRDH_1SDV_20190926T040026_20190926T040051_029187_035080_F816.SAFE,train
ow-0731,S1A_IW_GRDH_1SDV_20190926T040026_20190926T040051_029187_035080_F816.SAFE,train
ow-0732,S1A_IW_GRDH_1SDV_20190926T040026_20190926T040051_029187_035080_F816.SAFE,train
ow-0735,S1B_IW_GRDH_1SDV_20190926T154820_20190926T154845_018211_0224A2_1533.SAFE,train
ow-0736,S1B_IW_GRDH_1SDV_20190926T154820_20190926T154845_018211_0224A2_1533.SAFE,train
ow-0737,S1B_IW_GRDH_1SDV_20190926T154820_20190926T154845_018211_0224A2_1533.SAFE,train
ow-0738,S1B_IW_GRDH_1SDV_20190926T154820_20190926T154845_018211_0224A2_1533.SAFE,train
ow-0739,S1B_IW_GRDH_1SDV_20190926T154820_20190926T154845_018211_0224A2_1533.SAFE,train
ow-0740,S1B_IW_GRDH_1SDV_20190927T035114_20190927T035139_018218_0224DC_067F.SAFE,train
ow-0741,S1B_IW_GRDH_1SDV_20190927T035114_20190927T035139_018218_0224DC_067F.SAFE,train
ow-0742,S1B_IW_GRDH_1SDV_20190927T035139_20190927T035204_018218_0224DC_E6A4.SAFE,train
ow-0743,S1A_IW_GRDH_1SDV_20190927T154107_20190927T154132_029209_035141_8445.SAFE,train
ow-0744,S1A_IW_GRDH_1SDV_20190927T154107_20190927T154132_029209_035141_8445.SAFE,train
ow-0747,S1A_IW_GRDH_1SDV_20190928T034331_20190928T034356_029216_035188_442B.SAFE,train
ow-0748,S1A_IW_GRDH_1SDV_20190928T034331_20190928T034356_029216_035188_442B.SAFE,train
ow-0749,S1A_IW_GRDH_1SDV_20190928T034331_20190928T034356_029216_035188_442B.SAFE,train
ow-0750,S1A_IW_GRDH_1SDV_20190928T034331_20190928T034356_029216_035188_442B.SAFE,train
ow-0751,S1A_IW_GRDH_1SDV_20190928T034331_20190928T034356_029216_035188_442B.SAFE,train
ow-0760,S1B_IW_GRDH_1SDV_20191001T155650_20191001T155719_018284_0226F3_A521.SAFE,train
ow-0761,S1B_IW_GRDH_1SDV_20191001T155650_20191001T155719_018284_0226F3_A521.SAFE,train
ow-0772,S1A_IW_GRDH_1SDV_20191002T154910_20191002T154935_029282_0353D1_55BD.SAFE;S1A_IW_GRDH_1SDV_20191002T154845_20191002T154910_029282_0353D1_FBA2.SAFE,train
ow-0773,S1A_IW_GRDH_1SDV_20191002T154910_20191002T154935_029282_0353D1_55BD.SAFE,train
ow-0774,S1A_IW_GRDH_1SDV_20191002T154910_20191002T154935_029282_0353D1_55BD.SAFE,train
ow-0779,S1B_IW_GRDH_1SDV_20191003T154016_20191003T154041_018313_0227F5_C52B.SAFE,train
ow-0780,S1B_IW_GRDH_1SDV_20191003T154016_20191003T154041_018313_0227F5_C52B.SAFE,train
ow-0781,S1B_IW_GRDH_1SDV_20191003T154016_20191003T154041_018313_0227F5_C52B.SAFE,train
ow-0783,S1B_IW_GRDH_1SDV_20191004T034252_20191004T034317_018320_02282B_B1FB.SAFE,train
ow-0784,S1A_IW_GRDH_1SDV_20191007T155712_20191007T155737_029355_035652_8FCF.SAFE,train
ow-0785,S1A_IW_GRDH_1SDV_20191007T155712_20191007T155737_029355_035652_8FCF.SAFE,train
ow-0786,S1A_IW_GRDH_1SDV_20191007T155712_20191007T155737_029355_035652_8FCF.SAFE,train
ow-0787,S1A_IW_GRDH_1SDV_20191007T155712_20191007T155737_029355_035652_8FCF.SAFE,train
ow-0788,S1A_IW_GRDH_1SDV_20191007T155712_20191007T155737_029355_035652_8FCF.SAFE,train
ow-0789,S1A_IW_GRDH_1SDV_20191008T040026_20191008T040051_029362_03568A_5355.SAFE,train
ow-0790,S1A_IW_GRDH_1SDV_20191008T040026_20191008T040051_029362_03568A_5355.SAFE,train
ow-0791,S1A_IW_GRDH_1SDV_20191008T040026_20191008T040051_029362_03568A_5355.SAFE,train
ow-0792,S1A_IW_GRDH_1SDV_20191008T040026_20191008T040051_029362_03568A_5355.SAFE,train
ow-0793,S1A_IW_GRDH_1SDV_20191008T040026_20191008T040051_029362_03568A_5355.SAFE,train
ow-0794,S1A_IW_GRDH_1SDV_20191008T040026_20191008T040051_029362_03568A_5355.SAFE,train
ow-0795,S1B_IW_GRDH_1SDV_20191008T154819_20191008T154844_018386_022A2C_14D5.SAFE,train
ow-0796,S1B_IW_GRDH_1SDV_20191008T154819_20191008T154844_018386_022A2C_14D5.SAFE,train
ow-0797,S1B_IW_GRDH_1SDV_20191008T154844_20191008T154909_018386_022A2C_1FB0.SAFE,train
ow-0798,S1B_IW_GRDH_1SDV_20191008T154844_20191008T154909_018386_022A2C_1FB0.SAFE,train
ow-0800,S1B_IW_GRDH_1SDV_20191009T035139_20191009T035204_018393_022A5F_383D.SAFE;S1B_IW_GRDH_1SDV_20191009T035114_20191009T035139_018393_022A5F_B79F.SAFE,train
ow-0806,S1A_IW_GRDH_1SDV_20191010T034331_20191010T034356_029391_035788_7CA8.SAFE,train
ow-0807,S1A_IW_GRDH_1SDV_20191010T034331_20191010T034356_029391_035788_7CA8.SAFE,train
ow-0808,S1A_IW_GRDH_1SDV_20191010T034356_20191010T034421_029391_035788_FA04.SAFE,train
ow-0809,S1A_IW_GRDH_1SDV_20191012T160523_20191012T160548_029428_0358E2_98C4.SAFE,train
ow-0810,S1B_IW_GRDH_1SDV_20191013T155650_20191013T155719_018459_022C6B_606D.SAFE,train
ow-0811,S1B_IW_GRDH_1SDV_20191013T155650_20191013T155719_018459_022C6B_606D.SAFE,train
ow-0812,S1B_IW_GRDH_1SDV_20191013T155650_20191013T155719_018459_022C6B_606D.SAFE,train
ow-0813,S1B_IW_GRDH_1SDV_20191014T035949_20191014T040014_018466_022CAA_1046.SAFE,train
ow-0814,S1B_IW_GRDH_1SDV_20191014T035949_20191014T040014_018466_022CAA_1046.SAFE,train
ow-0815,S1A_IW_GRDH_1SDV_20191014T154845_20191014T154910_029457_0359DE_D1AE.SAFE,train
ow-0816,S1A_IW_GRDH_1SDV_20191014T154845_20191014T154910_029457_0359DE_D1AE.SAFE,train
ow-0817,S1A_IW_GRDH_1SDV_20191014T154845_20191014T154910_029457_0359DE_D1AE.SAFE,train
ow-0818,S1A_IW_GRDH_1SDV_20191014T154845_20191014T154910_029457_0359DE_D1AE.SAFE,train
ow-0819,S1A_IW_GRDH_1SDV_20191014T154845_20191014T154910_029457_0359DE_D1AE.SAFE,train
ow-0820,S1A_IW_GRDH_1SDV_20191014T154845_20191014T154910_029457_0359DE_D1AE.SAFE,train
ow-0821,S1A_IW_GRDH_1SDV_20191014T154910_20191014T154935_029457_0359DE_77C2.SAFE;S1A_IW_GRDH_1SDV_20191014T154845_20191014T154910_029457_0359DE_D1AE.SAFE,train
ow-0823,S1A_IW_GRDH_1SDV_20191015T035151_20191015T035216_029464_035A19_9D38.SAFE,train
ow-0824,S1A_IW_GRDH_1SDV_20191015T035216_20191015T035241_029464_035A19_207B.SAFE,train
ow-0825,S1A_IW_GRDH_1SDV_20191015T035216_20191015T035241_029464_035A19_207B.SAFE,train
ow-0826,S1A_IW_GRDH_1SDV_20191015T035216_20191015T035241_029464_035A19_207B.SAFE,train
ow-0827,S1A_IW_GRDH_1SDV_20191019T155737_20191019T155802_029530_035C5B_E72A.SAFE;S1A_IW_GRDH_1SDV_20191019T155712_20191019T155737_029530_035C5B_D123.SAFE,train
ow-0828,S1A_IW_GRDH_1SDV_20191019T155712_20191019T155737_029530_035C5B_D123.SAFE,train
ow-0829,S1A_IW_GRDH_1SDV_20191019T155712_20191019T155737_029530_035C5B_D123.SAFE,train
ow-0830,S1A_IW_GRDH_1SDV_20191019T155712_20191019T155737_029530_035C5B_D123.SAFE,train
ow-0831,S1A_IW_GRDH_1SDV_20191019T155712_20191019T155737_029530_035C5B_D123.SAFE,train
ow-0832,S1A_IW_GRDH_1SDV_20191019T155712_20191019T155737_029530_035C5B_D123.SAFE,train
ow-0833,S1A_IW_GRDH_1SDV_20191019T155712_20191019T155737_029530_035C5B_D123.SAFE,train
ow-0835,S1A_IW_GRDH_1SDV_20191020T040001_20191020T040026_029537_035C98_67D9.SAFE,train
ow-0836,S1A_IW_GRDH_1SDV_20191020T040001_20191020T040026_029537_035C98_67D9.SAFE,train
ow-0837,S1A_IW_GRDH_1SDV_20191020T040026_20191020T040051_029537_035C98_A5AA.SAFE;S1A_IW_GRDH_1SDV_20191020T040001_20191020T040026_029537_035C98_67D9.SAFE,train
ow-0839,S1A_IW_GRDH_1SDV_20191020T040051_20191020T040116_029537_035C98_7D16.SAFE,train
ow-0847,S1B_IW_GRDH_1SDV_20191020T154845_20191020T154910_018561_022F8C_7ECC.SAFE,train
ow-0848,S1B_IW_GRDH_1SDV_20191020T154845_20191020T154910_018561_022F8C_7ECC.SAFE,train
ow-0851,S1B_IW_GRDH_1SDV_20191021T035114_20191021T035139_018568_022FC0_0980.SAFE,train
ow-0852,S1B_IW_GRDH_1SDV_20191021T035114_20191021T035139_018568_022FC0_0980.SAFE,train
ow-0853,S1B_IW_GRDH_1SDV_20191021T035114_20191021T035139_018568_022FC0_0980.SAFE,train
ow-0854,S1B_IW_GRDH_1SDV_20191021T035114_20191021T035139_018568_022FC0_0980.SAFE,train
ow-0855,S1B_IW_GRDH_1SDV_20191021T035114_20191021T035139_018568_022FC0_0980.SAFE,train
ow-0862,S1A_IW_GRDH_1SDV_20191022T034331_20191022T034356_029566_035D93_9262.SAFE,train
ow-0863,S1A_IW_GRDH_1SDV_20191022T034331_20191022T034356_029566_035D93_9262.SAFE,train
ow-0864,S1A_IW_GRDH_1SDV_20191022T034356_20191022T034421_029566_035D93_FD78.SAFE,train
ow-0865,S1A_IW_GRDH_1SDV_20191022T034356_20191022T034421_029566_035D93_FD78.SAFE,train
ow-0866,S1A_IW_GRDH_1SDV_20191022T034356_20191022T034421_029566_035D93_FD78.SAFE,train
ow-0867,S1A_IW_GRDH_1SDV_20191022T034356_20191022T034421_029566_035D93_FD78.SAFE,train
ow-0868,S1A_IW_GRDH_1SDV_20191022T034356_20191022T034421_029566_035D93_FD78.SAFE,train
ow-0870,S1A_IW_GRDH_1SDV_20191027T035216_20191027T035241_029639_036018_3127.SAFE,train
ow-0871,S1B_IW_GRDH_1SDV_20191027T154016_20191027T154041_018663_0232BF_6EB7.SAFE;S1B_IW_GRDH_1SDV_20191027T153951_20191027T154016_018663_0232BF_BE84.SAFE,train
ow-0872,S1B_IW_GRDH_1SDV_20191027T154041_20191027T154106_018663_0232BF_0AC1.SAFE,train
ow-0873,S1B_IW_GRDH_1SDV_20191030T160439_20191030T160504_018707_023425_6ED4.SAFE,train
ow-0874,S1B_IW_GRDH_1SDV_20191030T160439_20191030T160504_018707_023425_6ED4.SAFE,train
ow-0879,S1A_IW_GRDH_1SDV_20191101T040026_20191101T040051_029712_0362AE_90E1.SAFE,train
ow-0882,S1A_IW_GRDH_1SDV_20191101T040026_20191101T040051_029712_0362AE_90E1.SAFE,train
ow-0883,S1A_IW_GRDH_1SDV_20191101T040026_20191101T040051_029712_0362AE_90E1.SAFE,train
ow-0884,S1A_IW_GRDH_1SDV_20191101T040026_20191101T040051_029712_0362AE_90E1.SAFE,train
ow-0886,S1B_IW_GRDH_1SDV_20191101T154819_20191101T154844_018736_023509_FDE8.SAFE,train
ow-0887,S1B_IW_GRDH_1SDV_20191101T154819_20191101T154844_018736_023509_FDE8.SAFE,train
ow-0888,S1B_IW_GRDH_1SDV_20191101T154819_20191101T154844_018736_023509_FDE8.SAFE,train
ow-0889,S1B_IW_GRDH_1SDV_20191101T154819_20191101T154844_018736_023509_FDE8.SAFE,train
ow-0890,S1B_IW_GRDH_1SDV_20191101T154844_20191101T154909_018736_023509_B3BF.SAFE,train
ow-0892,S1A_IW_GRDH_1SDV_20191103T034332_20191103T034357_029741_0363B0_BB8A.SAFE,train
ow-0893,S1A_IW_GRDH_1SDV_20191103T034332_20191103T034357_029741_0363B0_BB8A.SAFE,train
ow-0894,S1A_IW_GRDH_1SDV_20191103T034332_20191103T034357_029741_0363B0_BB8A.SAFE,train
ow-0895,S1A_IW_GRDH_1SDV_20191103T034332_20191103T034357_029741_0363B0_BB8A.SAFE,train
ow-0896,S1A_IW_GRDH_1SDV_20191103T034332_20191103T034357_029741_0363B0_BB8A.SAFE,train
ow-0897,S1A_IW_GRDH_1SDV_20191103T034332_20191103T034357_029741_0363B0_BB8A.SAFE,train
ow-0898,S1A_IW_GRDH_1SDV_20191103T034332_20191103T034357_029741_0363B0_BB8A.SAFE,train
ow-0901,S1A_IW_GRDH_1SDV_20191103T034422_20191103T034447_029741_0363B0_D43F.SAFE;S1A_IW_GRDH_1SDV_20191103T034357_20191103T034422_029741_0363B0_2903.SAFE,train
ow-0903,S1B_IW_GRDH_1SDV_20191107T035924_20191107T035949_018816_0237A1_36B3.SAFE,train
ow-0904,S1B_IW_GRDH_1SDV_20191107T040014_20191107T040038_018816_0237A1_5A6C.SAFE;S1B_IW_GRDH_1SDV_20191107T035949_20191107T040014_018816_0237A1_D0B6.SAFE,train
ow-0905,S1A_IW_GRDH_1SDV_20191107T154845_20191107T154910_029807_03660E_0E71.SAFE,train
ow-0906,S1A_IW_GRDH_1SDV_20191107T154845_20191107T154910_029807_03660E_0E71.SAFE,train
ow-0908,S1A_IW_GRDH_1SDV_20191108T035216_20191108T035241_029814_03664C_228F.SAFE,train
ow-0909,S1B_IW_GRDH_1SDV_20191108T154041_20191108T154106_018838_023867_3795.SAFE,train
ow-0911,S1B_IW_GRDH_1SDV_20191108T154016_20191108T154041_018838_023867_C951.SAFE,train
ow-0912,S1B_IW_GRDH_1SDV_20191109T034252_20191109T034317_018845_0238A3_587D.SAFE,train
ow-0913,S1B_IW_GRDH_1SDV_20191109T034252_20191109T034317_018845_0238A3_587D.SAFE,train
ow-0914,S1B_IW_GRDH_1SDV_20191109T034252_20191109T034317_018845_0238A3_587D.SAFE,train
ow-0917,S1B_IW_GRDH_1SDV_20191113T154820_20191113T154845_018911_023AAD_38BC.SAFE,train
ow-0918,S1B_IW_GRDH_1SDV_20191113T154820_20191113T154845_018911_023AAD_38BC.SAFE,train
ow-0919,S1B_IW_GRDH_1SDV_20191113T154820_20191113T154845_018911_023AAD_38BC.SAFE,train
ow-0920,S1B_IW_GRDH_1SDV_20191114T035114_20191114T035139_018918_023AE4_A4DF.SAFE,train
ow-0921,S1B_IW_GRDH_1SDV_20191114T035139_20191114T035204_018918_023AE4_06B2.SAFE,train
ow-0922,S1B_IW_GRDH_1SDV_20191114T035139_20191114T035204_018918_023AE4_06B2.SAFE,train
ow-0923,S1B_IW_GRDH_1SDV_20191114T035139_20191114T035204_018918_023AE4_06B2.SAFE,train
ow-0924,S1B_IW_GRDH_1SDV_20191114T035139_20191114T035204_018918_023AE4_06B2.SAFE,train
ow-0925,S1B_IW_GRDH_1SDV_20191114T035139_20191114T035204_018918_023AE4_06B2.SAFE,train
ow-0926,S1B_IW_GRDH_1SDV_20191114T035139_20191114T035204_018918_023AE4_06B2.SAFE,train
ow-0927,S1B_IW_GRDH_1SDV_20191114T035139_20191114T035204_018918_023AE4_06B2.SAFE,train
ow-0928,S1A_IW_GRDH_1SDV_20191114T154107_20191114T154132_029909_03698D_AFF8.SAFE,train
ow-0931,S1A_IW_GRDH_1SDV_20191115T034356_20191115T034421_029916_0369D3_C698.SAFE;S1A_IW_GRDH_1SDV_20191115T034331_20191115T034356_029916_0369D3_4DBE.SAFE,train
ow-0932,S1B_IW_GRDH_1SDV_20191118T155619_20191118T155644_018984_023D0A_7060.SAFE,train
ow-0933,S1B_IW_GRDH_1SDV_20191118T155619_20191118T155644_018984_023D0A_7060.SAFE,train
ow-0934,S1B_IW_GRDH_1SDV_20191119T035924_20191119T035949_018991_023D4F_586C.SAFE;S1B_IW_GRDH_1SDV_20191119T035859_20191119T035924_018991_023D4F_D58B.SAFE,train
ow-0936,S1A_IW_GRDH_1SDV_20191120T035216_20191120T035241_029989_036C5B_434E.SAFE,train
ow-0937,S1A_IW_GRDH_1SDV_20191120T035216_20191120T035241_029989_036C5B_434E.SAFE,train
ow-0941,S1A_IW_GRDH_1SDV_20191129T160522_20191129T160547_030128_03713A_62F9.SAFE,train
ow-0942,S1A_IW_GRDH_1SDV_20191129T160522_20191129T160547_030128_03713A_62F9.SAFE,train
ow-0943,S1A_IW_GRDH_1SDV_20191129T160522_20191129T160547_030128_03713A_62F9.SAFE,train
ow-0944,S1B_IW_GRDH_1SDV_20191130T155618_20191130T155643_019159_02429A_7E10.SAFE,train
ow-0945,S1B_IW_GRDH_1SDV_20191130T155618_20191130T155643_019159_02429A_7E10.SAFE,train
ow-0952,S1B_IW_GRDH_1SDV_20191201T040014_20191201T040038_019166_0242DD_147B.SAFE;S1B_IW_GRDH_1SDV_20191201T035949_20191201T040014_019166_0242DD_8737.SAFE,train
ow-0954,S1A_IW_GRDH_1SDV_20191201T154909_20191201T154934_030157_03722E_6A79.SAFE,train
ow-0955,S1A_IW_GRDH_1SDV_20191201T154909_20191201T154934_030157_03722E_6A79.SAFE,train
ow-0956,S1B_IW_GRDH_1SDV_20191207T154844_20191207T154909_019261_0245D7_E80A.SAFE,train
ow-0957,S1B_IW_GRDH_1SDV_20191207T154909_20191207T154934_019261_0245D7_07B0.SAFE,train
ow-0958,S1B_IW_GRDH_1SDV_20191208T035048_20191208T035113_019268_02460F_78B1.SAFE,train
ow-0959,S1B_IW_GRDH_1SDV_20191212T155618_20191212T155643_019334_02482D_8FCC.SAFE,train
ow-0960,S1B_IW_GRDH_1SDV_20191212T155618_20191212T155643_019334_02482D_8FCC.SAFE,train
ow-0961,S1B_IW_GRDH_1SDV_20191212T155618_20191212T155643_019334_02482D_8FCC.SAFE,train
ow-0966,S1A_IW_GRDH_1SDV_20191218T155710_20191218T155735_030405_037AC0_C384.SAFE;S1A_IW_GRDH_1SDV_20191218T155645_20191218T155710_030405_037AC0_57F0.SAFE,train
ow-0967,S1A_IW_GRDH_1SDV_20191218T155710_20191218T155735_030405_037AC0_C384.SAFE;S1A_IW_GRDH_1SDV_20191218T155645_20191218T155710_030405_037AC0_57F0.SAFE,train
ow-0968,S1A_IW_GRDH_1SDV_20191218T155710_20191218T155735_030405_037AC0_C384.SAFE,train
ow-0969,S1A_IW_GRDH_1SDV_20191218T155710_20191218T155735_030405_037AC0_C384.SAFE,train
ow-0970,S1A_IW_GRDH_1SDV_20191218T155710_20191218T155735_030405_037AC0_C384.SAFE,train
ow-0971,S1A_IW_GRDH_1SDV_20191218T155710_20191218T155735_030405_037AC0_C384.SAFE,train
ow-0972,S1A_IW_GRDH_1SDV_20191219T040000_20191219T040025_030412_037AF3_C394.SAFE,train
ow-0973,S1A_IW_GRDH_1SDV_20191219T040025_20191219T040050_030412_037AF3_317B.SAFE,train
ow-0974,S1B_IW_GRDH_1SDV_20191219T154843_20191219T154908_019436_024B6B_D265.SAFE,train
ow-0975,S1B_IW_GRDH_1SDV_20191219T154843_20191219T154908_019436_024B6B_D265.SAFE,train
ow-0976,S1B_IW_GRDH_1SDV_20191219T154843_20191219T154908_019436_024B6B_D265.SAFE,train
ow-0977,S1B_IW_GRDH_1SDV_20191220T035113_20191220T035138_019443_024BA5_ABE1.SAFE,train
ow-0978,S1B_IW_GRDH_1SDV_20191220T035113_20191220T035138_019443_024BA5_ABE1.SAFE,train
ow-0979,S1B_IW_GRDH_1SDV_20191220T035113_20191220T035138_019443_024BA5_ABE1.SAFE,train
ow-0980,S1B_IW_GRDH_1SDV_20191220T035138_20191220T035203_019443_024BA5_58BF.SAFE,train
ow-0981,S1B_IW_GRDH_1SDV_20191220T035138_20191220T035203_019443_024BA5_58BF.SAFE,train
ow-0988,S1A_IW_GRDH_1SDV_20191221T034420_20191221T034445_030441_037BF3_B34A.SAFE,train
ow-0989,S1A_IW_GRDH_1SDV_20191221T034420_20191221T034445_030441_037BF3_B34A.SAFE,train
ow-0990,S1B_IW_GRDH_1SDV_20191221T153225_20191221T153250_019465_024C52_5DD4.SAFE,train
oc-0004,S1A_IW_GRDH_1SDV_20190104T155703_20190104T155728_025330_02CD9D_BBAA.SAFE;S1A_IW_GRDH_1SDV_20190104T155638_20190104T155703_025330_02CD9D_AC3C.SAFE,train
oc-0005,S1A_IW_GRDH_1SDV_20190105T040043_20190105T040108_025337_02CDDA_FAEC.SAFE,train
oc-0007,S1B_IW_GRDH_1SDV_20190110T155611_20190110T155635_014434_01ADED_1E1A.SAFE,train
oc-0008,S1B_IW_GRDH_1SDV_20190110T155611_20190110T155635_014434_01ADED_1E1A.SAFE,train
oc-0010,S1B_IW_GRDH_1SDV_20190113T034235_20190113T034300_014470_01AF20_B0E8.SAFE,train
oc-0011,S1B_IW_GRDH_1SDV_20190113T034235_20190113T034300_014470_01AF20_B0E8.SAFE,train
oc-0012,S1B_IW_GRDH_1SDV_20190113T034300_20190113T034325_014470_01AF20_AB85.SAFE,train
oc-0013,S1B_IW_GRDH_1SDV_20190113T034325_20190113T034350_014470_01AF20_64D4.SAFE,train
oc-0014,S1B_IW_GRDH_1SDV_20190118T035040_20190118T035105_014543_01B170_CD8E.SAFE,train
oc-0020,S1A_IW_GRDH_1SDV_20190121T160514_20190121T160539_025578_02D6AC_7E52.SAFE,train
oc-0021,S1B_IW_GRDH_1SDV_20190122T155610_20190122T155635_014609_01B38B_28CE.SAFE,train
oc-0022,S1B_IW_GRDH_1SDV_20190122T155610_20190122T155635_014609_01B38B_28CE.SAFE,train
oc-0023,S1B_IW_GRDH_1SDV_20190122T155610_20190122T155635_014609_01B38B_28CE.SAFE,train
oc-0024,S1B_IW_GRDH_1SDV_20190123T035940_20190123T040005_014616_01B3CB_32E6.SAFE,train
oc-0025,S1B_IW_GRDH_1SDV_20190123T035940_20190123T040005_014616_01B3CB_32E6.SAFE,train
oc-0026,S1B_IW_GRDH_1SDV_20190123T040005_20190123T040029_014616_01B3CB_3529.SAFE,train
oc-0029,S1B_IW_GRDH_1SDV_20190125T034324_20190125T034349_014645_01B4B6_07EC.SAFE,train
oc-0030,S1B_IW_GRDH_1SDV_20190125T034324_20190125T034349_014645_01B4B6_07EC.SAFE,train
oc-0031,S1A_IW_GRDH_1SDV_20190128T155703_20190128T155728_025680_02DA53_C5E0.SAFE,train
oc-0032,S1A_IW_GRDH_1SDV_20190129T040042_20190129T040107_025687_02DA92_3072.SAFE,train
oc-0035,S1A_IW_GRDH_1SDV_20190131T034322_20190131T034347_025716_02DBA1_0593.SAFE,train
oc-0037,S1A_IW_GRDH_1SDV_20190205T035231_20190205T035258_025789_02DE41_06AE.SAFE,train
oc-0041,S1B_IW_GRDH_1SDV_20190206T034234_20190206T034259_014820_01BA76_DF73.SAFE,train
oc-0043,S1A_IW_GRDH_1SDV_20190207T033519_20190207T033544_025818_02DF3B_4DF4.SAFE,train
oc-0044,S1A_IW_GRDH_1SDV_20190207T033519_20190207T033544_025818_02DF3B_4DF4.SAFE,train
oc-0045,S1B_IW_GRDH_1SDV_20190208T160430_20190208T160455_014857_01BBA6_8575.SAFE,train
oc-0046,S1A_IW_GRDH_1SDV_20190209T155702_20190209T155727_025855_02E09D_A961.SAFE;S1A_IW_GRDH_1SDV_20190209T155637_20190209T155702_025855_02E09D_59D4.SAFE,train
oc-0048,S1B_IW_GRDH_1SDV_20190211T035040_20190211T035105_014893_01BCCD_3B74.SAFE,train
oc-0049,S1B_IW_GRDH_1SDV_20190211T035130_20190211T035155_014893_01BCCD_79F7.SAFE,train
oc-0055,S1B_IW_GRDH_1SDV_20190213T033433_20190213T033458_014922_01BDB4_07BD.SAFE;S1B_IW_GRDH_1SDV_20190213T033408_20190213T033433_014922_01BDB4_3D7D.SAFE,train
oc-0056,S1A_IW_GRDH_1SDV_20190216T154835_20190216T154900_025957_02E43B_132D.SAFE,train
oc-0057,S1A_IW_GRDH_1SDV_20190217T035231_20190217T035258_025964_02E473_E80D.SAFE;S1A_IW_GRDH_1SDV_20190217T035206_20190217T035231_025964_02E473_9766.SAFE,train
oc-0059,S1B_IW_GRDH_1SDV_20190218T034234_20190218T034259_014995_01C035_8F1B.SAFE,train
oc-0060,S1B_IW_GRDH_1SDV_20190218T034259_20190218T034324_014995_01C035_58C9.SAFE;S1B_IW_GRDH_1SDV_20190218T034234_20190218T034259_014995_01C035_8F1B.SAFE,train
oc-0062,S1B_IW_GRDH_1SDV_20190218T034324_20190218T034349_014995_01C035_0338.SAFE,train
oc-0063,S1B_IW_GRDH_1SDV_20190218T034324_20190218T034349_014995_01C035_0338.SAFE,train
oc-0065,S1B_IW_GRDH_1SDV_20190220T160429_20190220T160454_015032_01C169_6D4F.SAFE,train
oc-0068,S1A_IW_GRDH_1SDV_20190222T040041_20190222T040106_026037_02E70F_5AD5.SAFE,train
oc-0069,S1B_IW_GRDH_1SDV_20190222T154810_20190222T154835_015061_01C24C_9BBE.SAFE,train
oc-0070,S1B_IW_GRDH_1SDV_20190223T035130_20190223T035155_015068_01C287_0DC8.SAFE,train
oc-0071,S1B_IW_GRDH_1SDV_20190223T035130_20190223T035155_015068_01C287_0DC8.SAFE,train
oc-0072,S1B_IW_GRDH_1SDV_20190223T035130_20190223T035155_015068_01C287_0DC8.SAFE,train
oc-0073,S1B_IW_GRDH_1SDV_20190223T035130_20190223T035155_015068_01C287_0DC8.SAFE,train
oc-0075,S1A_IW_GRDH_1SDV_20190224T034322_20190224T034347_026066_02E816_1321.SAFE,train
oc-0076,S1A_IW_GRDH_1SDV_20190224T034347_20190224T034412_026066_02E816_11C9.SAFE,train
oc-0077,S1A_IW_GRDH_1SDV_20190224T034347_20190224T034412_026066_02E816_11C9.SAFE,train
oc-0081,S1B_IW_GRDH_1SDV_20190225T033433_20190225T033458_015097_01C374_2456.SAFE;S1B_IW_GRDH_1SDV_20190225T033408_20190225T033433_015097_01C374_8457.SAFE,train
oc-0083,S1B_IW_GRDH_1SDV_20190302T034234_20190302T034259_015170_01C5ED_04F5.SAFE,train
oc-0084,S1A_IW_GRDH_1SDV_20190305T155702_20190305T155727_026205_02ED1B_0DF1.SAFE,train
oc-0085,S1A_IW_GRDH_1SDV_20190306T040041_20190306T040106_026212_02ED51_8E68.SAFE,train
oc-0086,S1B_IW_GRDH_1SDV_20190306T154745_20190306T154810_015236_01C814_B914.SAFE,train
oc-0087,S1B_IW_GRDH_1SDV_20190306T154810_20190306T154835_015236_01C814_5AC6.SAFE;S1B_IW_GRDH_1SDV_20190306T154745_20190306T154810_015236_01C814_B914.SAFE,train
oc-0088,S1B_IW_GRDH_1SDV_20190306T154810_20190306T154835_015236_01C814_5AC6.SAFE;S1B_IW_GRDH_1SDV_20190306T154745_20190306T154810_015236_01C814_B914.SAFE,train
oc-0089,S1A_IW_GRDH_1SDV_20190308T034412_20190308T034437_026241_02EE61_2777.SAFE,train
oc-0090,S1A_IW_GRDH_1SDV_20190310T160513_20190310T160538_026278_02EFD1_0733.SAFE,train
oc-0095,S1B_IW_GRDH_1SDV_20190314T034234_20190314T034259_015345_01CBA8_E507.SAFE,train
oc-0096,S1B_IW_GRDH_1SDV_20190314T034259_20190314T034324_015345_01CBA8_7B51.SAFE;S1B_IW_GRDH_1SDV_20190314T034234_20190314T034259_015345_01CBA8_E507.SAFE,train
oc-0097,S1A_IW_GRDH_1SDV_20190317T155702_20190317T155727_026380_02F38B_5C28.SAFE,train
oc-0098,S1B_IW_GRDH_1SDV_20190318T154810_20190318T154835_015411_01CDBD_41F5.SAFE,train
oc-0099,S1B_IW_GRDH_1SDV_20190318T154810_20190318T154835_015411_01CDBD_41F5.SAFE,train
oc-0100,S1A_IW_GRDH_1SDV_20190320T034412_20190320T034437_026416_02F4D4_1A96.SAFE,train
oc-0101,S1A_IW_GRDH_1SDV_20190320T034412_20190320T034437_026416_02F4D4_1A96.SAFE,train
oc-0102,S1A_IW_GRDH_1SDV_20190320T034412_20190320T034437_026416_02F4D4_1A96.SAFE,train
oc-0103,S1B_IW_GRDH_1SDV_20190323T155609_20190323T155634_015484_01D019_131C.SAFE,train
oc-0104,S1B_IW_GRDH_1SDV_20190326T034324_20190326T034349_015520_01D15F_C18B.SAFE,train
oc-0105,S1A_IW_GRDH_1SDV_20190329T155702_20190329T155727_026555_02F9F6_EC3A.SAFE,train
oc-0106,S1A_IW_GRDH_1SDV_20190401T034322_20190401T034347_026591_02FB4C_1C41.SAFE,train
oc-0107,S1B_IW_GRDH_1SDV_20190404T155610_20190404T155635_015659_01D5E2_CCBC.SAFE,train
oc-0108,S1B_IW_GRDH_1SDV_20190404T155610_20190404T155635_015659_01D5E2_CCBC.SAFE,train
oc-0109,S1B_IW_GRDH_1SDV_20190404T155610_20190404T155635_015659_01D5E2_CCBC.SAFE,train
oc-0110,S1B_IW_GRDH_1SDV_20190404T155610_20190404T155635_015659_01D5E2_CCBC.SAFE,train
oc-0111,S1B_IW_GRDH_1SDV_20190404T155610_20190404T155635_015659_01D5E2_CCBC.SAFE,train
oc-0112,S1B_IW_GRDH_1SDV_20190404T155610_20190404T155635_015659_01D5E2_CCBC.SAFE,train
oc-0114,S1B_IW_GRDH_1SDV_20190405T040005_20190405T040029_015666_01D628_7546.SAFE;S1B_IW_GRDH_1SDV_20190405T035940_20190405T040005_015666_01D628_676F.SAFE,train
oc-0115,S1A_IW_GRDH_1SDV_20190405T154836_20190405T154901_026657_02FDC3_95CA.SAFE,train
oc-0116,S1A_IW_GRDH_1SDV_20190406T035232_20190406T035258_026664_02FE02_55D2.SAFE,train
oc-0117,S1B_IW_GRDH_1SDV_20190406T154007_20190406T154032_015688_01D6ED_92E4.SAFE,train
oc-0118,S1B_IW_GRDH_1SDV_20190407T034259_20190407T034324_015695_01D728_6F12.SAFE,train
oc-0121,S1B_IW_GRDH_1SDV_20190409T160430_20190409T160455_015732_01D85B_FCAC.SAFE,train
oc-0122,S1A_IW_GRDH_1SDV_20190410T155702_20190410T155727_026730_030069_18D5.SAFE;S1A_IW_GRDH_1SDV_20190410T155637_20190410T155702_026730_030069_F270.SAFE,train
oc-0123,S1A_IW_GRDH_1SDV_20190410T155702_20190410T155727_026730_030069_18D5.SAFE,train
oc-0124,S1A_IW_GRDH_1SDV_20190410T155702_20190410T155727_026730_030069_18D5.SAFE,train
oc-0125,S1A_IW_GRDH_1SDV_20190410T155702_20190410T155727_026730_030069_18D5.SAFE,train
oc-0126,S1A_IW_GRDH_1SDV_20190410T155702_20190410T155727_026730_030069_18D5.SAFE,train
oc-0128,S1B_IW_GRDH_1SDV_20190412T035040_20190412T035105_015768_01D985_9F88.SAFE,train
oc-0131,S1B_IW_GRDH_1SDV_20190419T034234_20190419T034259_015870_01DCF1_643E.SAFE,train
oc-0132,S1B_IW_GRDH_1SDV_20190419T034324_20190419T034349_015870_01DCF1_E67E.SAFE,train
oc-0133,S1A_IW_GRDH_1SDV_20190422T155703_20190422T155728_026905_0306B7_01CA.SAFE;S1A_IW_GRDH_1SDV_20190422T155638_20190422T155703_026905_0306B7_70C6.SAFE,train
oc-0134,S1B_IW_GRDH_1SDV_20190423T154811_20190423T154836_015936_01DF14_D0D6.SAFE,train
oc-0135,S1A_IW_GRDH_1SDV_20190424T154123_20190424T154148_026934_0307C2_8DFF.SAFE,train
oc-0136,S1A_IW_GRDH_1SDV_20190425T034413_20190425T034438_026941_030806_CB88.SAFE,train
oc-0137,S1B_IW_GRDH_1SDV_20190428T155611_20190428T155636_016009_01E182_C2CE.SAFE,train
oc-0138,S1A_IW_GRDH_1SDV_20190429T154837_20190429T154902_027007_030A73_8C50.SAFE,train
oc-0139,S1A_IW_GRDH_1SDV_20190430T035233_20190430T035259_027014_030AB6_B4D3.SAFE,train
oc-0141,S1B_IW_GRDH_1SDV_20190503T160431_20190503T160456_016082_01E3FE_B525.SAFE,train
oc-0142,S1B_IW_GRDH_1SDV_20190506T035131_20190506T035156_016118_01E530_855F.SAFE,train
oc-0145,S1B_IW_GRDH_1SDV_20190513T034309_20190513T034334_016220_01E86A_4EC1.SAFE,train
oc-0146,S1B_IW_GRDH_1SDV_20190513T034334_20190513T034359_016220_01E86A_D898.SAFE,train
oc-0147,S1B_IW_GRDH_1SDV_20190513T034334_20190513T034359_016220_01E86A_D898.SAFE,train
oc-0148,S1A_IW_GRDH_1SDV_20190513T153312_20190513T153337_027211_03114D_1AE8.SAFE,train
oc-0150,S1B_IW_GRDH_1SDV_20190518T035132_20190518T035157_016293_01EAA1_93CF.SAFE,train
oc-0151,S1B_IW_GRDH_1SDV_20190518T035132_20190518T035157_016293_01EAA1_93CF.SAFE,train
oc-0153,S1A_IW_GRDH_1SDV_20190519T034414_20190519T034439_027291_0313E1_23BF.SAFE,train
oc-0154,S1A_IW_GRDH_1SDV_20190519T034414_20190519T034439_027291_0313E1_23BF.SAFE,train
oc-0155,S1A_IW_GRDH_1SDV_20190519T034414_20190519T034439_027291_0313E1_23BF.SAFE,train
oc-0156,S1A_IW_GRDH_1SDV_20190523T154838_20190523T154903_027357_0315EA_5427.SAFE,train
oc-0157,S1A_IW_GRDH_1SDV_20190523T154838_20190523T154903_027357_0315EA_5427.SAFE,train
oc-0158,S1A_IW_GRDH_1SDV_20190523T154838_20190523T154903_027357_0315EA_5427.SAFE,train
oc-0159,S1A_IW_GRDH_1SDV_20190523T154928_20190523T154953_027357_0315EA_D01B.SAFE,train
oc-0160,S1A_IW_GRDH_1SDV_20190524T035234_20190524T035300_027364_031625_7F1D.SAFE,train
oc-0162,S1B_IW_GRDH_1SDV_20190529T154748_20190529T154813_016461_01EFC4_EB6A.SAFE,train
oc-0163,S1B_IW_GRDH_1SDV_20190529T154813_20190529T154838_016461_01EFC4_3A8F.SAFE,train
oc-0164,S1A_IW_GRDH_1SDV_20190531T034350_20190531T034415_027466_031954_419E.SAFE,train
oc-0166,S1B_IW_GRDH_1SDV_20190606T034246_20190606T034311_016570_01F315_F9B4.SAFE,train
oc-0167,S1B_IW_GRDH_1SDV_20190606T034311_20190606T034336_016570_01F315_5C67.SAFE,train
oc-0168,S1A_IW_GRDH_1SDV_20190606T153313_20190606T153338_027561_031C2E_9D61.SAFE,train
oc-0169,S1A_IW_GRDH_1SDV_20190609T155705_20190609T155730_027605_031D91_8BA8.SAFE;S1A_IW_GRDH_1SDV_20190609T155640_20190609T155705_027605_031D91_AC88.SAFE,train
oc-0171,S1B_IW_GRDH_1SDV_20190610T154813_20190610T154838_016636_01F4FD_EE80.SAFE,train
oc-0172,S1B_IW_GRDH_1SDV_20190610T154903_20190610T154928_016636_01F4FD_9997.SAFE,train
oc-0173,S1A_IW_GRDH_1SDV_20190612T034415_20190612T034440_027641_031EA9_6044.SAFE,train
oc-0174,S1A_IW_GRDH_1SDV_20190614T160517_20190614T160542_027678_031FC6_6583.SAFE,train
oc-0175,S1B_IW_GRDH_1SDV_20190615T155613_20190615T155638_016709_01F729_3F2F.SAFE,train
oc-0176,S1B_IW_GRDH_1SDV_20190615T155613_20190615T155638_016709_01F729_3F2F.SAFE,train
oc-0177,S1B_IW_GRDH_1SDV_20190615T155613_20190615T155638_016709_01F729_3F2F.SAFE,train
oc-0178,S1B_IW_GRDH_1SDV_20190616T040008_20190616T040032_016716_01F766_6FBC.SAFE,train
oc-0180,S1B_IW_GRDH_1SDV_20190617T154011_20190617T154036_016738_01F815_C47E.SAFE,train
oc-0181,S1B_IW_GRDH_1SDV_20190618T034246_20190618T034311_016745_01F848_4829.SAFE,train
oc-0183,S1B_IW_GRDH_1SDV_20190618T034336_20190618T034401_016745_01F848_6273.SAFE;S1B_IW_GRDH_1SDV_20190618T034311_20190618T034336_016745_01F848_5E80.SAFE,train
oc-0184,S1B_IW_GRDH_1SDV_20190618T034336_20190618T034401_016745_01F848_6273.SAFE,train
oc-0185,S1B_IW_GRDH_1SDV_20190618T034336_20190618T034401_016745_01F848_6273.SAFE,train
oc-0186,S1A_IW_GRDH_1SDV_20190619T033457_20190619T033522_027743_0321AE_AA16.SAFE,train
oc-0187,S1A_IW_GRDH_1SDV_20190621T155641_20190621T155706_027780_0322C6_F246.SAFE,train
oc-0188,S1A_IW_GRDH_1SDV_20190621T155706_20190621T155731_027780_0322C6_D33C.SAFE,train
oc-0189,S1A_IW_GRDH_1SDV_20190622T040045_20190622T040110_027787_0322FB_3F3F.SAFE,train
oc-0190,S1B_IW_GRDH_1SDV_20190622T154814_20190622T154839_016811_01FA2F_42DF.SAFE;S1B_IW_GRDH_1SDV_20190622T154749_20190622T154814_016811_01FA2F_09AC.SAFE,train
oc-0191,S1B_IW_GRDH_1SDV_20190622T154904_20190622T154929_016811_01FA2F_B265.SAFE,train
oc-0194,S1A_IW_GRDH_1SDV_20190624T034416_20190624T034441_027816_0323DB_9B01.SAFE,train
oc-0196,S1B_IW_GRDH_1SDV_20190627T155614_20190627T155639_016884_01FC51_DE9E.SAFE,train
oc-0197,S1B_IW_GRDH_1SDV_20190627T155614_20190627T155639_016884_01FC51_DE9E.SAFE,train
oc-0198,S1B_IW_GRDH_1SDV_20190628T040009_20190628T040033_016891_01FC8F_8CA8.SAFE;S1B_IW_GRDH_1SDV_20190628T035944_20190628T040009_016891_01FC8F_02B3.SAFE,train
oc-0200,S1A_IW_GRDH_1SDV_20190701T033523_20190701T033548_027918_0326E9_06FF.SAFE,train
oc-0201,S1A_IW_GRDH_1SDV_20190703T155707_20190703T155732_027955_03280F_4059.SAFE,train
oc-0202,S1A_IW_GRDH_1SDV_20190703T155707_20190703T155732_027955_03280F_4059.SAFE,train
oc-0205,S1A_IW_GRDH_1SDV_20190710T154930_20190710T154955_028057_032B2E_D40F.SAFE,train
oc-0207,S1A_IW_GRDH_1SDV_20190711T035236_20190711T035303_028064_032B5E_B97C.SAFE,train
oc-0208,S1B_IW_GRDH_1SDV_20190712T034313_20190712T034338_017095_02029D_FE28.SAFE,train
oc-0209,S1B_IW_GRDH_1SDV_20190712T034338_20190712T034403_017095_02029D_4A64.SAFE;S1B_IW_GRDH_1SDV_20190712T034313_20190712T034338_017095_02029D_FE28.SAFE,train
oc-0212,S1B_IW_GRDH_1SDV_20190714T160435_20190714T160500_017132_0203A9_49DE.SAFE,train
oc-0213,S1B_IW_GRDH_1SDV_20190714T160435_20190714T160500_017132_0203A9_49DE.SAFE,train
oc-0214,S1A_IW_GRDH_1SDV_20190715T155708_20190715T155733_028130_032D5B_FC3B.SAFE;S1A_IW_GRDH_1SDV_20190715T155643_20190715T155708_028130_032D5B_CF97.SAFE,train
oc-0216,S1B_IW_GRDH_1SDV_20190716T154816_20190716T154841_017161_020487_EEF7.SAFE,train
oc-0217,S1A_IW_GRDH_1SDV_20190723T035212_20190723T035237_028239_0330A7_A061.SAFE,train
oc-0218,S1A_IW_GRDH_1SDV_20190723T035237_20190723T035304_028239_0330A7_2013.SAFE,train
oc-0219,S1B_IW_GRDH_1SDV_20190723T154013_20190723T154038_017263_020781_2CF5.SAFE,train
oc-0220,S1B_IW_GRDH_1SDV_20190724T034248_20190724T034313_017270_0207B2_7027.SAFE,train
oc-0221,S1B_IW_GRDH_1SDV_20190724T034338_20190724T034403_017270_0207B2_57DF.SAFE,train
oc-0222,S1B_IW_GRDH_1SDV_20190724T034338_20190724T034403_017270_0207B2_57DF.SAFE,train
oc-0223,S1A_IW_GRDH_1SDV_20190725T033525_20190725T033550_028268_03317E_4073.SAFE,train
oc-0225,S1A_IW_GRDH_1SDV_20190727T155708_20190727T155733_028305_0332B2_BDB8.SAFE,train
oc-0227,S1B_IW_GRDH_1SDV_20190729T035201_20190729T035225_017343_0209D6_3B2F.SAFE;S1B_IW_GRDH_1SDV_20190729T035136_20190729T035201_017343_0209D6_D740.SAFE,train
oc-0228,S1A_IW_GRDH_1SDV_20190729T154103_20190729T154128_028334_033394_7A06.SAFE,train
oc-0229,S1A_IW_GRDH_1SDV_20190730T034418_20190730T034443_028341_0333D2_9F38.SAFE,train
oc-0230,S1A_IW_GRDH_1SDV_20190730T034418_20190730T034443_028341_0333D2_9F38.SAFE,train
oc-0231,S1B_IW_GRDH_1SDV_20190730T153223_20190730T153248_017365_020A74_A71C.SAFE,train
oc-0232,S1B_IW_GRDH_1SDV_20190730T153223_20190730T153248_017365_020A74_A71C.SAFE,train
oc-0233,S1A_IW_GRDH_1SDV_20190803T154842_20190803T154907_028407_0335C8_F8D0.SAFE,train
oc-0234,S1A_IW_GRDH_1SDV_20190804T035238_20190804T035304_028414_0335FE_8869.SAFE,train
oc-0236,S1A_IW_GRDH_1SDV_20190809T040049_20190809T040114_028487_03384A_86C8.SAFE,train
oc-0237,S1B_IW_GRDH_1SDV_20190810T035137_20190810T035202_017518_020F20_E49F.SAFE,train
oc-0238,S1B_IW_GRDH_1SDV_20190810T035137_20190810T035202_017518_020F20_E49F.SAFE,train
oc-0240,S1B_IW_GRDH_1SDV_20190812T033440_20190812T033505_017547_020FFE_79B0.SAFE,train
oc-0241,S1A_IW_GRDH_1SDV_20190813T160521_20190813T160546_028553_033AA6_6486.SAFE,train
oc-0242,S1B_IW_GRDH_1SDV_20190814T155617_20190814T155642_017584_021133_82C5.SAFE,train
oc-0243,S1B_IW_GRDH_1SDV_20190814T155617_20190814T155642_017584_021133_82C5.SAFE,train
oc-0248,S1B_IW_GRDH_1SDV_20190817T034340_20190817T034405_017620_021260_79A2.SAFE,train
oc-0249,S1A_IW_GRDH_1SDV_20190820T155710_20190820T155735_028655_033E24_AFFA.SAFE;S1A_IW_GRDH_1SDV_20190820T155645_20190820T155710_028655_033E24_C67B.SAFE,train
oc-0250,S1A_IW_GRDH_1SDV_20190820T155710_20190820T155735_028655_033E24_AFFA.SAFE,train
oc-0251,S1A_IW_GRDH_1SDV_20190820T155710_20190820T155735_028655_033E24_AFFA.SAFE,train
oc-0252,S1B_IW_GRDH_1SDV_20190821T154818_20190821T154843_017686_021461_4D57.SAFE,train
oc-0253,S1B_IW_GRDH_1SDV_20190822T035137_20190822T035202_017693_021497_9677.SAFE,train
oc-0254,S1A_IW_GRDH_1SDV_20190825T160521_20190825T160546_028728_0340B1_6F50.SAFE,train
oc-0255,S1B_IW_GRDH_1SDV_20190827T040013_20190827T040037_017766_0216ED_15AD.SAFE,train
oc-0256,S1A_IW_GRDH_1SDV_20190827T154843_20190827T154908_028757_0341B2_CC65.SAFE,train
oc-0257,S1A_IW_GRDH_1SDV_20190827T154843_20190827T154908_028757_0341B2_CC65.SAFE,train
oc-0259,S1A_IW_GRDH_1SDV_20190828T035239_20190828T035306_028764_0341F0_E062.SAFE,train
oc-0260,S1B_IW_GRDH_1SDV_20190828T154015_20190828T154040_017788_02179A_FD13.SAFE,train
oc-0262,S1A_IW_GRDH_1SDV_20190901T155710_20190901T155735_028830_03443E_9738.SAFE,train
oc-0263,S1A_IW_GRDH_1SDV_20190902T040050_20190902T040115_028837_03447B_D2F2.SAFE,train
oc-0264,S1B_IW_GRDH_1SDV_20190902T154818_20190902T154843_017861_0219CE_E6A5.SAFE;S1B_IW_GRDH_1SDV_20190902T154753_20190902T154818_017861_0219CE_7D5A.SAFE,train
oc-0265,S1B_IW_GRDH_1SDV_20190903T035138_20190903T035203_017868_021A04_85C3.SAFE,train
oc-0269,S1B_IW_GRDH_1SDV_20190905T033441_20190905T033506_017897_021AE1_97C9.SAFE,train
oc-0270,S1B_IW_GRDH_1SDV_20190908T040013_20190908T040037_017941_021C58_57F2.SAFE,train
oc-0271,S1A_IW_GRDH_1SDV_20190913T155711_20190913T155736_029005_034A50_BA8D.SAFE;S1A_IW_GRDH_1SDV_20190913T155646_20190913T155711_029005_034A50_FACE.SAFE,train
oc-0272,S1B_IW_GRDH_1SDV_20190914T154754_20190914T154819_018036_021F43_FD90.SAFE,train
oc-0274,S1B_IW_GRDH_1SDV_20190915T035204_20190915T035228_018043_021F77_BA8F.SAFE;S1B_IW_GRDH_1SDV_20190915T035139_20190915T035204_018043_021F77_D5B3.SAFE,train
oc-0275,S1A_IW_GRDH_1SDV_20190916T034356_20190916T034421_029041_034B8F_5C81.SAFE,train
oc-0276,S1A_IW_GRDH_1SDV_20190916T034356_20190916T034421_029041_034B8F_5C81.SAFE,train
oc-0279,S1A_IW_GRDH_1SDV_20190920T154934_20190920T154959_029107_034DCE_D8C0.SAFE,train
oc-0280,S1A_IW_GRDH_1SDV_20190921T035125_20190921T035150_029114_034E08_0160.SAFE,train
oc-0281,S1B_IW_GRDH_1SDV_20190924T160439_20190924T160504_018182_0223D0_BC8E.SAFE,train
oc-0282,S1A_IW_GRDH_1SDV_20190925T155712_20190925T155737_029180_035045_0057.SAFE;S1A_IW_GRDH_1SDV_20190925T155647_20190925T155712_029180_035045_7B53.SAFE,train
oc-0283,S1A_IW_GRDH_1SDV_20190925T155712_20190925T155737_029180_035045_0057.SAFE,train
oc-0284,S1A_IW_GRDH_1SDV_20190925T155712_20190925T155737_029180_035045_0057.SAFE,train
oc-0285,S1A_IW_GRDH_1SDV_20190925T155712_20190925T155737_029180_035045_0057.SAFE,train
oc-0286,S1A_IW_GRDH_1SDV_20190926T040051_20190926T040116_029187_035080_972D.SAFE;S1A_IW_GRDH_1SDV_20190926T040026_20190926T040051_029187_035080_F816.SAFE,train
oc-0287,S1B_IW_GRDH_1SDV_20190927T035049_20190927T035114_018218_0224DC_62D9.SAFE,train
oc-0288,S1B_IW_GRDH_1SDV_20190927T035049_20190927T035114_018218_0224DC_62D9.SAFE,train
oc-0289,S1A_IW_GRDH_1SDV_20190928T034421_20190928T034446_029216_035188_54CE.SAFE,train
oc-0290,S1A_IW_GRDH_1SDV_20190930T160523_20190930T160548_029253_0352E1_73A7.SAFE,train
oc-0298,S1A_IW_GRDH_1SDV_20191003T035241_20191003T035307_029289_035408_5AB5.SAFE,train
oc-0299,S1B_IW_GRDH_1SDV_20191004T034342_20191004T034407_018320_02282B_F708.SAFE,train
oc-0300,S1B_IW_GRDH_1SDV_20191004T034342_20191004T034407_018320_02282B_F708.SAFE,train
oc-0301,S1A_IW_GRDH_1SDV_20191005T033503_20191005T033528_029318_035507_57C3.SAFE,train
oc-0303,S1A_IW_GRDH_1SDV_20191009T154131_20191009T154156_029384_035749_9F6C.SAFE,train
oc-0304,S1B_IW_GRDH_1SDV_20191011T033442_20191011T033507_018422_022B37_C218.SAFE,train
oc-0305,S1A_IW_GRDH_1SDV_20191015T035126_20191015T035151_029464_035A19_9F94.SAFE,train
oc-0307,S1A_IW_GRDH_1SDV_20191019T155712_20191019T155737_029530_035C5B_D123.SAFE,train
oc-0308,S1A_IW_GRDH_1SDV_20191019T155712_20191019T155737_029530_035C5B_D123.SAFE,train
oc-0309,S1B_IW_GRDH_1SDV_20191020T154820_20191020T154845_018561_022F8C_E7C6.SAFE;S1B_IW_GRDH_1SDV_20191020T154755_20191020T154820_018561_022F8C_BB43.SAFE,train
oc-0311,S1B_IW_GRDH_1SDV_20191021T035049_20191021T035114_018568_022FC0_D1AC.SAFE,train
oc-0312,S1B_IW_GRDH_1SDV_20191021T035049_20191021T035114_018568_022FC0_D1AC.SAFE,train
oc-0315,S1A_IW_GRDH_1SDV_20191021T154131_20191021T154156_029559_035D56_1CD1.SAFE,train
oc-0316,S1A_IW_GRDH_1SDV_20191022T034356_20191022T034421_029566_035D93_FD78.SAFE,train
oc-0317,S1A_IW_GRDH_1SDV_20191022T034356_20191022T034421_029566_035D93_FD78.SAFE,train
oc-0318,S1A_IW_GRDH_1SDV_20191022T034421_20191022T034446_029566_035D93_463F.SAFE,train
oc-0319,S1A_IW_GRDH_1SDV_20191022T034421_20191022T034446_029566_035D93_463F.SAFE,train
oc-0320,S1A_IW_GRDH_1SDV_20191022T034421_20191022T034446_029566_035D93_463F.SAFE,train
oc-0321,S1A_IW_GRDH_1SDV_20191027T035241_20191027T035307_029639_036018_4470.SAFE;S1A_IW_GRDH_1SDV_20191027T035216_20191027T035241_029639_036018_3127.SAFE,train
oc-0322,S1B_IW_GRDH_1SDV_20191027T154016_20191027T154041_018663_0232BF_6EB7.SAFE,train
oc-0323,S1B_IW_GRDH_1SDV_20191030T160439_20191030T160504_018707_023425_6ED4.SAFE,train
oc-0329,S1B_IW_GRDH_1SDV_20191101T154909_20191101T154934_018736_023509_D85B.SAFE,train
oc-0331,S1A_IW_GRDH_1SDV_20191103T034422_20191103T034447_029741_0363B0_D43F.SAFE,train
oc-0332,S1A_IW_GRDH_1SDV_20191103T034422_20191103T034447_029741_0363B0_D43F.SAFE,train
oc-0333,S1B_IW_GRDH_1SDV_20191106T155619_20191106T155644_018809_02375F_81F1.SAFE,train
oc-0334,S1B_IW_GRDH_1SDV_20191108T153951_20191108T154016_018838_023867_1595.SAFE,train
oc-0335,S1B_IW_GRDH_1SDV_20191108T154016_20191108T154041_018838_023867_C951.SAFE,train
oc-0336,S1B_IW_GRDH_1SDV_20191109T034342_20191109T034407_018845_0238A3_42C2.SAFE,train
oc-0337,S1B_IW_GRDH_1SDV_20191109T034342_20191109T034407_018845_0238A3_42C2.SAFE,train
oc-0338,S1B_IW_GRDH_1SDV_20191109T034342_20191109T034407_018845_0238A3_42C2.SAFE,train
oc-0339,S1A_IW_GRDH_1SDV_20191109T153320_20191109T153345_029836_036704_C1E1.SAFE,train
oc-0341,S1B_IW_GRDH_1SDV_20191114T035139_20191114T035204_018918_023AE4_06B2.SAFE,train
oc-0342,S1B_IW_GRDH_1SDV_20191114T035139_20191114T035204_018918_023AE4_06B2.SAFE,train
oc-0343,S1A_IW_GRDH_1SDV_20191115T034421_20191115T034446_029916_0369D3_9DE6.SAFE,train
oc-0344,S1B_IW_GRDH_1SDV_20191123T160439_20191123T160504_019057_023F6D_FB3B.SAFE,train
oc-0345,S1A_IW_GRDH_1SDV_20191127T034331_20191127T034356_030091_036FE7_55A3.SAFE,train
oc-0346,S1A_IW_GRDH_1SDV_20191127T034421_20191127T034446_030091_036FE7_E367.SAFE,train
oc-0347,S1B_IW_GRDH_1SDV_20191127T153226_20191127T153251_019115_024136_B82C.SAFE,train
oc-0348,S1A_IW_GRDH_1SDV_20191129T160522_20191129T160547_030128_03713A_62F9.SAFE,train
oc-0349,S1B_IW_GRDH_1SDV_20191130T155618_20191130T155643_019159_02429A_7E10.SAFE,train
oc-0350,S1B_IW_GRDH_1SDV_20191130T155618_20191130T155643_019159_02429A_7E10.SAFE,train
oc-0351,S1B_IW_GRDH_1SDV_20191130T155618_20191130T155643_019159_02429A_7E10.SAFE,train
oc-0352,S1B_IW_GRDH_1SDV_20191130T155618_20191130T155643_019159_02429A_7E10.SAFE,train
oc-0353,S1B_IW_GRDH_1SDV_20191130T155618_20191130T155643_019159_02429A_7E10.SAFE,train
oc-0354,S1B_IW_GRDH_1SDV_20191130T155618_20191130T155643_019159_02429A_7E10.SAFE,train
oc-0355,S1B_IW_GRDH_1SDV_20191130T155618_20191130T155643_019159_02429A_7E10.SAFE,train
oc-0357,S1B_IW_GRDH_1SDV_20191203T034251_20191203T034316_019195_0243D6_EC71.SAFE,train
oc-0359,S1B_IW_GRDH_1SDV_20191203T034341_20191203T034406_019195_0243D6_497E.SAFE,train
oc-0360,S1B_IW_GRDH_1SDV_20191203T034341_20191203T034406_019195_0243D6_497E.SAFE,train
oc-0361,S1A_IW_GRDH_1SDV_20191204T033502_20191204T033527_030193_037365_9BAB.SAFE,train
oc-0362,S1B_IW_GRDH_1SDV_20191205T160438_20191205T160503_019232_0244F5_5369.SAFE,train
oc-0363,S1B_IW_GRDH_1SDV_20191207T154819_20191207T154844_019261_0245D7_02A3.SAFE,train
oc-0364,S1B_IW_GRDH_1SDV_20191207T154909_20191207T154934_019261_0245D7_07B0.SAFE,train
oc-0365,S1B_IW_GRDH_1SDV_20191208T035048_20191208T035113_019268_02460F_78B1.SAFE,train
oc-0366,S1A_IW_GRDH_1SDV_20191208T154106_20191208T154131_030259_0375A0_49AF.SAFE,train
oc-0367,S1A_IW_GRDH_1SDV_20191208T154131_20191208T154156_030259_0375A0_A790.SAFE,train
oc-0368,S1A_IW_GRDH_1SDV_20191209T034356_20191209T034421_030266_0375E5_D78E.SAFE,train
oc-0369,S1B_IW_GRDH_1SDV_20191209T153226_20191209T153251_019290_0246C0_89B6.SAFE,train
oc-0370,S1B_IW_GRDH_1SDV_20191215T034341_20191215T034406_019370_024965_2ED6.SAFE,train
oc-0371,S1A_IW_GRDH_1SDV_20191218T155710_20191218T155735_030405_037AC0_C384.SAFE,train
oc-0372,S1A_IW_GRDH_1SDV_20191218T155710_20191218T155735_030405_037AC0_C384.SAFE,train
oc-0373,S1B_IW_GRDH_1SDV_20191219T154818_20191219T154843_019436_024B6B_A68B.SAFE,train
oc-0374,S1A_IW_GRDH_1SDV_20191221T034420_20191221T034445_030441_037BF3_B34A.SAFE,train
nw-0001-00-000001,S1B_IW_GRDH_1SDV_20190101T034300_20190101T034325_014295_01A97E_39B8.SAFE,train
nw-0002-00-000002,S1A_IW_GRDH_1SDV_20190104T155728_20190104T155753_025330_02CD9D_B67E.SAFE,train
nw-0003-00-000003,S1A_IW_GRDH_1SDV_20190104T155753_20190104T155818_025330_02CD9D_5240.SAFE;S1A_IW_GRDH_1SDV_20190104T155728_20190104T155753_025330_02CD9D_B67E.SAFE,train
nw-0004-00-000004,S1B_IW_GRDH_1SDV_20190111T035941_20190111T040006_014441_01AE2F_B933.SAFE,train
nw-0006-00-000006,S1B_IW_GRDH_1SDV_20190111T035916_20190111T035941_014441_01AE2F_A0C2.SAFE,train
nw-0007-00-000007,S1B_IW_GRDH_1SDV_20190111T035941_20190111T040006_014441_01AE2F_B933.SAFE,train
nw-0012-00-000012,S1A_IW_GRDH_1SDV_20190111T154926_20190111T154951_025432_02D14A_113A.SAFE,train
nw-0013-00-000013,S1A_IW_GRDH_1SDV_20190111T154951_20190111T155016_025432_02D14A_C237.SAFE,train
nw-0015-00-000015,S1B_IW_GRDH_1SDV_20190112T154033_20190112T154058_014463_01AEE6_B38F.SAFE,train
nw-0016-00-000016,S1B_IW_GRDH_1SDV_20190113T034235_20190113T034300_014470_01AF20_B0E8.SAFE,train
nw-0017-00-000017,S1B_IW_GRDH_1SDV_20190117T154836_20190117T154901_014536_01B131_45B2.SAFE,train
nw-0018-00-000018,S1B_IW_GRDH_1SDV_20190117T154901_20190117T154926_014536_01B131_70CE.SAFE,train
nw-0019-00-000019,S1B_IW_GRDH_1SDV_20190118T035040_20190118T035105_014543_01B170_CD8E.SAFE,train
nw-0020-00-000020,S1B_IW_GRDH_1SDV_20190118T035130_20190118T035155_014543_01B170_BFCE.SAFE,train
nw-0021-00-000021,S1B_IW_GRDH_1SDV_20190118T035040_20190118T035105_014543_01B170_CD8E.SAFE,train
nw-0022-00-000022,S1B_IW_GRDH_1SDV_20190118T035040_20190118T035105_014543_01B170_CD8E.SAFE,train
nw-0023-00-000023,S1A_IW_GRDH_1SDV_20190118T154058_20190118T154123_025534_02D4F3_3A0C.SAFE,train
nw-0024-00-000024,S1A_IW_GRDH_1SDV_20190118T154123_20190118T154148_025534_02D4F3_FFE7.SAFE,train
nw-0025-00-000025,S1A_IW_GRDH_1SDV_20190118T154123_20190118T154148_025534_02D4F3_FFE7.SAFE;S1A_IW_GRDH_1SDV_20190118T154058_20190118T154123_025534_02D4F3_3A0C.SAFE,train
nw-0026-00-000026,S1A_IW_GRDH_1SDV_20190118T154123_20190118T154148_025534_02D4F3_FFE7.SAFE,train
nw-0027-00-000027,S1A_IW_GRDH_1SDV_20190119T034258_20190119T034323_025541_02D53C_2934.SAFE,train
nw-0028-00-000028,S1B_IW_GRDH_1SDV_20190123T035915_20190123T035940_014616_01B3CB_38CE.SAFE,train
nw-0030-00-000030,S1B_IW_GRDH_1SDV_20190210T154900_20190210T154925_014886_01BC91_48D5.SAFE,train
nw-0031-00-000031,S1B_IW_GRDH_1SDV_20190210T154900_20190210T154925_014886_01BC91_48D5.SAFE,train
nw-0032-00-000032,S1B_IW_GRDH_1SDV_20190211T035040_20190211T035105_014893_01BCCD_3B74.SAFE,train
nw-0033-00-000033,S1B_IW_GRDH_1SDV_20190211T035040_20190211T035105_014893_01BCCD_3B74.SAFE,train
nw-0034-00-000034,S1A_IW_GRDH_1SDV_20190217T035116_20190217T035141_025964_02E473_BCD6.SAFE,train
nw-0035-00-000035,S1A_IW_GRDH_1SDV_20190217T035141_20190217T035206_025964_02E473_41AA.SAFE,train
nw-0036-00-000036,S1A_IW_GRDH_1SDV_20190217T035141_20190217T035206_025964_02E473_41AA.SAFE,train
nw-0037-00-000037,S1B_IW_GRDH_1SDV_20190217T154032_20190217T154057_014988_01BFFD_6BFC.SAFE,train
nw-0038-00-000038,S1B_IW_GRDH_1SDV_20190217T154032_20190217T154057_014988_01BFFD_6BFC.SAFE,train
nw-0039-00-000039,S1B_IW_GRDH_1SDV_20190218T034234_20190218T034259_014995_01C035_8F1B.SAFE,train
nw-0040-00-000040,S1B_IW_GRDH_1SDV_20190218T034259_20190218T034324_014995_01C035_58C9.SAFE;S1B_IW_GRDH_1SDV_20190218T034234_20190218T034259_014995_01C035_8F1B.SAFE,train
nw-0044-00-000044,S1A_IW_GRDH_1SDV_20190222T035926_20190222T035951_026037_02E70F_1C4A.SAFE,train
nw-0046-00-000046,S1B_IW_GRDH_1SDV_20190223T035130_20190223T035155_015068_01C287_0DC8.SAFE,train
nw-0047-00-000047,S1B_IW_GRDH_1SDV_20190223T035130_20190223T035155_015068_01C287_0DC8.SAFE,train
nw-0050-00-000050,S1A_IW_GRDH_1SDV_20190224T034322_20190224T034347_026066_02E816_1321.SAFE,train
nw-0051-00-000051,S1A_IW_GRDH_1SDV_20190306T035951_20190306T040016_026212_02ED51_0951.SAFE,train
nw-0052-00-000052,S1A_IW_GRDH_1SDV_20190306T035951_20190306T040016_026212_02ED51_0951.SAFE,train
nw-0053-00-000053,S1A_IW_GRDH_1SDV_20190306T040016_20190306T040041_026212_02ED51_9536.SAFE;S1A_IW_GRDH_1SDV_20190306T035951_20190306T040016_026212_02ED51_0951.SAFE,train
nw-0054-00-000054,S1A_IW_GRDH_1SDV_20190306T035926_20190306T035951_026212_02ED51_1D32.SAFE,train
nw-0055-00-000055,S1A_IW_GRDH_1SDV_20190306T035926_20190306T035951_026212_02ED51_1D32.SAFE,train
nw-0056-00-000056,S1A_IW_GRDH_1SDV_20190306T035926_20190306T035951_026212_02ED51_1D32.SAFE,train
nw-0057-00-000057,S1A_IW_GRDH_1SDV_20190306T035951_20190306T040016_026212_02ED51_0951.SAFE,train
nw-0058-00-000058,S1A_IW_GRDH_1SDV_20190306T035926_20190306T035951_026212_02ED51_1D32.SAFE,train
nw-0059-00-000059,S1B_IW_GRDH_1SDV_20190307T035129_20190307T035154_015243_01C850_97F9.SAFE,train
nw-0060-00-000060,S1B_IW_GRDH_1SDV_20190318T154810_20190318T154835_015411_01CDBD_41F5.SAFE,train
nw-0061-00-000061,S1B_IW_GRDH_1SDV_20190318T154810_20190318T154835_015411_01CDBD_41F5.SAFE,train
nw-0064-00-000064,S1A_IW_GRDH_1SDV_20190411T040017_20190411T040042_026737_0300A0_6CE0.SAFE,train
nw-0065-00-000065,S1B_IW_GRDH_1SDV_20190412T035040_20190412T035105_015768_01D985_9F88.SAFE,train
nw-0066-00-000066,S1B_IW_GRDH_1SDV_20190429T035941_20190429T040006_016016_01E1C8_58C8.SAFE,train
nw-0067-00-000067,S1B_IW_GRDH_1SDV_20190429T035941_20190429T040006_016016_01E1C8_58C8.SAFE,train
nw-0068-00-000068,S1A_IW_GRDH_1SDV_20190429T154927_20190429T154952_027007_030A73_C58E.SAFE,train
nw-0069-00-000069,S1B_IW_GRDH_1SDV_20190510T155642_20190510T155711_016184_01E73D_7764.SAFE,train
nw-0070-00-000070,S1B_IW_GRDH_1SDV_20190511T035851_20190511T035916_016191_01E77E_ECCB.SAFE,train
nw-0071-00-000071,S1B_IW_GRDH_1SDV_20190511T035851_20190511T035916_016191_01E77E_ECCB.SAFE,train
nw-0072-00-000072,S1A_IW_GRDH_1SDV_20190511T154952_20190511T155017_027182_031070_90C8.SAFE,train
nw-0074-00-000074,S1A_IW_GRDH_1SDV_20190519T034259_20190519T034324_027291_0313E1_D2CA.SAFE,train
nw-0076-00-000076,S1A_IW_GRDH_1SDV_20190609T155730_20190609T155755_027605_031D91_51DD.SAFE,train
nw-0077-00-000077,S1A_IW_GRDH_1SDV_20190609T155730_20190609T155755_027605_031D91_51DD.SAFE,train
nw-0078-00-000078,S1A_IW_GRDH_1SDV_20190609T155730_20190609T155755_027605_031D91_51DD.SAFE,train
nw-0079-00-000079,S1B_IW_GRDH_1SDV_20190610T154903_20190610T154928_016636_01F4FD_9997.SAFE;S1B_IW_GRDH_1SDV_20190610T154838_20190610T154903_016636_01F4FD_6C1D.SAFE,train
nw-0080-00-000080,S1B_IW_GRDH_1SDV_20190611T035133_20190611T035158_016643_01F530_8193.SAFE,train
nw-0081-00-000081,S1A_IW_GRDH_1SDV_20190612T034325_20190612T034350_027641_031EA9_55D4.SAFE,train
nw-0083-00-000083,S1B_IW_GRDH_1SDV_20190618T034336_20190618T034401_016745_01F848_6273.SAFE,train
nw-0084-00-000084,S1B_IW_GRDH_1SDV_20190623T035134_20190623T035159_016818_01FA62_D8E1.SAFE,train
nw-0085-00-000085,S1B_IW_GRDH_1SDV_20190623T035134_20190623T035159_016818_01FA62_D8E1.SAFE,train
nw-0086-00-000086,S1B_IW_GRDH_1SDV_20190623T035134_20190623T035159_016818_01FA62_D8E1.SAFE,train
nw-0089-00-000089,S1A_IW_GRDH_1SDV_20190716T040022_20190716T040047_028137_032D90_2975.SAFE,train
nw-0090-00-000090,S1A_IW_GRDH_1SDV_20190716T040022_20190716T040047_028137_032D90_2975.SAFE,train
nw-0091-00-000091,S1B_IW_GRDH_1SDV_20190729T035046_20190729T035111_017343_0209D6_0255.SAFE,train
nw-0094-00-000094,S1A_IW_GRDH_1SDV_20190811T034304_20190811T034329_028516_03394F_1357.SAFE,train
nw-0095-00-000095,S1A_IW_GRDH_1SDV_20190821T040024_20190821T040049_028662_033E63_3BDB.SAFE,train
nw-0096-00-000096,S1A_IW_GRDH_1SDV_20190822T154130_20190822T154155_028684_033F1B_7F0B.SAFE,train
nw-0097-00-000097,S1B_IW_GRDH_1SDV_20190827T035948_20190827T040013_017766_0216ED_1CA7.SAFE,train
nw-0098-00-000098,S1B_IW_GRDH_1SDV_20190827T035948_20190827T040013_017766_0216ED_1CA7.SAFE,train
nw-0106-00-000106,S1B_IW_GRDH_1SDV_20190910T034341_20190910T034406_017970_021D4F_51B0.SAFE,train
nw-0107-00-000107,S1B_IW_GRDH_1SDV_20190910T034341_20190910T034406_017970_021D4F_51B0.SAFE,train
nw-0108-00-000108,S1B_IW_GRDH_1SDV_20190910T034251_20190910T034316_017970_021D4F_07F7.SAFE,train
nw-0109-00-000109,S1A_IW_GRDH_1SDV_20190926T035936_20190926T040001_029187_035080_891A.SAFE,train
nw-0110-00-000110,S1A_IW_GRDH_1SDV_20190926T040001_20190926T040026_029187_035080_FDB2.SAFE;S1A_IW_GRDH_1SDV_20190926T035936_20190926T040001_029187_035080_891A.SAFE,train
nw-0111-00-000111,S1B_IW_GRDH_1SDV_20190926T154845_20190926T154910_018211_0224A2_64E7.SAFE,train
nw-0112-00-000112,S1B_IW_GRDH_1SDV_20190926T154820_20190926T154845_018211_0224A2_1533.SAFE,train
nw-0114-00-000114,S1A_IW_GRDH_1SDV_20190930T160548_20190930T160613_029253_0352E1_E2DE.SAFE,train
nw-0116-00-000116,S1B_IW_GRDH_1SDV_20191002T040014_20191002T040038_018291_022738_7985.SAFE,train
nw-0117-00-000117,S1B_IW_GRDH_1SDV_20191002T035859_20191002T035924_018291_022738_414F.SAFE,train
nw-0121-00-000121,S1A_IW_GRDH_1SDV_20191003T035216_20191003T035241_029289_035408_850A.SAFE,train
nw-0123-00-000123,S1B_IW_GRDH_1SDV_20191004T034317_20191004T034342_018320_02282B_4A6D.SAFE,train
nw-0124-00-000124,S1B_IW_GRDH_1SDV_20191004T034317_20191004T034342_018320_02282B_4A6D.SAFE,train
nw-0125-00-000125,S1B_IW_GRDH_1SDV_20191004T034317_20191004T034342_018320_02282B_4A6D.SAFE,train
nw-0126-00-000126,S1B_IW_GRDH_1SDV_20191004T034317_20191004T034342_018320_02282B_4A6D.SAFE,train
nw-0127-00-000127,S1B_IW_GRDH_1SDV_20191004T034227_20191004T034252_018320_02282B_0F0F.SAFE,train
nw-0128-00-000128,S1A_IW_GRDH_1SDV_20191007T155712_20191007T155737_029355_035652_8FCF.SAFE,train
nw-0129-00-000129,S1A_IW_GRDH_1SDV_20191007T155712_20191007T155737_029355_035652_8FCF.SAFE,train
nw-0130-00-000130,S1A_IW_GRDH_1SDV_20191007T155737_20191007T155802_029355_035652_1009.SAFE,train
nw-0131-00-000131,S1B_IW_GRDH_1SDV_20191009T035114_20191009T035139_018393_022A5F_B79F.SAFE,train
nw-0132-00-000132,S1A_IW_GRDH_1SDV_20191010T034331_20191010T034356_029391_035788_7CA8.SAFE,train
nw-0133-00-000133,S1A_IW_GRDH_1SDV_20191010T034331_20191010T034356_029391_035788_7CA8.SAFE,train
nw-0134-00-000134,S1A_IW_GRDH_1SDV_20191014T154910_20191014T154935_029457_0359DE_77C2.SAFE;S1A_IW_GRDH_1SDV_20191014T154845_20191014T154910_029457_0359DE_D1AE.SAFE,train
nw-0135-00-000135,S1B_IW_GRDH_1SDV_20191021T035049_20191021T035114_018568_022FC0_D1AC.SAFE,train
nw-0136-00-000136,S1A_IW_GRDH_1SDV_20191027T035126_20191027T035151_029639_036018_5E0C.SAFE,train
nw-0138-00-000138,S1B_IW_GRDH_1SDV_20191030T160529_20191030T160554_018707_023425_8B2A.SAFE,train
nw-0139-00-000139,S1A_IW_GRDH_1SDV_20191102T154132_20191102T154157_029734_036369_DF53.SAFE,train
nw-0140-00-000140,S1A_IW_GRDH_1SDV_20191102T154042_20191102T154107_029734_036369_8794.SAFE,train
nw-0142-00-000142,S1A_IW_GRDH_1SDV_20191120T035126_20191120T035151_029989_036C5B_1AC3.SAFE,train
nw-0143-00-000143,S1A_IW_GRDH_1SDV_20191120T035126_20191120T035151_029989_036C5B_1AC3.SAFE,train
nw-0144-00-000144,S1A_IW_GRDH_1SDV_20191120T035126_20191120T035151_029989_036C5B_1AC3.SAFE,train
nw-0145-00-000145,S1B_IW_GRDH_1SDV_20191120T154041_20191120T154106_019013_023E0F_D976.SAFE,train
nw-0149-00-000149,S1B_IW_GRDH_1SDV_20191123T160439_20191123T160504_019057_023F6D_FB3B.SAFE,train
nw-0152-00-000152,S1B_IW_GRDH_1SDV_20191203T034226_20191203T034251_019195_0243D6_C23B.SAFE,train
nw-0154-00-000154,S1B_IW_GRDH_1SDV_20191203T034226_20191203T034251_019195_0243D6_C23B.SAFE,train
nw-0155-00-000155,S1B_IW_GRDH_1SDV_20191203T034226_20191203T034251_019195_0243D6_C23B.SAFE,train
nw-0156-00-000156,S1A_IW_GRDH_1SDV_20191204T033502_20191204T033527_030193_037365_9BAB.SAFE,train
nw-0157-00-000157,S1A_IW_GRDH_1SDV_20191206T155801_20191206T155826_030230_0374B1_B398.SAFE,train
nw-0158-00-000158,S1A_IW_GRDH_1SDV_20191206T155801_20191206T155826_030230_0374B1_B398.SAFE,train
nw-0159-00-000159,S1A_IW_GRDH_1SDV_20191206T155801_20191206T155826_030230_0374B1_B398.SAFE,train
nw-0161-00-000161,S1A_IW_GRDH_1SDV_20191218T155800_20191218T155825_030405_037AC0_AAC3.SAFE,train
nw-0162-00-000162,S1A_IW_GRDH_1SDV_20191219T040000_20191219T040025_030412_037AF3_C394.SAFE,train
nw-0163-00-000163,S1A_IW_GRDH_1SDV_20191219T040000_20191219T040025_030412_037AF3_C394.SAFE,train
nw-0164-00-000164,S1B_IW_GRDH_1SDV_20191219T154908_20191219T154933_019436_024B6B_E2BB.SAFE,train
nw-0171-00-000171,S1A_IW_GRDH_1SDV_20191221T034420_20191221T034445_030441_037BF3_B34A.SAFE,train
nw-0172-00-000172,S1A_IW_GRDH_1SDV_20191221T034305_20191221T034330_030441_037BF3_7BCE.SAFE,train
nw-0173-01-000001,S1B_IW_GRDH_1SDV_20190101T034300_20190101T034325_014295_01A97E_39B8.SAFE;S1B_IW_GRDH_1SDV_20190101T034235_20190101T034300_014295_01A97E_458A.SAFE,train
nw-0174-01-000002,S1B_IW_GRDH_1SDV_20190101T034300_20190101T034325_014295_01A97E_39B8.SAFE;S1B_IW_GRDH_1SDV_20190101T034235_20190101T034300_014295_01A97E_458A.SAFE,train
nw-0175-01-000003,S1A_IW_GRDH_1SDV_20190104T155753_20190104T155818_025330_02CD9D_5240.SAFE,train
nw-0176-01-000004,S1A_IW_GRDH_1SDV_20190107T034258_20190107T034323_025366_02CEEB_0BC0.SAFE,train
nw-0177-01-000005,S1A_IW_GRDH_1SDV_20190107T034258_20190107T034323_025366_02CEEB_0BC0.SAFE,train
nw-0178-01-000006,S1A_IW_GRDH_1SDV_20190112T035207_20190112T035232_025439_02D183_4040.SAFE,train
nw-0179-01-000007,S1B_IW_GRDH_1SDV_20190117T154901_20190117T154926_014536_01B131_70CE.SAFE,train
nw-0180-01-000008,S1B_IW_GRDH_1SDV_20190118T035105_20190118T035130_014543_01B170_C9E7.SAFE,train
nw-0181-01-000009,S1B_IW_GRDH_1SDV_20190118T035040_20190118T035105_014543_01B170_CD8E.SAFE,train
nw-0182-01-000010,S1B_IW_GRDH_1SDV_20190118T035040_20190118T035105_014543_01B170_CD8E.SAFE,train
nw-0183-01-000011,S1A_IW_GRDH_1SDV_20190119T034258_20190119T034323_025541_02D53C_2934.SAFE,train
nw-0187-01-000015,S1B_IW_GRDH_1SDV_20190122T155641_20190122T155710_014609_01B38C_DBD6.SAFE,train
nw-0188-01-000016,S1A_IW_GRDH_1SDV_20190123T154951_20190123T155016_025607_02D7AD_28B7.SAFE,train
nw-0189-01-000017,S1A_IW_GRDH_1SDV_20190202T160604_20190202T160629_025753_02DD0D_834D.SAFE,train
nw-0192-01-000020,S1B_IW_GRDH_1SDV_20190208T160520_20190208T160545_014857_01BBA6_32E4.SAFE,train
nw-0193-01-000021,S1B_IW_GRDH_1SDV_20190217T154007_20190217T154032_014988_01BFFD_30F0.SAFE,train
nw-0194-01-000022,S1B_IW_GRDH_1SDV_20190217T154007_20190217T154032_014988_01BFFD_30F0.SAFE,train
nw-0195-01-000023,S1B_IW_GRDH_1SDV_20190218T034234_20190218T034259_014995_01C035_8F1B.SAFE,train
nw-0196-01-000024,S1B_IW_GRDH_1SDV_20190220T160519_20190220T160544_015032_01C169_37F7.SAFE,train
nw-0197-01-000025,S1A_IW_GRDH_1SDV_20190221T155727_20190221T155752_026030_02E6CF_E2B0.SAFE,train
nw-0199-01-000027,S1B_IW_GRDH_1SDV_20190222T154810_20190222T154835_015061_01C24C_9BBE.SAFE,train
nw-0202-01-000030,S1A_IW_GRDH_1SDV_20190224T034347_20190224T034412_026066_02E816_11C9.SAFE,train
nw-0204-01-000032,S1A_IW_GRDH_1SDV_20190228T154835_20190228T154900_026132_02EA77_0A79.SAFE,train
nw-0205-01-000033,S1B_IW_GRDH_1SDV_20190304T160429_20190304T160454_015207_01C72A_60D4.SAFE,train
nw-0206-01-000034,S1A_IW_GRDH_1SDV_20190306T040016_20190306T040041_026212_02ED51_9536.SAFE,train
nw-0207-01-000035,S1B_IW_GRDH_1SDV_20190306T154810_20190306T154835_015236_01C814_5AC6.SAFE,train
nw-0208-01-000036,S1B_IW_GRDH_1SDV_20190307T035129_20190307T035154_015243_01C850_97F9.SAFE,train
nw-0209-01-000037,S1A_IW_GRDH_1SDV_20190308T034257_20190308T034322_026241_02EE61_4F36.SAFE,train
nw-0211-01-000039,S1B_IW_GRDH_1SDV_20190309T033433_20190309T033458_015272_01C939_A199.SAFE,train
nw-0214-01-000042,S1A_IW_GRDH_1SDV_20190320T034257_20190320T034322_026416_02F4D4_2093.SAFE,train
nw-0215-01-000043,S1B_IW_GRDH_1SDV_20190323T155709_20190323T155734_015484_01D01A_C448.SAFE,train
nw-0216-01-000044,S1B_IW_GRDH_1SDV_20190324T035850_20190324T035915_015491_01D05D_576D.SAFE,train
nw-0217-01-000045,S1A_IW_GRDH_1SDV_20190324T154951_20190324T155016_026482_02F74C_6262.SAFE,train
nw-0218-01-000046,S1A_IW_GRDH_1SDV_20190325T035117_20190325T035142_026489_02F78B_9B72.SAFE,train
nw-0219-01-000047,S1A_IW_GRDH_1SDV_20190325T035117_20190325T035142_026489_02F78B_9B72.SAFE,train
nw-0221-01-000049,S1A_IW_GRDH_1SDV_20190405T154901_20190405T154926_026657_02FDC3_00D2.SAFE,train
nw-0222-01-000050,S1A_IW_GRDH_1SDV_20190405T154901_20190405T154926_026657_02FDC3_00D2.SAFE,train
nw-0223-01-000051,S1B_IW_GRDH_1SDV_20190411T154836_20190411T154901_015761_01D947_D398.SAFE,train
nw-0224-01-000052,S1B_IW_GRDH_1SDV_20190412T035105_20190412T035130_015768_01D985_01C9.SAFE,train
nw-0225-01-000053,S1A_IW_GRDH_1SDV_20190423T040018_20190423T040043_026912_0306F7_E21A.SAFE,train
nw-0226-01-000054,S1B_IW_GRDH_1SDV_20190423T154836_20190423T154901_015936_01DF14_E7F4.SAFE,train
nw-0227-01-000055,S1A_IW_GRDH_1SDV_20190427T160540_20190427T160605_026978_03096D_E604.SAFE,train
nw-0228-01-000056,S1A_IW_GRDH_1SDV_20190429T154837_20190429T154902_027007_030A73_8C50.SAFE,train
nw-0229-01-000057,S1A_IW_GRDH_1SDV_20190429T154927_20190429T154952_027007_030A73_C58E.SAFE,train
nw-0231-01-000059,S1A_IW_GRDH_1SDV_20190511T154952_20190511T155017_027182_031070_90C8.SAFE,train
nw-0233-01-000061,S1A_IW_GRDH_1SDV_20190604T154928_20190604T154953_027532_031B5A_1FA3.SAFE,train
nw-0237-01-000065,S1B_IW_GRDH_1SDV_20190616T035918_20190616T035943_016716_01F766_2E45.SAFE,train
nw-0238-01-000066,S1B_IW_GRDH_1SDV_20190616T035918_20190616T035943_016716_01F766_2E45.SAFE,train
nw-0239-01-000067,S1B_IW_GRDH_1SDV_20190616T035918_20190616T035943_016716_01F766_2E45.SAFE,train
nw-0240-01-000068,S1B_IW_GRDH_1SDV_20190616T035918_20190616T035943_016716_01F766_2E45.SAFE,train
nw-0242-01-000070,S1A_IW_GRDH_1SDV_20190617T035145_20190617T035210_027714_0320D5_4009.SAFE,train
nw-0246-01-000074,S1B_IW_GRDH_1SDV_20190628T035854_20190628T035919_016891_01FC8F_151B.SAFE,train
nw-0247-01-000075,S1B_IW_GRDH_1SDV_20190709T155715_20190709T155740_017059_020187_FF25.SAFE,train
nw-0248-01-000076,S1A_IW_GRDH_1SDV_20190716T040022_20190716T040047_028137_032D90_2975.SAFE,train
nw-0250-01-000078,S1A_IW_GRDH_1SDV_20190723T035212_20190723T035237_028239_0330A7_A061.SAFE,train
nw-0252-01-000080,S1A_IW_GRDH_1SDV_20190806T033501_20190806T033526_028443_0336DB_6632.SAFE,train
nw-0253-01-000081,S1B_IW_GRDH_1SDV_20190810T035047_20190810T035112_017518_020F20_4C8A.SAFE,train
nw-0254-01-000082,S1A_IW_GRDH_1SDV_20190811T034304_20190811T034329_028516_03394F_1357.SAFE,train
nw-0255-01-000083,S1B_IW_GRDH_1SDV_20190814T155648_20190814T155717_017584_021134_3F1E.SAFE,train
nw-0258-01-000086,S1A_IW_GRDH_1SDV_20190816T035214_20190816T035239_028589_033BD4_B8FD.SAFE,train
nw-0259-01-000087,S1B_IW_GRDH_1SDV_20190817T034340_20190817T034405_017620_021260_79A2.SAFE,train
nw-0261-01-000089,S1B_IW_GRDH_1SDV_20190823T153225_20190823T153250_017715_021546_92F3.SAFE,train
nw-0266-01-000094,S1B_IW_GRDH_1SDV_20190903T035138_20190903T035203_017868_021A04_85C3.SAFE,train
nw-0267-01-000095,S1B_IW_GRDH_1SDV_20190903T035138_20190903T035203_017868_021A04_85C3.SAFE,train
nw-0270-01-000098,S1A_IW_GRDH_1SDV_20190904T034355_20190904T034420_028866_034579_B50C.SAFE,train
nw-0271-01-000099,S1B_IW_GRDH_1SDV_20190920T035949_20190920T040014_018116_0221CA_4A44.SAFE,train
nw-0272-01-000100,S1B_IW_GRDH_1SDV_20190920T035949_20190920T040014_018116_0221CA_4A44.SAFE,train
nw-0273-01-000101,S1B_IW_GRDH_1SDV_20190921T154041_20190921T154106_018138_022283_3509.SAFE,train
nw-0274-01-000102,S1A_IW_GRDH_1SDV_20190925T155712_20190925T155737_029180_035045_0057.SAFE,train
nw-0275-01-000103,S1A_IW_GRDH_1SDV_20190925T155712_20190925T155737_029180_035045_0057.SAFE,train
nw-0276-01-000104,S1B_IW_GRDH_1SDV_20190926T154820_20190926T154845_018211_0224A2_1533.SAFE,train
nw-0277-01-000105,S1B_IW_GRDH_1SDV_20190926T154910_20190926T154935_018211_0224A2_D216.SAFE,train
nw-0278-01-000106,S1B_IW_GRDH_1SDV_20190926T154820_20190926T154845_018211_0224A2_1533.SAFE,train
nw-0279-01-000107,S1A_IW_GRDH_1SDV_20190930T160548_20190930T160613_029253_0352E1_E2DE.SAFE,train
nw-0280-01-000108,S1B_IW_GRDH_1SDV_20191001T155650_20191001T155719_018284_0226F3_A521.SAFE,train
nw-0281-01-000109,S1B_IW_GRDH_1SDV_20191001T155650_20191001T155719_018284_0226F3_A521.SAFE,train
nw-0282-01-000110,S1B_IW_GRDH_1SDV_20191002T040014_20191002T040038_018291_022738_7985.SAFE;S1B_IW_GRDH_1SDV_20191002T035949_20191002T040014_018291_022738_5054.SAFE,train
nw-0283-01-000111,S1B_IW_GRDH_1SDV_20191002T035859_20191002T035924_018291_022738_414F.SAFE,train
nw-0284-01-000112,S1B_IW_GRDH_1SDV_20191002T035924_20191002T035949_018291_022738_4C40.SAFE;S1B_IW_GRDH_1SDV_20191002T035859_20191002T035924_018291_022738_414F.SAFE,train
nw-0288-01-000116,S1A_IW_GRDH_1SDV_20191002T154910_20191002T154935_029282_0353D1_55BD.SAFE,train
nw-0290-01-000118,S1A_IW_GRDH_1SDV_20191005T033503_20191005T033528_029318_035507_57C3.SAFE,train
nw-0291-01-000119,S1A_IW_GRDH_1SDV_20191008T040001_20191008T040026_029362_03568A_1887.SAFE,train
nw-0292-01-000120,S1B_IW_GRDH_1SDV_20191008T154844_20191008T154909_018386_022A2C_1FB0.SAFE,train
nw-0294-01-000122,S1A_IW_GRDH_1SDV_20191010T034331_20191010T034356_029391_035788_7CA8.SAFE,train
nw-0297-01-000125,S1B_IW_GRDH_1SDV_20191021T035114_20191021T035139_018568_022FC0_0980.SAFE,train
nw-0298-01-000126,S1B_IW_GRDH_1SDV_20191021T035114_20191021T035139_018568_022FC0_0980.SAFE,train
nw-0299-01-000127,S1A_IW_GRDH_1SDV_20191021T154131_20191021T154156_029559_035D56_1CD1.SAFE,train
nw-0300-01-000128,S1A_IW_GRDH_1SDV_20191022T034331_20191022T034356_029566_035D93_9262.SAFE,train
nw-0302-01-000130,S1B_IW_GRDH_1SDV_20191030T160439_20191030T160504_018707_023425_6ED4.SAFE,train
nw-0303-01-000131,S1B_IW_GRDH_1SDV_20191030T160504_20191030T160529_018707_023425_5A68.SAFE,train
nw-0304-01-000132,S1B_IW_GRDH_1SDV_20191030T160504_20191030T160529_018707_023425_5A68.SAFE,train
nw-0305-01-000133,S1B_IW_GRDH_1SDV_20191030T160504_20191030T160529_018707_023425_5A68.SAFE,train
nw-0308-01-000136,S1A_IW_GRDH_1SDV_20191103T034332_20191103T034357_029741_0363B0_BB8A.SAFE,train
nw-0309-01-000137,S1A_IW_GRDH_1SDV_20191103T034332_20191103T034357_029741_0363B0_BB8A.SAFE,train
nw-0310-01-000138,S1A_IW_GRDH_1SDV_20191107T155000_20191107T155025_029807_03660E_E0E7.SAFE,train
nw-0314-01-000142,S1A_IW_GRDH_1SDV_20191120T035151_20191120T035216_029989_036C5B_72B9.SAFE,train
nw-0315-01-000143,S1B_IW_GRDH_1SDV_20191123T160504_20191123T160529_019057_023F6D_E19E.SAFE,train
nw-0317-01-000145,S1A_IW_GRDH_1SDV_20191202T035215_20191202T035240_030164_03726A_C5FF.SAFE,train
nw-0320-01-000148,S1A_IW_GRDH_1SDV_20191204T033502_20191204T033527_030193_037365_9BAB.SAFE,train
nw-0321-01-000149,S1B_IW_GRDH_1SDV_20191205T160528_20191205T160553_019232_0244F5_30FC.SAFE,train
nw-0322-01-000150,S1A_IW_GRDH_1SDV_20191206T155736_20191206T155801_030230_0374B1_C453.SAFE;S1A_IW_GRDH_1SDV_20191206T155711_20191206T155736_030230_0374B1_03C9.SAFE,train
nw-0323-01-000151,S1A_IW_GRDH_1SDV_20191206T155736_20191206T155801_030230_0374B1_C453.SAFE,train
nw-0324-01-000152,S1A_IW_GRDH_1SDV_20191206T155736_20191206T155801_030230_0374B1_C453.SAFE,train
nw-0325-01-000153,S1B_IW_GRDH_1SDV_20191207T154819_20191207T154844_019261_0245D7_02A3.SAFE,train
nw-0326-01-000154,S1B_IW_GRDH_1SDV_20191207T154909_20191207T154934_019261_0245D7_07B0.SAFE,train
nw-0327-01-000155,S1B_IW_GRDH_1SDV_20191207T154909_20191207T154934_019261_0245D7_07B0.SAFE,train
nw-0329-01-000157,S1A_IW_GRDH_1SDV_20191214T035150_20191214T035215_030339_037875_1D0E.SAFE,train
nw-0331-01-000159,S1B_IW_GRDH_1SDV_20191215T034251_20191215T034316_019370_024965_FD00.SAFE,train
nw-0332-01-000160,S1A_IW_GRDH_1SDV_20191216T033502_20191216T033527_030368_037971_985D.SAFE,train
nw-0333-01-000161,S1A_IW_GRDH_1SDV_20191218T155710_20191218T155735_030405_037AC0_C384.SAFE,train
nw-0334-01-000162,S1A_IW_GRDH_1SDV_20191218T155710_20191218T155735_030405_037AC0_C384.SAFE,train
nw-0335-01-000163,S1A_IW_GRDH_1SDV_20191218T155800_20191218T155825_030405_037AC0_AAC3.SAFE,train
nw-0337-01-000165,S1A_IW_GRDH_1SDV_20191221T034420_20191221T034445_030441_037BF3_B34A.SAFE,train
nw-0338-01-000166,S1A_IW_GRDH_1SDV_20191225T154958_20191225T155023_030507_037E47_A28A.SAFE,train
nw-0339-01-000167,S1B_IW_GRDH_1SDV_20191227T034225_20191227T034250_019545_024EF5_F00E.SAFE,train
nw-0340-01-000168,S1B_IW_GRDH_1SDV_20191229T160527_20191229T160552_019582_02501D_988D.SAFE,train
nw-0341-01-000169,S1B_IW_GRDH_1SDV_20191229T160527_20191229T160552_019582_02501D_988D.SAFE,train
nw-0344-02-000001,S1A_IW_GRDH_1SDV_20190104T155728_20190104T155753_025330_02CD9D_B67E.SAFE,train
nw-0347-02-000004,S1B_IW_GRDH_1SDV_20190111T035941_20190111T040006_014441_01AE2F_B933.SAFE,train
nw-0348-02-000005,S1B_IW_GRDH_1SDV_20190112T154033_20190112T154058_014463_01AEE6_B38F.SAFE,train
nw-0352-02-000009,S1A_IW_GRDH_1SDV_20190118T154058_20190118T154123_025534_02D4F3_3A0C.SAFE,train
nw-0353-02-000010,S1B_IW_GRDH_1SDV_20190120T033409_20190120T033434_014572_01B258_3D3D.SAFE,train
nw-0355-02-000012,S1B_IW_GRDH_1SDV_20190123T035850_20190123T035915_014616_01B3CB_4179.SAFE,train
nw-0356-02-000013,S1A_IW_GRDH_1SDV_20190202T160604_20190202T160629_025753_02DD0D_834D.SAFE,train
nw-0358-02-000015,S1B_IW_GRDH_1SDV_20190206T034234_20190206T034259_014820_01BA76_DF73.SAFE,train
nw-0360-02-000017,S1A_IW_GRDH_1SDV_20190210T035926_20190210T035951_025862_02E0DD_F8D7.SAFE,train
nw-0361-02-000018,S1A_IW_GRDH_1SDV_20190210T035926_20190210T035951_025862_02E0DD_F8D7.SAFE,train
nw-0363-02-000020,S1B_IW_GRDH_1SDV_20190213T033433_20190213T033458_014922_01BDB4_07BD.SAFE,train
nw-0364-02-000021,S1B_IW_GRDH_1SDV_20190216T035850_20190216T035915_014966_01BF36_326E.SAFE,train
nw-0365-02-000022,S1B_IW_GRDH_1SDV_20190216T035850_20190216T035915_014966_01BF36_326E.SAFE,train
nw-0366-02-000023,S1B_IW_GRDH_1SDV_20190216T035850_20190216T035915_014966_01BF36_326E.SAFE,train
nw-0367-02-000024,S1A_IW_GRDH_1SDV_20190217T035141_20190217T035206_025964_02E473_41AA.SAFE,train
nw-0368-02-000025,S1B_IW_GRDH_1SDV_20190218T034234_20190218T034259_014995_01C035_8F1B.SAFE,train
nw-0369-02-000026,S1B_IW_GRDH_1SDV_20190220T160519_20190220T160544_015032_01C169_37F7.SAFE,train
nw-0371-02-000028,S1A_IW_GRDH_1SDV_20190221T155727_20190221T155752_026030_02E6CF_E2B0.SAFE,train
nw-0374-02-000031,S1A_IW_GRDH_1SDV_20190222T035926_20190222T035951_026037_02E70F_1C4A.SAFE,train
nw-0376-02-000033,S1B_IW_GRDH_1SDV_20190222T154900_20190222T154925_015061_01C24C_2830.SAFE,train
nw-0377-02-000034,S1B_IW_GRDH_1SDV_20190222T154900_20190222T154925_015061_01C24C_2830.SAFE,train
nw-0378-02-000035,S1B_IW_GRDH_1SDV_20190222T154810_20190222T154835_015061_01C24C_9BBE.SAFE,train
nw-0382-02-000039,S1B_IW_GRDH_1SDV_20190302T034259_20190302T034324_015170_01C5ED_B305.SAFE,train
nw-0383-02-000040,S1A_IW_GRDH_1SDV_20190306T035951_20190306T040016_026212_02ED51_0951.SAFE,train
nw-0384-02-000041,S1A_IW_GRDH_1SDV_20190306T035951_20190306T040016_026212_02ED51_0951.SAFE,train
nw-0385-02-000042,S1A_IW_GRDH_1SDV_20190312T154950_20190312T155015_026307_02F0D5_0885.SAFE,train
nw-0387-02-000044,S1A_IW_GRDH_1SDV_20190313T035141_20190313T035206_026314_02F112_DA9D.SAFE,train
nw-0388-02-000045,S1B_IW_GRDH_1SDV_20190318T154810_20190318T154835_015411_01CDBD_41F5.SAFE,train
nw-0389-02-000046,S1B_IW_GRDH_1SDV_20190319T035104_20190319T035129_015418_01CDFB_86C8.SAFE;S1B_IW_GRDH_1SDV_20190319T035039_20190319T035104_015418_01CDFB_172B.SAFE,train
nw-0390-02-000047,S1A_IW_GRDH_1SDV_20190324T154901_20190324T154926_026482_02F74C_6168.SAFE,train
nw-0391-02-000048,S1A_IW_GRDH_1SDV_20190324T154951_20190324T155016_026482_02F74C_6262.SAFE,train
nw-0392-02-000049,S1A_IW_GRDH_1SDV_20190331T154122_20190331T154147_026584_02FB04_E6E8.SAFE,train
nw-0394-02-000051,S1B_IW_GRDH_1SDV_20190412T035040_20190412T035105_015768_01D985_9F88.SAFE,train
nw-0395-02-000052,S1B_IW_GRDH_1SDV_20190412T035040_20190412T035105_015768_01D985_9F88.SAFE,train
nw-0396-02-000053,S1B_IW_GRDH_1SDV_20190412T035040_20190412T035105_015768_01D985_9F88.SAFE,train
nw-0399-02-000056,S1A_IW_GRDH_1SDV_20190413T034322_20190413T034347_026766_0301B4_A868.SAFE,train
nw-0400-02-000057,S1B_IW_GRDH_1SDV_20190419T034234_20190419T034259_015870_01DCF1_643E.SAFE,train
nw-0401-02-000058,S1A_IW_GRDH_1SDV_20190424T154123_20190424T154148_026934_0307C2_8DFF.SAFE,train
nw-0402-02-000059,S1A_IW_GRDH_1SDV_20190424T154033_20190424T154058_026934_0307C2_2896.SAFE,train
nw-0406-02-000063,S1A_IW_GRDH_1SDV_20190430T035143_20190430T035208_027014_030AB6_4943.SAFE,train
nw-0407-02-000064,S1A_IW_GRDH_1SDV_20190430T035143_20190430T035208_027014_030AB6_4943.SAFE,train
nw-0408-02-000065,S1B_IW_GRDH_1SDV_20190430T154008_20190430T154033_016038_01E28F_DDE9.SAFE,train
nw-0410-02-000067,S1A_IW_GRDH_1SDV_20190504T155729_20190504T155754_027080_030D1A_9163.SAFE,train
nw-0411-02-000068,S1A_IW_GRDH_1SDV_20190511T154952_20190511T155017_027182_031070_90C8.SAFE,train
nw-0412-02-000069,S1A_IW_GRDH_1SDV_20190512T035118_20190512T035143_027189_0310AB_EEF7.SAFE,train
nw-0413-02-000070,S1B_IW_GRDH_1SDV_20190513T034219_20190513T034244_016220_01E86A_DAE3.SAFE,train
nw-0414-02-000071,S1B_IW_GRDH_1SDV_20190515T160521_20190515T160546_016257_01E988_5FD0.SAFE,train
nw-0416-02-000073,S1A_IW_GRDH_1SDV_20190518T154059_20190518T154124_027284_03139E_2F70.SAFE,train
nw-0418-02-000075,S1A_IW_GRDH_1SDV_20190523T154903_20190523T154928_027357_0315EA_95BE.SAFE,train
nw-0419-02-000076,S1A_IW_GRDH_1SDV_20190523T154928_20190523T154953_027357_0315EA_D01B.SAFE;S1A_IW_GRDH_1SDV_20190523T154903_20190523T154928_027357_0315EA_95BE.SAFE,train
nw-0420-02-000077,S1A_IW_GRDH_1SDV_20190523T154928_20190523T154953_027357_0315EA_D01B.SAFE,train
nw-0422-02-000079,S1A_IW_GRDH_1SDV_20190524T035144_20190524T035209_027364_031625_287A.SAFE,train
nw-0423-02-000080,S1B_IW_GRDH_1SDV_20190524T154009_20190524T154034_016388_01ED9E_4277.SAFE,train
nw-0424-02-000081,S1B_IW_GRDH_1SDV_20190524T154009_20190524T154034_016388_01ED9E_4277.SAFE,train
nw-0425-02-000082,S1A_IW_GRDH_1SDV_20190529T035954_20190529T040019_027437_031860_E8F6.SAFE,train
nw-0426-02-000083,S1A_IW_GRDH_1SDV_20190529T040019_20190529T040044_027437_031860_421A.SAFE,train
nw-0427-02-000084,S1A_IW_GRDH_1SDV_20190529T040019_20190529T040044_027437_031860_421A.SAFE,train
nw-0428-02-000085,S1A_IW_GRDH_1SDV_20190531T034325_20190531T034350_027466_031954_4726.SAFE,train
nw-0429-02-000086,S1A_IW_GRDH_1SDV_20190531T034325_20190531T034350_027466_031954_4726.SAFE,train
nw-0430-02-000087,S1A_IW_GRDH_1SDV_20190531T034300_20190531T034325_027466_031954_5014.SAFE,train
nw-0431-02-000088,S1A_IW_GRDH_1SDV_20190604T154928_20190604T154953_027532_031B5A_1FA3.SAFE,train
nw-0432-02-000089,S1B_IW_GRDH_1SDV_20190606T034221_20190606T034246_016570_01F315_3379.SAFE,train
nw-0433-02-000090,S1A_IW_GRDH_1SDV_20190609T155730_20190609T155755_027605_031D91_51DD.SAFE,train
nw-0434-02-000091,S1B_IW_GRDH_1SDV_20190611T035108_20190611T035133_016643_01F530_8AD0.SAFE,train
nw-0435-02-000092,S1B_IW_GRDH_1SDV_20190611T035108_20190611T035133_016643_01F530_8AD0.SAFE,train
nw-0437-02-000094,S1B_IW_GRDH_1SDV_20190618T034336_20190618T034401_016745_01F848_6273.SAFE;S1B_IW_GRDH_1SDV_20190618T034311_20190618T034336_016745_01F848_5E80.SAFE,train
nw-0439-02-000096,S1A_IW_GRDH_1SDV_20190622T035955_20190622T040020_027787_0322FB_5391.SAFE,train
nw-0440-02-000097,S1B_IW_GRDH_1SDV_20190623T035134_20190623T035159_016818_01FA62_D8E1.SAFE,train
nw-0441-02-000098,S1B_IW_GRDH_1SDV_20190623T035134_20190623T035159_016818_01FA62_D8E1.SAFE,train
nw-0442-02-000099,S1A_IW_GRDH_1SDV_20190624T034301_20190624T034326_027816_0323DB_4474.SAFE,train
nw-0444-02-000101,S1B_IW_GRDH_1SDV_20190710T035855_20190710T035920_017066_0201C0_74E8.SAFE,train
nw-0447-02-000104,S1B_IW_GRDH_1SDV_20190717T035045_20190717T035110_017168_0204B7_F192.SAFE,train
nw-0448-02-000105,S1B_IW_GRDH_1SDV_20190722T035856_20190722T035921_017241_0206D7_728A.SAFE,train
nw-0450-02-000107,S1A_IW_GRDH_1SDV_20190723T035147_20190723T035212_028239_0330A7_B840.SAFE;S1A_IW_GRDH_1SDV_20190723T035122_20190723T035147_028239_0330A7_4635.SAFE,train
nw-0451-02-000108,S1B_IW_GRDH_1SDV_20190810T035047_20190810T035112_017518_020F20_4C8A.SAFE,train
nw-0452-02-000109,S1B_IW_GRDH_1SDV_20190810T035047_20190810T035112_017518_020F20_4C8A.SAFE,train
nw-0453-02-000110,S1A_IW_GRDH_1SDV_20190811T034304_20190811T034329_028516_03394F_1357.SAFE,train
nw-0454-02-000111,S1B_IW_GRDH_1SDV_20190815T035947_20190815T040012_017591_021171_8782.SAFE,train
nw-0455-02-000112,S1A_IW_GRDH_1SDV_20190821T035934_20190821T035959_028662_033E63_CBB0.SAFE,train
nw-0457-02-000114,S1A_IW_GRDH_1SDV_20190828T035124_20190828T035149_028764_0341F0_DBEB.SAFE,train
nw-0458-02-000115,S1A_IW_GRDH_1SDV_20190828T035149_20190828T035214_028764_0341F0_3C12.SAFE,train
nw-0461-02-000118,S1A_IW_GRDH_1SDV_20190904T034355_20190904T034420_028866_034579_B50C.SAFE,train
nw-0462-02-000119,S1A_IW_GRDH_1SDV_20190909T035150_20190909T035215_028939_034806_D86D.SAFE;S1A_IW_GRDH_1SDV_20190909T035125_20190909T035150_028939_034806_F874.SAFE,train
nw-0463-02-000120,S1B_IW_GRDH_1SDV_20190914T154754_20190914T154819_018036_021F43_FD90.SAFE,train
nw-0464-02-000121,S1B_IW_GRDH_1SDV_20190920T035859_20190920T035924_018116_0221CA_C24B.SAFE,train
nw-0465-02-000122,S1A_IW_GRDH_1SDV_20190926T040001_20190926T040026_029187_035080_FDB2.SAFE,train
nw-0466-02-000123,S1B_IW_GRDH_1SDV_20190927T035114_20190927T035139_018218_0224DC_067F.SAFE,train
nw-0467-02-000124,S1B_IW_GRDH_1SDV_20191002T040014_20191002T040038_018291_022738_7985.SAFE,train
nw-0468-02-000125,S1A_IW_GRDH_1SDV_20191008T035936_20191008T040001_029362_03568A_4BC2.SAFE,train
nw-0470-02-000127,S1A_IW_GRDH_1SDV_20191009T154131_20191009T154156_029384_035749_9F6C.SAFE,train
nw-0471-02-000128,S1A_IW_GRDH_1SDV_20191014T155000_20191014T155025_029457_0359DE_FB77.SAFE,train
nw-0472-02-000129,S1A_IW_GRDH_1SDV_20191014T154910_20191014T154935_029457_0359DE_77C2.SAFE,train
nw-0473-02-000130,S1A_IW_GRDH_1SDV_20191015T035126_20191015T035151_029464_035A19_9F94.SAFE,train
nw-0474-02-000131,S1A_IW_GRDH_1SDV_20191015T035216_20191015T035241_029464_035A19_207B.SAFE,train
nw-0475-02-000132,S1B_IW_GRDH_1SDV_20191027T154041_20191027T154106_018663_0232BF_0AC1.SAFE,train
nw-0476-02-000133,S1B_IW_GRDH_1SDV_20191028T034252_20191028T034317_018670_0232F7_237B.SAFE,train
nw-0477-02-000134,S1B_IW_GRDH_1SDV_20191101T154909_20191101T154934_018736_023509_D85B.SAFE,train
nw-0478-02-000135,S1A_IW_GRDH_1SDV_20191108T035126_20191108T035151_029814_03664C_FCC5.SAFE,train
nw-0479-02-000136,S1B_IW_GRDH_1SDV_20191108T154016_20191108T154041_018838_023867_C951.SAFE,train
nw-0480-02-000137,S1B_IW_GRDH_1SDV_20191109T034252_20191109T034317_018845_0238A3_587D.SAFE,train
nw-0481-02-000138,S1B_IW_GRDH_1SDV_20191109T034227_20191109T034252_018845_0238A3_55F3.SAFE,train
nw-0482-02-000139,S1B_IW_GRDH_1SDV_20191109T034227_20191109T034252_018845_0238A3_55F3.SAFE,train
nw-0483-02-000140,S1B_IW_GRDH_1SDV_20191113T154820_20191113T154845_018911_023AAD_38BC.SAFE,train
nw-0484-02-000141,S1A_IW_GRDH_1SDV_20191201T154909_20191201T154934_030157_03722E_6A79.SAFE,train
nw-0485-02-000142,S1B_IW_GRDH_1SDV_20191203T034251_20191203T034316_019195_0243D6_EC71.SAFE,train
nw-0486-02-000143,S1B_IW_GRDH_1SDV_20191203T034251_20191203T034316_019195_0243D6_EC71.SAFE,train
nw-0487-02-000144,S1B_IW_GRDH_1SDV_20191203T034226_20191203T034251_019195_0243D6_C23B.SAFE,train
nw-0488-02-000145,S1A_IW_GRDH_1SDV_20191208T154131_20191208T154156_030259_0375A0_A790.SAFE,train
nw-0494-02-000151,S1B_IW_GRDH_1SDV_20191213T035858_20191213T035923_019341_024871_4AD6.SAFE,train
nw-0496-02-000153,S1B_IW_GRDH_1SDV_20191219T154908_20191219T154933_019436_024B6B_E2BB.SAFE,train
nw-0499-02-000156,S1A_IW_GRDH_1SDV_20191225T154958_20191225T155023_030507_037E47_A28A.SAFE,train
nw-0500-02-000157,S1A_IW_GRDH_1SDV_20191225T154933_20191225T154958_030507_037E47_2787.SAFE;S1A_IW_GRDH_1SDV_20191225T154908_20191225T154933_030507_037E47_44CB.SAFE,train
nw-0501-02-000158,S1B_IW_GRDH_1SDV_20191227T034250_20191227T034315_019545_024EF5_7B19.SAFE,train
nw-0502-02-000159,S1B_IW_GRDH_1SDV_20191229T160527_20191229T160552_019582_02501D_988D.SAFE,train
nw-0503-02-000160,S1B_IW_GRDH_1SDV_20191231T154818_20191231T154843_019611_025103_9D8D.SAFE,train
nw-0504-03-000001,S1B_IW_GRDH_1SDV_20190101T034300_20190101T034325_014295_01A97E_39B8.SAFE,train
nw-0505-03-000002,S1A_IW_GRDH_1SDV_20190105T035928_20190105T035953_025337_02CDDA_E728.SAFE,train
nw-0506-03-000003,S1A_IW_GRDH_1SDV_20190105T035928_20190105T035953_025337_02CDDA_E728.SAFE,train
nw-0508-03-000005,S1B_IW_GRDH_1SDV_20190118T035040_20190118T035105_014543_01B170_CD8E.SAFE,train
nw-0509-03-000006,S1B_IW_GRDH_1SDV_20190127T160520_20190127T160545_014682_01B5E9_2D4B.SAFE,train
nw-0510-03-000007,S1A_IW_GRDH_1SDV_20190130T154122_20190130T154147_025709_02DB59_6E7F.SAFE,train
nw-0511-03-000008,S1A_IW_GRDH_1SDV_20190131T034257_20190131T034322_025716_02DBA1_AA0C.SAFE,train
nw-0512-03-000009,S1B_IW_GRDH_1SDV_20190206T034234_20190206T034259_014820_01BA76_DF73.SAFE,train
nw-0513-03-000010,S1B_IW_GRDH_1SDV_20190216T035940_20190216T040005_014966_01BF36_8C52.SAFE,train
nw-0514-03-000011,S1B_IW_GRDH_1SDV_20190216T040005_20190216T040029_014966_01BF36_0C59.SAFE,train
nw-0515-03-000012,S1B_IW_GRDH_1SDV_20190216T035850_20190216T035915_014966_01BF36_326E.SAFE,train
nw-0516-03-000013,S1B_IW_GRDH_1SDV_20190216T035850_20190216T035915_014966_01BF36_326E.SAFE,train
nw-0517-03-000014,S1A_IW_GRDH_1SDV_20190216T154835_20190216T154900_025957_02E43B_132D.SAFE,train
nw-0518-03-000015,S1A_IW_GRDH_1SDV_20190216T154950_20190216T155015_025957_02E43B_182C.SAFE,train
nw-0519-03-000016,S1A_IW_GRDH_1SDV_20190217T035141_20190217T035206_025964_02E473_41AA.SAFE,train
nw-0520-03-000017,S1A_IW_GRDH_1SDV_20190217T035141_20190217T035206_025964_02E473_41AA.SAFE,train
nw-0522-03-000019,S1B_IW_GRDH_1SDV_20190217T154032_20190217T154057_014988_01BFFD_6BFC.SAFE,train
nw-0524-03-000021,S1B_IW_GRDH_1SDV_20190220T160519_20190220T160544_015032_01C169_37F7.SAFE,train
nw-0525-03-000022,S1A_IW_GRDH_1SDV_20190221T155727_20190221T155752_026030_02E6CF_E2B0.SAFE,train
nw-0526-03-000023,S1A_IW_GRDH_1SDV_20190222T035926_20190222T035951_026037_02E70F_1C4A.SAFE,train
nw-0528-03-000025,S1A_IW_GRDH_1SDV_20190222T035926_20190222T035951_026037_02E70F_1C4A.SAFE,train
nw-0529-03-000026,S1B_IW_GRDH_1SDV_20190222T154900_20190222T154925_015061_01C24C_2830.SAFE,train
nw-0530-03-000027,S1B_IW_GRDH_1SDV_20190222T154900_20190222T154925_015061_01C24C_2830.SAFE,train
nw-0531-03-000028,S1B_IW_GRDH_1SDV_20190223T035105_20190223T035130_015068_01C287_AE93.SAFE,train
nw-0532-03-000029,S1B_IW_GRDH_1SDV_20190223T035130_20190223T035155_015068_01C287_0DC8.SAFE,train
nw-0534-03-000031,S1B_IW_GRDH_1SDV_20190223T035105_20190223T035130_015068_01C287_AE93.SAFE,train
nw-0537-03-000034,S1A_IW_GRDH_1SDV_20190224T034347_20190224T034412_026066_02E816_11C9.SAFE,train
nw-0538-03-000035,S1B_IW_GRDH_1SDV_20190302T034234_20190302T034259_015170_01C5ED_04F5.SAFE,train
nw-0539-03-000036,S1B_IW_GRDH_1SDV_20190302T034259_20190302T034324_015170_01C5ED_B305.SAFE,train
nw-0543-03-000040,S1A_IW_GRDH_1SDV_20190310T160603_20190310T160628_026278_02EFD1_3D52.SAFE,train
nw-0548-03-000045,S1B_IW_GRDH_1SDV_20190321T033433_20190321T033458_015447_01CEE6_D58A.SAFE,train
nw-0549-03-000046,S1B_IW_GRDH_1SDV_20190330T154810_20190330T154835_015586_01D376_907A.SAFE,train
nw-0550-03-000047,S1A_IW_GRDH_1SDV_20190331T154122_20190331T154147_026584_02FB04_E6E8.SAFE,train
nw-0551-03-000048,S1B_IW_GRDH_1SDV_20190405T035850_20190405T035915_015666_01D628_CFEF.SAFE,train
nw-0552-03-000049,S1A_IW_GRDH_1SDV_20190405T154901_20190405T154926_026657_02FDC3_00D2.SAFE,train
nw-0553-03-000050,S1B_IW_GRDH_1SDV_20190412T035040_20190412T035105_015768_01D985_9F88.SAFE,train
nw-0554-03-000051,S1B_IW_GRDH_1SDV_20190412T035040_20190412T035105_015768_01D985_9F88.SAFE,train
nw-0555-03-000052,S1A_IW_GRDH_1SDV_20190413T034322_20190413T034347_026766_0301B4_A868.SAFE,train
nw-0556-03-000053,S1A_IW_GRDH_1SDV_20190413T034347_20190413T034412_026766_0301B4_092E.SAFE,train
nw-0559-03-000056,S1A_IW_GRDH_1SDV_20190424T154033_20190424T154058_026934_0307C2_2896.SAFE,train
nw-0560-03-000057,S1A_IW_GRDH_1SDV_20190424T154123_20190424T154148_026934_0307C2_8DFF.SAFE,train
nw-0566-03-000063,S1A_IW_GRDH_1SDV_20190430T035208_20190430T035233_027014_030AB6_6298.SAFE,train
nw-0568-03-000065,S1B_IW_GRDH_1SDV_20190430T154008_20190430T154033_016038_01E28F_DDE9.SAFE,train
nw-0569-03-000066,S1B_IW_GRDH_1SDV_20190430T154008_20190430T154033_016038_01E28F_DDE9.SAFE,train
nw-0573-03-000070,S1A_IW_GRDH_1SDV_20190519T034259_20190519T034324_027291_0313E1_D2CA.SAFE,train
nw-0574-03-000071,S1B_IW_GRDH_1SDV_20190522T155712_20190522T155737_016359_01ECA7_BEBC.SAFE,train
nw-0575-03-000072,S1A_IW_GRDH_1SDV_20190524T035144_20190524T035209_027364_031625_287A.SAFE,train
nw-0578-03-000075,S1A_IW_GRDH_1SDV_20190529T040044_20190529T040109_027437_031860_7B6B.SAFE;S1A_IW_GRDH_1SDV_20190529T040019_20190529T040044_027437_031860_421A.SAFE,train
nw-0579-03-000076,S1A_IW_GRDH_1SDV_20190529T040019_20190529T040044_027437_031860_421A.SAFE,train
nw-0583-03-000080,S1A_IW_GRDH_1SDV_20190531T034300_20190531T034325_027466_031954_5014.SAFE,train
nw-0584-03-000081,S1A_IW_GRDH_1SDV_20190609T155730_20190609T155755_027605_031D91_51DD.SAFE,train
nw-0585-03-000082,S1B_IW_GRDH_1SDV_20190610T154903_20190610T154928_016636_01F4FD_9997.SAFE,train
nw-0586-03-000083,S1B_IW_GRDH_1SDV_20190610T154838_20190610T154903_016636_01F4FD_6C1D.SAFE,train
nw-0587-03-000084,S1B_IW_GRDH_1SDV_20190611T035108_20190611T035133_016643_01F530_8AD0.SAFE,train
nw-0588-03-000085,S1B_IW_GRDH_1SDV_20190616T035918_20190616T035943_016716_01F766_2E45.SAFE,train
nw-0589-03-000086,S1B_IW_GRDH_1SDV_20190623T035044_20190623T035109_016818_01FA62_8090.SAFE,train
nw-0592-03-000089,S1A_IW_GRDH_1SDV_20190624T034301_20190624T034326_027816_0323DB_4474.SAFE,train
nw-0593-03-000090,S1B_IW_GRDH_1SDV_20190625T033412_20190625T033437_016847_01FB31_D537.SAFE,train
nw-0595-03-000092,S1B_IW_GRDH_1SDV_20190709T155715_20190709T155740_017059_020187_FF25.SAFE,train
nw-0596-03-000093,S1B_IW_GRDH_1SDV_20190709T155715_20190709T155740_017059_020187_FF25.SAFE,train
nw-0597-03-000094,S1A_IW_GRDH_1SDV_20190716T035932_20190716T035957_028137_032D90_6BA9.SAFE,train
nw-0599-03-000096,S1A_IW_GRDH_1SDV_20190725T033500_20190725T033525_028268_03317E_1B90.SAFE,train
nw-0602-03-000099,S1A_IW_GRDH_1SDV_20190730T034418_20190730T034443_028341_0333D2_9F38.SAFE,train
nw-0603-03-000100,S1B_IW_GRDH_1SDV_20190803T035856_20190803T035921_017416_020C16_EF88.SAFE,train
nw-0604-03-000101,S1B_IW_GRDH_1SDV_20190803T035856_20190803T035921_017416_020C16_EF88.SAFE,train
nw-0605-03-000102,S1B_IW_GRDH_1SDV_20190805T034224_20190805T034249_017445_020CF7_1135.SAFE,train
nw-0606-03-000103,S1B_IW_GRDH_1SDV_20190817T034315_20190817T034340_017620_021260_CC88.SAFE,train
nw-0607-03-000104,S1A_IW_GRDH_1SDV_20190821T040024_20190821T040049_028662_033E63_3BDB.SAFE,train
nw-0611-03-000108,S1A_IW_GRDH_1SDV_20190902T040050_20190902T040115_028837_03447B_D2F2.SAFE,train
nw-0612-03-000109,S1A_IW_GRDH_1SDV_20190904T034355_20190904T034420_028866_034579_B50C.SAFE,train
nw-0613-03-000110,S1A_IW_GRDH_1SDV_20190913T155801_20190913T155826_029005_034A50_C207.SAFE,train
nw-0614-03-000111,S1B_IW_GRDH_1SDV_20190915T035049_20190915T035114_018043_021F77_F12E.SAFE,train
nw-0615-03-000112,S1A_IW_GRDH_1SDV_20190921T035125_20190921T035150_029114_034E08_0160.SAFE,train
nw-0616-03-000113,S1A_IW_GRDH_1SDV_20190926T035936_20190926T040001_029187_035080_891A.SAFE,train
nw-0617-03-000114,S1B_IW_GRDH_1SDV_20190927T035139_20190927T035204_018218_0224DC_E6A4.SAFE,train
nw-0619-03-000116,S1A_IW_GRDH_1SDV_20190930T160548_20190930T160613_029253_0352E1_E2DE.SAFE,train
nw-0620-03-000117,S1A_IW_GRDH_1SDV_20190930T160523_20190930T160548_029253_0352E1_73A7.SAFE,train
nw-0621-03-000118,S1A_IW_GRDH_1SDV_20190930T160613_20190930T160638_029253_0352E1_768B.SAFE,train
nw-0623-03-000120,S1A_IW_GRDH_1SDV_20191005T033503_20191005T033528_029318_035507_57C3.SAFE,train
nw-0624-03-000121,S1B_IW_GRDH_1SDV_20191014T035859_20191014T035924_018466_022CAA_0B81.SAFE,train
nw-0625-03-000122,S1A_IW_GRDH_1SDV_20191014T154845_20191014T154910_029457_0359DE_D1AE.SAFE,train
nw-0627-03-000124,S1A_IW_GRDH_1SDV_20191015T035216_20191015T035241_029464_035A19_207B.SAFE,train
nw-0628-03-000125,S1A_IW_GRDH_1SDV_20191015T035216_20191015T035241_029464_035A19_207B.SAFE,train
nw-0629-03-000126,S1B_IW_GRDH_1SDV_20191016T034227_20191016T034252_018495_022D96_DFD2.SAFE,train
nw-0630-03-000127,S1A_IW_GRDH_1SDV_20191017T033503_20191017T033528_029493_035B12_9595.SAFE,train
nw-0631-03-000128,S1A_IW_GRDH_1SDV_20191019T155737_20191019T155802_029530_035C5B_E72A.SAFE;S1A_IW_GRDH_1SDV_20191019T155712_20191019T155737_029530_035C5B_D123.SAFE,train
nw-0633-03-000130,S1B_IW_GRDH_1SDV_20191021T035114_20191021T035139_018568_022FC0_0980.SAFE,train
nw-0634-03-000131,S1A_IW_GRDH_1SDV_20191021T154131_20191021T154156_029559_035D56_1CD1.SAFE,train
nw-0635-03-000132,S1A_IW_GRDH_1SDV_20191027T035126_20191027T035151_029639_036018_5E0C.SAFE,train
nw-0636-03-000133,S1B_IW_GRDH_1SDV_20191027T154041_20191027T154106_018663_0232BF_0AC1.SAFE,train
nw-0637-03-000134,S1B_IW_GRDH_1SDV_20191107T035859_20191107T035924_018816_0237A1_83D2.SAFE,train
nw-0638-03-000135,S1B_IW_GRDH_1SDV_20191109T034252_20191109T034317_018845_0238A3_587D.SAFE,train
nw-0639-03-000136,S1A_IW_GRDH_1SDV_20191114T154132_20191114T154157_029909_03698D_5D14.SAFE,train
nw-0640-03-000137,S1A_IW_GRDH_1SDV_20191114T154132_20191114T154157_029909_03698D_5D14.SAFE,train
nw-0642-03-000139,S1A_IW_GRDH_1SDV_20191120T035151_20191120T035216_029989_036C5B_72B9.SAFE;S1A_IW_GRDH_1SDV_20191120T035126_20191120T035151_029989_036C5B_1AC3.SAFE,train
nw-0643-03-000140,S1A_IW_GRDH_1SDV_20191201T154959_20191201T155024_030157_03722E_5285.SAFE,train
nw-0644-03-000141,S1A_IW_GRDH_1SDV_20191204T033527_20191204T033552_030193_037365_FE53.SAFE,train
nw-0645-03-000142,S1A_IW_GRDH_1SDV_20191208T154131_20191208T154156_030259_0375A0_A790.SAFE,train
nw-0646-03-000143,S1B_IW_GRDH_1SDV_20191213T035858_20191213T035923_019341_024871_4AD6.SAFE,train
nw-0647-03-000144,S1B_IW_GRDH_1SDV_20191213T035858_20191213T035923_019341_024871_4AD6.SAFE,train
nw-0648-03-000145,S1A_IW_GRDH_1SDV_20191213T154959_20191213T155024_030332_03783C_0DB6.SAFE,train
nw-0649-03-000146,S1A_IW_GRDH_1SDV_20191213T154959_20191213T155024_030332_03783C_0DB6.SAFE,train
nw-0652-03-000149,S1A_IW_GRDH_1SDV_20191214T035150_20191214T035215_030339_037875_1D0E.SAFE,train
nw-0653-03-000150,S1A_IW_GRDH_1SDV_20191214T035150_20191214T035215_030339_037875_1D0E.SAFE,train
nw-0655-03-000152,S1B_IW_GRDH_1SDV_20191219T154908_20191219T154933_019436_024B6B_E2BB.SAFE,train
nw-0657-03-000154,S1B_IW_GRDH_1SDV_20191225T035858_20191225T035923_019516_024E03_DEFF.SAFE,train
nw-0658-03-000155,S1B_IW_GRDH_1SDV_20191225T035858_20191225T035923_019516_024E03_DEFF.SAFE,train
nw-0659-03-000156,S1B_IW_GRDH_1SDV_20191225T035948_20191225T040013_019516_024E03_FD65.SAFE,train
nw-0660-03-000157,S1A_IW_GRDH_1SDV_20191225T154933_20191225T154958_030507_037E47_2787.SAFE,train
nw-0662-03-000159,S1A_IW_GRDH_1SDV_20191226T035124_20191226T035149_030514_037E7E_0626.SAFE,train
nw-0664-03-000161,S1B_IW_GRDH_1SDV_20191226T154040_20191226T154105_019538_024EBC_8CA8.SAFE,train
nw-0665-03-000162,S1B_IW_GRDH_1SDV_20191231T154818_20191231T154843_019611_025103_9D8D.SAFE,train
nw-0667-04-000002,S1B_IW_GRDH_1SDV_20190122T155641_20190122T155710_014609_01B38C_DBD6.SAFE,train
nw-0670-04-000005,S1A_IW_GRDH_1SDV_20190222T040041_20190222T040106_026037_02E70F_5AD5.SAFE;S1A_IW_GRDH_1SDV_20190222T040016_20190222T040041_026037_02E70F_FF4E.SAFE,train
nw-0671-04-000006,S1A_IW_GRDH_1SDV_20190222T035926_20190222T035951_026037_02E70F_1C4A.SAFE,train
nw-0672-04-000007,S1B_IW_GRDH_1SDV_20190222T154810_20190222T154835_015061_01C24C_9BBE.SAFE,train
nw-0673-04-000008,S1A_IW_GRDH_1SDV_20190224T034347_20190224T034412_026066_02E816_11C9.SAFE,train
nw-0674-04-000009,S1A_IW_GRDH_1SDV_20190306T040016_20190306T040041_026212_02ED51_9536.SAFE,train
nw-0675-04-000010,S1A_IW_GRDH_1SDV_20190306T035951_20190306T040016_026212_02ED51_0951.SAFE,train
nw-0676-04-000011,S1A_IW_GRDH_1SDV_20190312T154900_20190312T154925_026307_02F0D5_5A39.SAFE,train
nw-0677-04-000012,S1A_IW_GRDH_1SDV_20190312T154900_20190312T154925_026307_02F0D5_5A39.SAFE,train
nw-0678-04-000013,S1B_IW_GRDH_1SDV_20190318T154810_20190318T154835_015411_01CDBD_41F5.SAFE,train
nw-0679-04-000014,S1B_IW_GRDH_1SDV_20190318T154810_20190318T154835_015411_01CDBD_41F5.SAFE,train
nw-0683-04-000018,S1A_IW_GRDH_1SDV_20190406T035142_20190406T035207_026664_02FE02_BB0A.SAFE,train
nw-0684-04-000019,S1A_IW_GRDH_1SDV_20190406T035117_20190406T035142_026664_02FE02_C5A5.SAFE,train
nw-0685-04-000020,S1A_IW_GRDH_1SDV_20190406T035142_20190406T035207_026664_02FE02_BB0A.SAFE;S1A_IW_GRDH_1SDV_20190406T035117_20190406T035142_026664_02FE02_C5A5.SAFE,train
nw-0686-04-000021,S1A_IW_GRDH_1SDV_20190406T035142_20190406T035207_026664_02FE02_BB0A.SAFE,train
nw-0687-04-000022,S1A_IW_GRDH_1SDV_20190406T035117_20190406T035142_026664_02FE02_C5A5.SAFE,train
nw-0688-04-000023,S1A_IW_GRDH_1SDV_20190406T035142_20190406T035207_026664_02FE02_BB0A.SAFE;S1A_IW_GRDH_1SDV_20190406T035117_20190406T035142_026664_02FE02_C5A5.SAFE,train
nw-0689-04-000024,S1A_IW_GRDH_1SDV_20190427T160515_20190427T160540_026978_03096D_9164.SAFE,train
nw-0690-04-000025,S1A_IW_GRDH_1SDV_20190427T160515_20190427T160540_026978_03096D_9164.SAFE,train
nw-0691-04-000026,S1A_IW_GRDH_1SDV_20190427T160540_20190427T160605_026978_03096D_E604.SAFE,train
nw-0692-04-000027,S1A_IW_GRDH_1SDV_20190427T160605_20190427T160630_026978_03096D_3B92.SAFE,train
nw-0693-04-000028,S1B_IW_GRDH_1SDV_20190429T035851_20190429T035916_016016_01E1C8_1C16.SAFE,train
nw-0694-04-000029,S1A_IW_GRDH_1SDV_20190429T154902_20190429T154927_027007_030A73_CA6D.SAFE,train
nw-0696-04-000031,S1A_IW_GRDH_1SDV_20190430T035143_20190430T035208_027014_030AB6_4943.SAFE,train
nw-0697-04-000032,S1A_IW_GRDH_1SDV_20190430T035118_20190430T035143_027014_030AB6_614C.SAFE,train
nw-0700-04-000035,S1A_IW_GRDH_1SDV_20190523T154903_20190523T154928_027357_0315EA_95BE.SAFE,train
nw-0701-04-000036,S1A_IW_GRDH_1SDV_20190523T154903_20190523T154928_027357_0315EA_95BE.SAFE,train
nw-0702-04-000037,S1A_IW_GRDH_1SDV_20190523T154903_20190523T154928_027357_0315EA_95BE.SAFE,train
nw-0703-04-000038,S1A_IW_GRDH_1SDV_20190523T154903_20190523T154928_027357_0315EA_95BE.SAFE,train
nw-0704-04-000039,S1B_IW_GRDH_1SDV_20190527T160457_20190527T160522_016432_01EEE6_4F2E.SAFE,train
nw-0705-04-000040,S1B_IW_GRDH_1SDV_20190616T035853_20190616T035918_016716_01F766_7932.SAFE,train
nw-0708-04-000043,S1A_IW_GRDH_1SDV_20190626T160607_20190626T160632_027853_032501_C521.SAFE,train
nw-0709-04-000044,S1B_IW_GRDH_1SDV_20190710T035855_20190710T035920_017066_0201C0_74E8.SAFE,train
nw-0710-04-000045,S1A_IW_GRDH_1SDV_20190710T154955_20190710T155020_028057_032B2E_84B8.SAFE,train
nw-0711-04-000046,S1B_IW_GRDH_1SDV_20190717T035045_20190717T035110_017168_0204B7_F192.SAFE,train
nw-0713-04-000048,S1B_IW_GRDH_1SDV_20190815T035947_20190815T040012_017591_021171_8782.SAFE,train
nw-0714-04-000049,S1B_IW_GRDH_1SDV_20190817T034340_20190817T034405_017620_021260_79A2.SAFE,train
nw-0715-04-000050,S1A_IW_GRDH_1SDV_20190822T154130_20190822T154155_028684_033F1B_7F0B.SAFE,train
nw-0719-04-000054,S1B_IW_GRDH_1SDV_20190921T154041_20190921T154106_018138_022283_3509.SAFE,train
nw-0720-04-000055,S1B_IW_GRDH_1SDV_20190921T154041_20190921T154106_018138_022283_3509.SAFE,train
nw-0721-04-000056,S1A_IW_GRDH_1SDV_20190926T040026_20190926T040051_029187_035080_F816.SAFE,train
nw-0722-04-000057,S1B_IW_GRDH_1SDV_20190926T154820_20190926T154845_018211_0224A2_1533.SAFE,train
nw-0724-04-000059,S1B_IW_GRDH_1SDV_20191001T155650_20191001T155719_018284_0226F3_A521.SAFE,train
nw-0725-04-000060,S1B_IW_GRDH_1SDV_20191001T155719_20191001T155744_018284_0226F3_023E.SAFE,train
nw-0726-04-000061,S1B_IW_GRDH_1SDV_20191002T035924_20191002T035949_018291_022738_4C40.SAFE;S1B_IW_GRDH_1SDV_20191002T035859_20191002T035924_018291_022738_414F.SAFE,train
nw-0730-04-000065,S1B_IW_GRDH_1SDV_20191008T154844_20191008T154909_018386_022A2C_1FB0.SAFE,train
nw-0732-04-000067,S1B_IW_GRDH_1SDV_20191013T155719_20191013T155744_018459_022C6B_D17C.SAFE,train
nw-0733-04-000068,S1A_IW_GRDH_1SDV_20191014T154935_20191014T155000_029457_0359DE_42F0.SAFE,train
nw-0734-04-000069,S1A_IW_GRDH_1SDV_20191015T035216_20191015T035241_029464_035A19_207B.SAFE,train
nw-0737-04-000072,S1A_IW_GRDH_1SDV_20191026T155000_20191026T155025_029632_035FDD_D78E.SAFE,train
nw-0738-04-000073,S1B_IW_GRDH_1SDV_20191030T160439_20191030T160504_018707_023425_6ED4.SAFE,train
nw-0739-04-000074,S1A_IW_GRDH_1SDV_20191114T154132_20191114T154157_029909_03698D_5D14.SAFE,train
nw-0740-04-000075,S1A_IW_GRDH_1SDV_20191114T154132_20191114T154157_029909_03698D_5D14.SAFE,train
nw-0741-04-000076,S1A_IW_GRDH_1SDV_20191218T155735_20191218T155800_030405_037AC0_7BA1.SAFE,train
nw-0742-04-000077,S1A_IW_GRDH_1SDV_20191219T040025_20191219T040050_030412_037AF3_317B.SAFE,train
nw-0744-04-000079,S1A_IW_GRDH_1SDV_20191220T154105_20191220T154130_030434_037BB3_C3D6.SAFE;S1A_IW_GRDH_1SDV_20191220T154040_20191220T154105_030434_037BB3_A7C8.SAFE,train
nw-0745-04-000080,S1A_IW_GRDH_1SDV_20191220T154105_20191220T154130_030434_037BB3_C3D6.SAFE;S1A_IW_GRDH_1SDV_20191220T154040_20191220T154105_030434_037BB3_A7C8.SAFE,train
nw-0746-04-000081,S1B_IW_GRDH_1SDV_20191222T033416_20191222T033441_019472_024C83_6FC8.SAFE,train
nw-0747-05-000001,S1A_IW_GRDH_1SDV_20190104T155703_20190104T155728_025330_02CD9D_BBAA.SAFE,train
nw-0748-05-000002,S1A_IW_GRDH_1SDV_20190105T040043_20190105T040108_025337_02CDDA_FAEC.SAFE;S1A_IW_GRDH_1SDV_20190105T040018_20190105T040043_025337_02CDDA_D60A.SAFE,train
nw-0750-05-000004,S1A_IW_GRDH_1SDV_20190112T035207_20190112T035232_025439_02D183_4040.SAFE,train
nw-0752-05-000006,S1B_IW_GRDH_1SDV_20190113T034235_20190113T034300_014470_01AF20_B0E8.SAFE,train
nw-0754-05-000008,S1B_IW_GRDH_1SDV_20190117T154836_20190117T154901_014536_01B131_45B2.SAFE,train
nw-0755-05-000009,S1A_IW_GRDH_1SDV_20190119T034258_20190119T034323_025541_02D53C_2934.SAFE,train
nw-0756-05-000010,S1A_IW_GRDH_1SDV_20190121T160604_20190121T160629_025578_02D6AC_EE9B.SAFE,train
nw-0757-05-000011,S1B_IW_GRDH_1SDV_20190122T155610_20190122T155635_014609_01B38B_28CE.SAFE,train
nw-0758-05-000012,S1B_IW_GRDH_1SDV_20190127T160520_20190127T160545_014682_01B5E9_2D4B.SAFE,train
nw-0760-05-000014,S1A_IW_GRDH_1SDV_20190130T154057_20190130T154122_025709_02DB59_C98B.SAFE,train
nw-0762-05-000016,S1A_IW_GRDH_1SDV_20190205T035116_20190205T035141_025789_02DE41_13F2.SAFE,train
nw-0765-05-000019,S1B_IW_GRDH_1SDV_20190216T035850_20190216T035915_014966_01BF36_326E.SAFE,train
nw-0766-05-000020,S1B_IW_GRDH_1SDV_20190217T154032_20190217T154057_014988_01BFFD_6BFC.SAFE,train
nw-0767-05-000021,S1B_IW_GRDH_1SDV_20190217T154032_20190217T154057_014988_01BFFD_6BFC.SAFE,train
nw-0768-05-000022,S1B_IW_GRDH_1SDV_20190218T034234_20190218T034259_014995_01C035_8F1B.SAFE,train
nw-0769-05-000023,S1B_IW_GRDH_1SDV_20190218T034234_20190218T034259_014995_01C035_8F1B.SAFE,train
nw-0770-05-000024,S1B_IW_GRDH_1SDV_20190222T154810_20190222T154835_015061_01C24C_9BBE.SAFE,train
nw-0772-05-000026,S1A_IW_GRDH_1SDV_20190224T034322_20190224T034347_026066_02E816_1321.SAFE,train
nw-0773-05-000027,S1B_IW_GRDH_1SDV_20190304T160429_20190304T160454_015207_01C72A_60D4.SAFE,train
nw-0774-05-000028,S1A_IW_GRDH_1SDV_20190306T035951_20190306T040016_026212_02ED51_0951.SAFE,train
nw-0775-05-000029,S1A_IW_GRDH_1SDV_20190310T160513_20190310T160538_026278_02EFD1_0733.SAFE,train
nw-0776-05-000030,S1B_IW_GRDH_1SDV_20190312T035939_20190312T040004_015316_01CAB5_09EE.SAFE,train
nw-0777-05-000031,S1A_IW_GRDH_1SDV_20190312T154900_20190312T154925_026307_02F0D5_5A39.SAFE,train
nw-0778-05-000032,S1B_IW_GRDH_1SDV_20190318T154810_20190318T154835_015411_01CDBD_41F5.SAFE,train
nw-0779-05-000033,S1B_IW_GRDH_1SDV_20190318T154810_20190318T154835_015411_01CDBD_41F5.SAFE,train
nw-0781-05-000035,S1B_IW_GRDH_1SDV_20190324T035850_20190324T035915_015491_01D05D_576D.SAFE,train
nw-0782-05-000036,S1B_IW_GRDH_1SDV_20190326T034234_20190326T034259_015520_01D15F_A245.SAFE,train
nw-0783-05-000037,S1B_IW_GRDH_1SDV_20190330T154810_20190330T154835_015586_01D376_907A.SAFE,train
nw-0784-05-000038,S1A_IW_GRDH_1SDV_20190401T034257_20190401T034322_026591_02FB4C_C4E9.SAFE,train
nw-0785-05-000039,S1B_IW_GRDH_1SDV_20190405T035915_20190405T035940_015666_01D628_E73F.SAFE,train
nw-0786-05-000040,S1A_IW_GRDH_1SDV_20190405T154901_20190405T154926_026657_02FDC3_00D2.SAFE,train
nw-0789-05-000043,S1A_IW_GRDH_1SDV_20190406T035142_20190406T035207_026664_02FE02_BB0A.SAFE,train
nw-0790-05-000044,S1A_IW_GRDH_1SDV_20190408T033519_20190408T033544_026693_02FF08_6E0B.SAFE,train
nw-0792-05-000046,S1A_IW_GRDH_1SDV_20190412T154123_20190412T154148_026759_03016C_2C5E.SAFE,train
nw-0793-05-000047,S1A_IW_GRDH_1SDV_20190413T034322_20190413T034347_026766_0301B4_A868.SAFE,train
nw-0795-05-000049,S1A_IW_GRDH_1SDV_20190413T034322_20190413T034347_026766_0301B4_A868.SAFE,train
nw-0797-05-000051,S1B_IW_GRDH_1SDV_20190423T154901_20190423T154926_015936_01DF14_58C2.SAFE,train
nw-0798-05-000052,S1B_IW_GRDH_1SDV_20190423T154901_20190423T154926_015936_01DF14_58C2.SAFE,train
nw-0799-05-000053,S1A_IW_GRDH_1SDV_20190425T034323_20190425T034348_026941_030806_C553.SAFE,train
nw-0800-05-000054,S1A_IW_GRDH_1SDV_20190427T160515_20190427T160540_026978_03096D_9164.SAFE,train
nw-0801-05-000055,S1A_IW_GRDH_1SDV_20190429T154927_20190429T154952_027007_030A73_C58E.SAFE,train
nw-0802-05-000056,S1A_IW_GRDH_1SDV_20190430T035118_20190430T035143_027014_030AB6_614C.SAFE,train
nw-0804-05-000058,S1A_IW_GRDH_1SDV_20190504T155729_20190504T155754_027080_030D1A_9163.SAFE,train
nw-0805-05-000059,S1A_IW_GRDH_1SDV_20190504T155729_20190504T155754_027080_030D1A_9163.SAFE,train
nw-0806-05-000060,S1A_IW_GRDH_1SDV_20190504T155729_20190504T155754_027080_030D1A_9163.SAFE,train
nw-0807-05-000061,S1B_IW_GRDH_1SDV_20190513T034219_20190513T034244_016220_01E86A_DAE3.SAFE,train
nw-0808-05-000062,S1A_IW_GRDH_1SDV_20190517T040044_20190517T040109_027262_0312E9_A2BD.SAFE;S1A_IW_GRDH_1SDV_20190517T040019_20190517T040044_027262_0312E9_FF6E.SAFE,train
nw-0809-05-000063,S1A_IW_GRDH_1SDV_20190523T154903_20190523T154928_027357_0315EA_95BE.SAFE,train
nw-0810-05-000064,S1A_IW_GRDH_1SDV_20190524T035119_20190524T035144_027364_031625_69C6.SAFE,train
nw-0811-05-000065,S1B_IW_GRDH_1SDV_20190527T160457_20190527T160522_016432_01EEE6_4F2E.SAFE,train
nw-0812-05-000066,S1A_IW_GRDH_1SDV_20190529T035929_20190529T035954_027437_031860_5BEE.SAFE,train
nw-0813-05-000067,S1B_IW_GRDH_1SDV_20190605T154010_20190605T154035_016563_01F2E3_F808.SAFE;S1B_IW_GRDH_1SDV_20190605T153945_20190605T154010_016563_01F2E3_D332.SAFE,train
nw-0814-05-000068,S1B_IW_GRDH_1SDV_20190606T034246_20190606T034311_016570_01F315_F9B4.SAFE,train
nw-0816-05-000070,S1A_IW_GRDH_1SDV_20190609T155730_20190609T155755_027605_031D91_51DD.SAFE,train
nw-0817-05-000071,S1A_IW_GRDH_1SDV_20190609T155730_20190609T155755_027605_031D91_51DD.SAFE,train
nw-0819-05-000073,S1A_IW_GRDH_1SDV_20190612T034300_20190612T034325_027641_031EA9_7D1B.SAFE,train
nw-0821-05-000075,S1B_IW_GRDH_1SDV_20190618T034336_20190618T034401_016745_01F848_6273.SAFE,train
nw-0822-05-000076,S1A_IW_GRDH_1SDV_20190623T154126_20190623T154151_027809_0323A6_DF6C.SAFE;S1A_IW_GRDH_1SDV_20190623T154101_20190623T154126_027809_0323A6_698E.SAFE,train
nw-0823-05-000077,S1A_IW_GRDH_1SDV_20190624T034301_20190624T034326_027816_0323DB_4474.SAFE,train
nw-0824-05-000078,S1B_IW_GRDH_1SDV_20190628T035854_20190628T035919_016891_01FC8F_151B.SAFE,train
nw-0825-05-000079,S1A_IW_GRDH_1SDV_20190704T040021_20190704T040046_027962_032842_407B.SAFE,train
nw-0826-05-000080,S1A_IW_GRDH_1SDV_20190705T154102_20190705T154127_027984_0328EF_8C32.SAFE,train
nw-0827-05-000081,S1B_IW_GRDH_1SDV_20190707T033438_20190707T033503_017022_02005E_E3D4.SAFE;S1B_IW_GRDH_1SDV_20190707T033413_20190707T033438_017022_02005E_80F1.SAFE,train
nw-0828-05-000082,S1B_IW_GRDH_1SDV_20190709T155715_20190709T155740_017059_020187_FF25.SAFE,train
nw-0829-05-000083,S1B_IW_GRDH_1SDV_20190709T155715_20190709T155740_017059_020187_FF25.SAFE,train
nw-0830-05-000084,S1A_IW_GRDH_1SDV_20190710T154955_20190710T155020_028057_032B2E_84B8.SAFE,train
nw-0833-05-000087,S1A_IW_GRDH_1SDV_20190713T033459_20190713T033524_028093_032C37_1DCD.SAFE,train
nw-0834-05-000088,S1A_IW_GRDH_1SDV_20190716T040022_20190716T040047_028137_032D90_2975.SAFE,train
nw-0835-05-000089,S1B_IW_GRDH_1SDV_20190717T035045_20190717T035110_017168_0204B7_F192.SAFE,train
nw-0836-05-000090,S1A_IW_GRDH_1SDV_20190718T034303_20190718T034328_028166_032E76_1ACD.SAFE,train
nw-0841-05-000095,S1B_IW_GRDH_1SDV_20190810T035047_20190810T035112_017518_020F20_4C8A.SAFE,train
nw-0842-05-000096,S1B_IW_GRDH_1SDV_20190815T035947_20190815T040012_017591_021171_8782.SAFE,train
nw-0844-05-000098,S1B_IW_GRDH_1SDV_20190816T154039_20190816T154104_017613_02122C_F471.SAFE,train
nw-0846-05-000100,S1B_IW_GRDH_1SDV_20190822T035137_20190822T035202_017693_021497_9677.SAFE,train
nw-0847-05-000101,S1A_IW_GRDH_1SDV_20190823T034330_20190823T034355_028691_033F57_A0BF.SAFE,train
nw-0848-05-000102,S1A_IW_GRDH_1SDV_20190827T154843_20190827T154908_028757_0341B2_CC65.SAFE,train
nw-0850-05-000104,S1A_IW_GRDH_1SDV_20190830T033527_20190830T033552_028793_0342F2_73EE.SAFE,train
nw-0851-05-000105,S1B_IW_GRDH_1SDV_20190902T154818_20190902T154843_017861_0219CE_E6A5.SAFE;S1B_IW_GRDH_1SDV_20190902T154753_20190902T154818_017861_0219CE_7D5A.SAFE,train
nw-0852-05-000106,S1A_IW_GRDH_1SDV_20190904T034305_20190904T034330_028866_034579_1C4E.SAFE,train
nw-0853-05-000107,S1A_IW_GRDH_1SDV_20190911T033502_20190911T033527_028968_034906_67B4.SAFE,train
nw-0854-05-000108,S1B_IW_GRDH_1SDV_20190912T160438_20190912T160503_018007_021E66_0739.SAFE,train
nw-0855-05-000109,S1B_IW_GRDH_1SDV_20190921T154041_20190921T154106_018138_022283_3509.SAFE,train
nw-0856-05-000110,S1A_IW_GRDH_1SDV_20190925T155712_20190925T155737_029180_035045_0057.SAFE,train
nw-0857-05-000111,S1A_IW_GRDH_1SDV_20190926T035936_20190926T040001_029187_035080_891A.SAFE,train
nw-0858-05-000112,S1A_IW_GRDH_1SDV_20190926T035936_20190926T040001_029187_035080_891A.SAFE,train
nw-0859-05-000113,S1B_IW_GRDH_1SDV_20190926T154910_20190926T154935_018211_0224A2_D216.SAFE,train
nw-0860-05-000114,S1B_IW_GRDH_1SDV_20190927T035114_20190927T035139_018218_0224DC_067F.SAFE,train
nw-0861-05-000115,S1B_IW_GRDH_1SDV_20190928T153252_20190928T153317_018240_022588_44A9.SAFE,train
nw-0862-05-000116,S1B_IW_GRDH_1SDV_20191004T034317_20191004T034342_018320_02282B_4A6D.SAFE,train
nw-0863-05-000117,S1B_IW_GRDH_1SDV_20191004T034252_20191004T034317_018320_02282B_B1FB.SAFE,train
nw-0864-05-000118,S1A_IW_GRDH_1SDV_20191005T033503_20191005T033528_029318_035507_57C3.SAFE,train
nw-0865-05-000119,S1B_IW_GRDH_1SDV_20191006T160439_20191006T160504_018357_02294F_B5A9.SAFE,train
nw-0866-05-000120,S1A_IW_GRDH_1SDV_20191007T155737_20191007T155802_029355_035652_1009.SAFE,train
nw-0867-05-000121,S1A_IW_GRDH_1SDV_20191008T035936_20191008T040001_029362_03568A_4BC2.SAFE,train
nw-0868-05-000122,S1A_IW_GRDH_1SDV_20191008T035936_20191008T040001_029362_03568A_4BC2.SAFE,train
nw-0869-05-000123,S1A_IW_GRDH_1SDV_20191008T035936_20191008T040001_029362_03568A_4BC2.SAFE,train
nw-0870-05-000124,S1A_IW_GRDH_1SDV_20191010T034331_20191010T034356_029391_035788_7CA8.SAFE,train
nw-0871-05-000125,S1B_IW_GRDH_1SDV_20191013T155719_20191013T155744_018459_022C6B_D17C.SAFE,train
nw-0872-05-000126,S1A_IW_GRDH_1SDV_20191014T154910_20191014T154935_029457_0359DE_77C2.SAFE,train
nw-0873-05-000127,S1A_IW_GRDH_1SDV_20191015T035216_20191015T035241_029464_035A19_207B.SAFE,train
nw-0874-05-000128,S1B_IW_GRDH_1SDV_20191016T034227_20191016T034252_018495_022D96_DFD2.SAFE,train
nw-0875-05-000129,S1B_IW_GRDH_1SDV_20191016T034227_20191016T034252_018495_022D96_DFD2.SAFE,train
nw-0876-05-000130,S1B_IW_GRDH_1SDV_20191016T034252_20191016T034317_018495_022D96_AE2A.SAFE,train
nw-0879-05-000133,S1A_IW_GRDH_1SDV_20191026T155000_20191026T155025_029632_035FDD_D78E.SAFE,train
nw-0880-05-000134,S1A_IW_GRDH_1SDV_20191026T155000_20191026T155025_029632_035FDD_D78E.SAFE,train
nw-0881-05-000135,S1A_IW_GRDH_1SDV_20191027T035151_20191027T035216_029639_036018_ED9F.SAFE,train
nw-0882-05-000136,S1A_IW_GRDH_1SDV_20191029T033523_20191029T033548_029668_036124_3258.SAFE,train
nw-0884-05-000138,S1A_IW_GRDH_1SDV_20191103T034332_20191103T034357_029741_0363B0_BB8A.SAFE;S1A_IW_GRDH_1SDV_20191103T034307_20191103T034332_029741_0363B0_31DA.SAFE,train
nw-0885-05-000139,S1B_IW_GRDH_1SDV_20191104T033442_20191104T033507_018772_02361B_B144.SAFE,train
nw-0886-05-000140,S1B_IW_GRDH_1SDV_20191107T035859_20191107T035924_018816_0237A1_83D2.SAFE,train
nw-0887-05-000141,S1A_IW_GRDH_1SDV_20191108T035126_20191108T035151_029814_03664C_FCC5.SAFE,train
nw-0888-05-000142,S1A_IW_GRDH_1SDV_20191108T035126_20191108T035151_029814_03664C_FCC5.SAFE,train
nw-0889-05-000143,S1B_IW_GRDH_1SDV_20191109T034252_20191109T034317_018845_0238A3_587D.SAFE,train
nw-0890-05-000144,S1B_IW_GRDH_1SDV_20191114T035139_20191114T035204_018918_023AE4_06B2.SAFE,train
nw-0891-05-000145,S1B_IW_GRDH_1SDV_20191116T033442_20191116T033507_018947_023BCF_7A99.SAFE,train
nw-0894-05-000148,S1A_IW_GRDH_1SDV_20191121T153319_20191121T153344_030011_036D0E_A76F.SAFE,train
nw-0895-05-000149,S1B_IW_GRDH_1SDV_20191127T153226_20191127T153251_019115_024136_B82C.SAFE,train
nw-0896-05-000150,S1B_IW_GRDH_1SDV_20191128T033417_20191128T033442_019122_024166_7868.SAFE,train
nw-0899-05-000153,S1B_IW_GRDH_1SDV_20191203T034226_20191203T034251_019195_0243D6_C23B.SAFE,train
nw-0903-05-000157,S1A_IW_GRDH_1SDV_20191213T154959_20191213T155024_030332_03783C_0DB6.SAFE,train
nw-0904-05-000158,S1A_IW_GRDH_1SDV_20191216T033527_20191216T033552_030368_037971_A81F.SAFE,train
nw-0905-05-000159,S1B_IW_GRDH_1SDV_20191220T035138_20191220T035203_019443_024BA5_58BF.SAFE,train
nw-0906-05-000160,S1A_IW_GRDH_1SDV_20191220T154105_20191220T154130_030434_037BB3_C3D6.SAFE,train
nw-0907-05-000161,S1B_IW_GRDH_1SDV_20191222T033441_20191222T033506_019472_024C83_324E.SAFE;S1B_IW_GRDH_1SDV_20191222T033416_20191222T033441_019472_024C83_6FC8.SAFE,train
nw-0909-05-000163,S1A_IW_GRDH_1SDV_20191223T160611_20191223T160636_030478_037D4D_ED2F.SAFE,train
nw-0910-05-000164,S1A_IW_GRDH_1SDV_20191225T154958_20191225T155023_030507_037E47_A28A.SAFE,train
nw-0911-05-000165,S1B_IW_GRDH_1SDV_20191229T160527_20191229T160552_019582_02501D_988D.SAFE,train
nw-0912-05-000166,S1B_IW_GRDH_1SDV_20191231T154818_20191231T154843_019611_025103_9D8D.SAFE;S1B_IW_GRDH_1SDV_20191231T154753_20191231T154818_019611_025103_D6A6.SAFE,train
nw-0913-06-000001,S1B_IW_GRDH_1SDV_20190110T155611_20190110T155635_014434_01ADED_1E1A.SAFE,train
nw-0914-06-000002,S1B_IW_GRDH_1SDV_20190123T035940_20190123T040005_014616_01B3CB_32E6.SAFE,train
nw-0915-06-000003,S1B_IW_GRDH_1SDV_20190123T035915_20190123T035940_014616_01B3CB_38CE.SAFE,train
nw-0916-06-000004,S1B_IW_GRDH_1SDV_20190123T035915_20190123T035940_014616_01B3CB_38CE.SAFE,train
nw-0917-06-000005,S1B_IW_GRDH_1SDV_20190123T035940_20190123T040005_014616_01B3CB_32E6.SAFE;S1B_IW_GRDH_1SDV_20190123T035915_20190123T035940_014616_01B3CB_38CE.SAFE,train
nw-0918-06-000006,S1B_IW_GRDH_1SDV_20190123T035940_20190123T040005_014616_01B3CB_32E6.SAFE,train
nw-0919-06-000007,S1B_IW_GRDH_1SDV_20190123T035940_20190123T040005_014616_01B3CB_32E6.SAFE,train
nw-0920-06-000008,S1B_IW_GRDH_1SDV_20190210T154900_20190210T154925_014886_01BC91_48D5.SAFE,train
nw-0921-06-000009,S1B_IW_GRDH_1SDV_20190220T160519_20190220T160544_015032_01C169_37F7.SAFE,train
nw-0922-06-000010,S1B_IW_GRDH_1SDV_20190220T160454_20190220T160519_015032_01C169_7DBC.SAFE,train
nw-0925-06-000013,S1A_IW_GRDH_1SDV_20190221T155752_20190221T155817_026030_02E6CF_6EBE.SAFE;S1A_IW_GRDH_1SDV_20190221T155727_20190221T155752_026030_02E6CF_E2B0.SAFE,train
nw-0929-06-000017,S1A_IW_GRDH_1SDV_20190306T035926_20190306T035951_026212_02ED51_1D32.SAFE,train
nw-0930-06-000018,S1B_IW_GRDH_1SDV_20190306T154810_20190306T154835_015236_01C814_5AC6.SAFE,train
nw-0931-06-000019,S1B_IW_GRDH_1SDV_20190307T035129_20190307T035154_015243_01C850_97F9.SAFE,train
nw-0932-06-000020,S1B_IW_GRDH_1SDV_20190312T035939_20190312T040004_015316_01CAB5_09EE.SAFE,train
nw-0933-06-000021,S1B_IW_GRDH_1SDV_20190312T035939_20190312T040004_015316_01CAB5_09EE.SAFE,train
nw-0934-06-000022,S1B_IW_GRDH_1SDV_20190312T035939_20190312T040004_015316_01CAB5_09EE.SAFE,train
nw-0935-06-000023,S1A_IW_GRDH_1SDV_20190312T154900_20190312T154925_026307_02F0D5_5A39.SAFE,train
nw-0936-06-000024,S1A_IW_GRDH_1SDV_20190312T154900_20190312T154925_026307_02F0D5_5A39.SAFE,train
nw-0937-06-000025,S1A_IW_GRDH_1SDV_20190319T154057_20190319T154122_026409_02F495_3769.SAFE,train
nw-0938-06-000026,S1A_IW_GRDH_1SDV_20190320T034257_20190320T034322_026416_02F4D4_2093.SAFE,train
nw-0939-06-000027,S1B_IW_GRDH_1SDV_20190323T155709_20190323T155734_015484_01D01A_C448.SAFE,train
nw-0940-06-000028,S1B_IW_GRDH_1SDV_20190405T035915_20190405T035940_015666_01D628_E73F.SAFE,train
nw-0941-06-000029,S1B_IW_GRDH_1SDV_20190405T040005_20190405T040029_015666_01D628_7546.SAFE,train
nw-0943-06-000031,S1A_IW_GRDH_1SDV_20190405T154901_20190405T154926_026657_02FDC3_00D2.SAFE,train
nw-0944-06-000032,S1A_IW_GRDH_1SDV_20190405T154951_20190405T155016_026657_02FDC3_09ED.SAFE,train
nw-0945-06-000033,S1A_IW_GRDH_1SDV_20190405T154901_20190405T154926_026657_02FDC3_00D2.SAFE,train
nw-0947-06-000035,S1A_IW_GRDH_1SDV_20190406T035142_20190406T035207_026664_02FE02_BB0A.SAFE,train
nw-0948-06-000036,S1A_IW_GRDH_1SDV_20190406T035142_20190406T035207_026664_02FE02_BB0A.SAFE,train
nw-0949-06-000037,S1A_IW_GRDH_1SDV_20190406T035142_20190406T035207_026664_02FE02_BB0A.SAFE,train
nw-0950-06-000038,S1A_IW_GRDH_1SDV_20190406T035142_20190406T035207_026664_02FE02_BB0A.SAFE,train
nw-0951-06-000039,S1A_IW_GRDH_1SDV_20190406T035142_20190406T035207_026664_02FE02_BB0A.SAFE,train
nw-0952-06-000040,S1B_IW_GRDH_1SDV_20190406T154032_20190406T154057_015688_01D6ED_B234.SAFE,train
nw-0955-06-000043,S1B_IW_GRDH_1SDV_20190411T154836_20190411T154901_015761_01D947_D398.SAFE,train
nw-0956-06-000044,S1B_IW_GRDH_1SDV_20190412T035105_20190412T035130_015768_01D985_01C9.SAFE,train
nw-0957-06-000045,S1B_IW_GRDH_1SDV_20190412T035130_20190412T035155_015768_01D985_E914.SAFE;S1B_IW_GRDH_1SDV_20190412T035105_20190412T035130_015768_01D985_01C9.SAFE,train
nw-0958-06-000046,S1B_IW_GRDH_1SDV_20190412T035130_20190412T035155_015768_01D985_E914.SAFE,train
nw-0959-06-000047,S1B_IW_GRDH_1SDV_20190412T035130_20190412T035155_015768_01D985_E914.SAFE,train
nw-0960-06-000048,S1A_IW_GRDH_1SDV_20190423T040018_20190423T040043_026912_0306F7_E21A.SAFE,train
nw-0961-06-000049,S1B_IW_GRDH_1SDV_20190423T154811_20190423T154836_015936_01DF14_D0D6.SAFE,train
nw-0962-06-000050,S1B_IW_GRDH_1SDV_20190423T154811_20190423T154836_015936_01DF14_D0D6.SAFE,train
nw-0963-06-000051,S1B_IW_GRDH_1SDV_20190423T154836_20190423T154901_015936_01DF14_E7F4.SAFE,train
nw-0964-06-000052,S1B_IW_GRDH_1SDV_20190423T154836_20190423T154901_015936_01DF14_E7F4.SAFE,train
nw-0965-06-000053,S1B_IW_GRDH_1SDV_20190423T154836_20190423T154901_015936_01DF14_E7F4.SAFE,train
nw-0966-06-000054,S1B_IW_GRDH_1SDV_20190423T154901_20190423T154926_015936_01DF14_58C2.SAFE,train
nw-0967-06-000055,S1B_IW_GRDH_1SDV_20190423T154901_20190423T154926_015936_01DF14_58C2.SAFE,train
nw-0970-06-000058,S1A_IW_GRDH_1SDV_20190427T160605_20190427T160630_026978_03096D_3B92.SAFE,train
nw-0971-06-000059,S1A_IW_GRDH_1SDV_20190427T160605_20190427T160630_026978_03096D_3B92.SAFE,train
nw-0972-06-000060,S1A_IW_GRDH_1SDV_20190427T160515_20190427T160540_026978_03096D_9164.SAFE,train
nw-0973-06-000061,S1A_IW_GRDH_1SDV_20190427T160515_20190427T160540_026978_03096D_9164.SAFE,train
nw-0974-06-000062,S1A_IW_GRDH_1SDV_20190427T160515_20190427T160540_026978_03096D_9164.SAFE,train
nw-0975-06-000063,S1A_IW_GRDH_1SDV_20190427T160515_20190427T160540_026978_03096D_9164.SAFE,train
nw-0976-06-000064,S1A_IW_GRDH_1SDV_20190427T160540_20190427T160605_026978_03096D_E604.SAFE,train
nw-0977-06-000065,S1A_IW_GRDH_1SDV_20190427T160515_20190427T160540_026978_03096D_9164.SAFE,train
nw-0978-06-000066,S1B_IW_GRDH_1SDV_20190428T155711_20190428T155736_016009_01E183_B373.SAFE;S1B_IW_GRDH_1SDV_20190428T155642_20190428T155711_016009_01E183_AEED.SAFE,train
nw-0980-06-000068,S1B_IW_GRDH_1SDV_20190429T035851_20190429T035916_016016_01E1C8_1C16.SAFE,train
nw-0982-06-000070,S1A_IW_GRDH_1SDV_20190430T035118_20190430T035143_027014_030AB6_614C.SAFE,train
nw-0984-06-000072,S1B_IW_GRDH_1SDV_20190511T035851_20190511T035916_016191_01E77E_ECCB.SAFE,train
nw-0985-06-000073,S1A_IW_GRDH_1SDV_20190511T154927_20190511T154952_027182_031070_998B.SAFE;S1A_IW_GRDH_1SDV_20190511T154902_20190511T154927_027182_031070_D831.SAFE,train
nw-0986-06-000074,S1B_IW_GRDH_1SDV_20190515T160456_20190515T160521_016257_01E988_F53E.SAFE,train
nw-0988-06-000076,S1B_IW_GRDH_1SDV_20190522T155712_20190522T155737_016359_01ECA7_BEBC.SAFE,train
nw-0989-06-000077,S1B_IW_GRDH_1SDV_20190522T155712_20190522T155737_016359_01ECA7_BEBC.SAFE,train
nw-0990-06-000078,S1B_IW_GRDH_1SDV_20190522T155712_20190522T155737_016359_01ECA7_BEBC.SAFE,train
nw-0991-06-000079,S1B_IW_GRDH_1SDV_20190522T155643_20190522T155712_016359_01ECA7_4C33.SAFE,train
nw-0992-06-000080,S1B_IW_GRDH_1SDV_20190522T155643_20190522T155712_016359_01ECA7_4C33.SAFE,train
nw-0993-06-000081,S1B_IW_GRDH_1SDV_20190522T155643_20190522T155712_016359_01ECA7_4C33.SAFE,train
nw-0994-06-000082,S1B_IW_GRDH_1SDV_20190522T155712_20190522T155737_016359_01ECA7_BEBC.SAFE,train
nw-0995-06-000083,S1B_IW_GRDH_1SDV_20190522T155643_20190522T155712_016359_01ECA7_4C33.SAFE,train
nw-0996-06-000084,S1B_IW_GRDH_1SDV_20190522T155643_20190522T155712_016359_01ECA7_4C33.SAFE,train
nw-0997-06-000085,S1B_IW_GRDH_1SDV_20190522T155643_20190522T155712_016359_01ECA7_4C33.SAFE,train
nw-0998-06-000086,S1B_IW_GRDH_1SDV_20190522T155643_20190522T155712_016359_01ECA7_4C33.SAFE,train
nw-0999-06-000087,S1B_IW_GRDH_1SDV_20190522T155643_20190522T155712_016359_01ECA7_4C33.SAFE,train
nw-1002-06-000090,S1A_IW_GRDH_1SDV_20190523T154903_20190523T154928_027357_0315EA_95BE.SAFE,train
nw-1003-06-000091,S1A_IW_GRDH_1SDV_20190523T154903_20190523T154928_027357_0315EA_95BE.SAFE,train
nw-1004-06-000092,S1A_IW_GRDH_1SDV_20190523T154903_20190523T154928_027357_0315EA_95BE.SAFE,train
nw-1005-06-000093,S1A_IW_GRDH_1SDV_20190523T154903_20190523T154928_027357_0315EA_95BE.SAFE,train
nw-1006-06-000094,S1A_IW_GRDH_1SDV_20190523T154838_20190523T154903_027357_0315EA_5427.SAFE,train
nw-1007-06-000095,S1A_IW_GRDH_1SDV_20190523T154903_20190523T154928_027357_0315EA_95BE.SAFE,train
nw-1010-06-000098,S1B_IW_GRDH_1SDV_20190527T160457_20190527T160522_016432_01EEE6_4F2E.SAFE,train
nw-1011-06-000099,S1B_IW_GRDH_1SDV_20190527T160457_20190527T160522_016432_01EEE6_4F2E.SAFE,train
nw-1012-06-000100,S1B_IW_GRDH_1SDV_20190527T160457_20190527T160522_016432_01EEE6_4F2E.SAFE,train
nw-1013-06-000101,S1B_IW_GRDH_1SDV_20190527T160457_20190527T160522_016432_01EEE6_4F2E.SAFE,train
nw-1016-06-000104,S1A_IW_GRDH_1SDV_20190529T035954_20190529T040019_027437_031860_E8F6.SAFE,train
nw-1017-06-000105,S1A_IW_GRDH_1SDV_20190529T035954_20190529T040019_027437_031860_E8F6.SAFE,train
nw-1019-06-000107,S1A_IW_GRDH_1SDV_20190529T040019_20190529T040044_027437_031860_421A.SAFE,train
nw-1021-06-000109,S1A_IW_GRDH_1SDV_20190531T034325_20190531T034350_027466_031954_4726.SAFE,train
nw-1022-06-000110,S1A_IW_GRDH_1SDV_20190609T155730_20190609T155755_027605_031D91_51DD.SAFE,train
nw-1023-06-000111,S1A_IW_GRDH_1SDV_20190610T040020_20190610T040045_027612_031DBE_747E.SAFE,train
nw-1024-06-000112,S1A_IW_GRDH_1SDV_20190610T035930_20190610T035955_027612_031DBE_CF47.SAFE,train
nw-1025-06-000113,S1A_IW_GRDH_1SDV_20190610T035930_20190610T035955_027612_031DBE_CF47.SAFE,train
nw-1026-06-000114,S1A_IW_GRDH_1SDV_20190611T154100_20190611T154125_027634_031E6E_FE68.SAFE,train
nw-1027-06-000115,S1B_IW_GRDH_1SDV_20190615T155613_20190615T155638_016709_01F729_3F2F.SAFE,train
nw-1029-06-000117,S1A_IW_GRDH_1SDV_20190622T035955_20190622T040020_027787_0322FB_5391.SAFE,train
nw-1030-06-000118,S1B_IW_GRDH_1SDV_20190622T154904_20190622T154929_016811_01FA2F_B265.SAFE,train
nw-1033-06-000121,S1A_IW_GRDH_1SDV_20190701T033458_20190701T033523_027918_0326E9_C8FD.SAFE,train
nw-1034-06-000122,S1B_IW_GRDH_1SDV_20190709T155715_20190709T155740_017059_020187_FF25.SAFE,train
nw-1035-06-000123,S1A_IW_GRDH_1SDV_20190716T040047_20190716T040112_028137_032D90_BD5F.SAFE,train
nw-1036-06-000124,S1B_IW_GRDH_1SDV_20190716T154816_20190716T154841_017161_020487_EEF7.SAFE,train
nw-1037-06-000125,S1A_IW_GRDH_1SDV_20190722T154956_20190722T155021_028232_033073_31CC.SAFE,train
nw-1038-06-000126,S1B_IW_GRDH_1SDV_20190730T153248_20190730T153313_017365_020A74_DD3A.SAFE,train
nw-1041-06-000129,S1A_IW_GRDH_1SDV_20190821T040024_20190821T040049_028662_033E63_3BDB.SAFE,train
nw-1042-06-000130,S1A_IW_GRDH_1SDV_20190822T154130_20190822T154155_028684_033F1B_7F0B.SAFE,train
nw-1043-06-000131,S1A_IW_GRDH_1SDV_20190822T154130_20190822T154155_028684_033F1B_7F0B.SAFE,train
nw-1044-06-000132,S1A_IW_GRDH_1SDV_20190906T160612_20190906T160637_028903_0346CC_B498.SAFE;S1A_IW_GRDH_1SDV_20190906T160547_20190906T160612_028903_0346CC_6FD4.SAFE,train
nw-1046-06-000134,S1A_IW_GRDH_1SDV_20190926T040026_20190926T040051_029187_035080_F816.SAFE,train
nw-1047-06-000135,S1A_IW_GRDH_1SDV_20190926T040026_20190926T040051_029187_035080_F816.SAFE,train
nw-1048-06-000136,S1B_IW_GRDH_1SDV_20190926T154910_20190926T154935_018211_0224A2_D216.SAFE,train
nw-1049-06-000137,S1B_IW_GRDH_1SDV_20190926T154820_20190926T154845_018211_0224A2_1533.SAFE,train
nw-1050-06-000138,S1A_IW_GRDH_1SDV_20190930T160613_20190930T160638_029253_0352E1_768B.SAFE,train
nw-1055-06-000143,S1B_IW_GRDH_1SDV_20191003T154016_20191003T154041_018313_0227F5_C52B.SAFE,train
nw-1056-06-000144,S1B_IW_GRDH_1SDV_20191004T034252_20191004T034317_018320_02282B_B1FB.SAFE,train
nw-1058-06-000146,S1B_IW_GRDH_1SDV_20191008T154819_20191008T154844_018386_022A2C_14D5.SAFE,train
nw-1059-06-000147,S1A_IW_GRDH_1SDV_20191009T154131_20191009T154156_029384_035749_9F6C.SAFE,train
nw-1060-06-000148,S1A_IW_GRDH_1SDV_20191014T154910_20191014T154935_029457_0359DE_77C2.SAFE;S1A_IW_GRDH_1SDV_20191014T154845_20191014T154910_029457_0359DE_D1AE.SAFE,train
nw-1061-06-000149,S1A_IW_GRDH_1SDV_20191015T035216_20191015T035241_029464_035A19_207B.SAFE,train
nw-1062-06-000150,S1A_IW_GRDH_1SDV_20191015T035216_20191015T035241_029464_035A19_207B.SAFE,train
nw-1064-06-000152,S1A_IW_GRDH_1SDV_20191019T155712_20191019T155737_029530_035C5B_D123.SAFE,train
nw-1066-06-000154,S1B_IW_GRDH_1SDV_20191020T154910_20191020T154935_018561_022F8C_14B1.SAFE,train
nw-1068-06-000156,S1A_IW_GRDH_1SDV_20191031T155737_20191031T155802_029705_036271_CAC2.SAFE;S1A_IW_GRDH_1SDV_20191031T155712_20191031T155737_029705_036271_F756.SAFE,train
nw-1070-06-000158,S1A_IW_GRDH_1SDV_20191108T035241_20191108T035307_029814_03664C_D351.SAFE,train
nw-1072-06-000160,S1B_IW_GRDH_1SDV_20191207T154909_20191207T154934_019261_0245D7_07B0.SAFE,train
nw-1073-06-000161,S1B_IW_GRDH_1SDV_20191219T154843_20191219T154908_019436_024B6B_D265.SAFE,train
nw-1074-06-000162,S1B_IW_GRDH_1SDV_20191219T154843_20191219T154908_019436_024B6B_D265.SAFE,train
nw-1075-06-000163,S1B_IW_GRDH_1SDV_20191219T154843_20191219T154908_019436_024B6B_D265.SAFE,train
nw-1078-06-000166,S1A_IW_GRDH_1SDV_20191221T034305_20191221T034330_030441_037BF3_7BCE.SAFE,train
nw-1079-07-000001,S1A_IW_GRDH_1SDV_20190104T155753_20190104T155818_025330_02CD9D_5240.SAFE,train
nw-1080-07-000002,S1A_IW_GRDH_1SDV_20190105T035953_20190105T040018_025337_02CDDA_4FB0.SAFE,train
nw-1081-07-000003,S1A_IW_GRDH_1SDV_20190111T154951_20190111T155016_025432_02D14A_C237.SAFE,train
nw-1083-07-000005,S1B_IW_GRDH_1SDV_20190117T154836_20190117T154901_014536_01B131_45B2.SAFE,train
nw-1084-07-000006,S1A_IW_GRDH_1SDV_20190118T154058_20190118T154123_025534_02D4F3_3A0C.SAFE,train
nw-1085-07-000007,S1A_IW_GRDH_1SDV_20190118T154058_20190118T154123_025534_02D4F3_3A0C.SAFE;S1A_IW_GRDH_1SDV_20190118T154033_20190118T154058_025534_02D4F3_C962.SAFE,train
nw-1086-07-000008,S1A_IW_GRDH_1SDV_20190119T034348_20190119T034413_025541_02D53C_EE42.SAFE,train
nw-1087-07-000009,S1A_IW_GRDH_1SDV_20190119T034258_20190119T034323_025541_02D53C_2934.SAFE,train
nw-1088-07-000010,S1A_IW_GRDH_1SDV_20190121T160514_20190121T160539_025578_02D6AC_7E52.SAFE,train
nw-1089-07-000011,S1B_IW_GRDH_1SDV_20190122T155641_20190122T155710_014609_01B38C_DBD6.SAFE,train
nw-1090-07-000012,S1B_IW_GRDH_1SDV_20190123T035850_20190123T035915_014616_01B3CB_4179.SAFE,train
nw-1091-07-000013,S1B_IW_GRDH_1SDV_20190123T035915_20190123T035940_014616_01B3CB_38CE.SAFE;S1B_IW_GRDH_1SDV_20190123T035850_20190123T035915_014616_01B3CB_4179.SAFE,train
nw-1092-07-000014,S1B_IW_GRDH_1SDV_20190123T035915_20190123T035940_014616_01B3CB_38CE.SAFE,train
nw-1093-07-000015,S1B_IW_GRDH_1SDV_20190127T160520_20190127T160545_014682_01B5E9_2D4B.SAFE,train
nw-1094-07-000016,S1A_IW_GRDH_1SDV_20190204T154950_20190204T155015_025782_02DE08_D834.SAFE;S1A_IW_GRDH_1SDV_20190204T154925_20190204T154950_025782_02DE08_E4AA.SAFE,train
nw-1095-07-000017,S1A_IW_GRDH_1SDV_20190205T035116_20190205T035141_025789_02DE41_13F2.SAFE,train
nw-1096-07-000018,S1A_IW_GRDH_1SDV_20190212T034347_20190212T034412_025891_02E1DC_27C4.SAFE,train
nw-1097-07-000019,S1B_IW_GRDH_1SDV_20190213T033433_20190213T033458_014922_01BDB4_07BD.SAFE,train
nw-1098-07-000020,S1A_IW_GRDH_1SDV_20190218T153310_20190218T153335_025986_02E530_36A3.SAFE,train
nw-1099-07-000021,S1A_IW_GRDH_1SDV_20190221T155727_20190221T155752_026030_02E6CF_E2B0.SAFE,train
nw-1100-07-000022,S1A_IW_GRDH_1SDV_20190221T155727_20190221T155752_026030_02E6CF_E2B0.SAFE,train
nw-1101-07-000023,S1A_IW_GRDH_1SDV_20190221T155727_20190221T155752_026030_02E6CF_E2B0.SAFE,train
nw-1102-07-000024,S1A_IW_GRDH_1SDV_20190221T155727_20190221T155752_026030_02E6CF_E2B0.SAFE,train
nw-1105-07-000027,S1B_IW_GRDH_1SDV_20190223T035130_20190223T035155_015068_01C287_0DC8.SAFE,train
nw-1107-07-000029,S1A_IW_GRDH_1SDV_20190223T154122_20190223T154147_026059_02E7D6_5BFC.SAFE;S1A_IW_GRDH_1SDV_20190223T154057_20190223T154122_026059_02E7D6_A9E6.SAFE,train
nw-1108-07-000030,S1A_IW_GRDH_1SDV_20190224T034322_20190224T034347_026066_02E816_1321.SAFE,train
nw-1111-07-000033,S1B_IW_GRDH_1SDV_20190312T035914_20190312T035939_015316_01CAB5_A5CE.SAFE,train
nw-1112-07-000034,S1B_IW_GRDH_1SDV_20190312T035939_20190312T040004_015316_01CAB5_09EE.SAFE,train
nw-1113-07-000035,S1A_IW_GRDH_1SDV_20190312T154900_20190312T154925_026307_02F0D5_5A39.SAFE,train
nw-1116-07-000038,S1A_IW_GRDH_1SDV_20190315T033519_20190315T033544_026343_02F229_19FC.SAFE;S1A_IW_GRDH_1SDV_20190315T033454_20190315T033519_026343_02F229_357D.SAFE,train
nw-1119-07-000041,S1A_IW_GRDH_1SDV_20190324T154951_20190324T155016_026482_02F74C_6262.SAFE,train
nw-1120-07-000042,S1A_IW_GRDH_1SDV_20190324T154951_20190324T155016_026482_02F74C_6262.SAFE,train
nw-1123-07-000045,S1A_IW_GRDH_1SDV_20190406T035117_20190406T035142_026664_02FE02_C5A5.SAFE,train
nw-1124-07-000046,S1A_IW_GRDH_1SDV_20190406T035117_20190406T035142_026664_02FE02_C5A5.SAFE,train
nw-1125-07-000047,S1B_IW_GRDH_1SDV_20190406T154032_20190406T154057_015688_01D6ED_B234.SAFE,train
nw-1126-07-000048,S1A_IW_GRDH_1SDV_20190411T040017_20190411T040042_026737_0300A0_6CE0.SAFE,train
nw-1127-07-000049,S1B_IW_GRDH_1SDV_20190412T035040_20190412T035105_015768_01D985_9F88.SAFE,train
nw-1128-07-000050,S1B_IW_GRDH_1SDV_20190412T035040_20190412T035105_015768_01D985_9F88.SAFE,train
nw-1129-07-000051,S1B_IW_GRDH_1SDV_20190412T035040_20190412T035105_015768_01D985_9F88.SAFE,train
nw-1134-07-000056,S1B_IW_GRDH_1SDV_20190426T033409_20190426T033434_015972_01E03C_2784.SAFE,train
nw-1135-07-000057,S1B_IW_GRDH_1SDV_20190429T035916_20190429T035941_016016_01E1C8_BA61.SAFE;S1B_IW_GRDH_1SDV_20190429T035851_20190429T035916_016016_01E1C8_1C16.SAFE,train
nw-1137-07-000059,S1A_IW_GRDH_1SDV_20190429T154902_20190429T154927_027007_030A73_CA6D.SAFE,train
nw-1138-07-000060,S1A_IW_GRDH_1SDV_20190430T035118_20190430T035143_027014_030AB6_614C.SAFE,train
nw-1139-07-000061,S1A_IW_GRDH_1SDV_20190430T035143_20190430T035208_027014_030AB6_4943.SAFE,train
nw-1140-07-000062,S1A_IW_GRDH_1SDV_20190430T035118_20190430T035143_027014_030AB6_614C.SAFE,train
nw-1142-07-000064,S1A_IW_GRDH_1SDV_20190512T035143_20190512T035208_027189_0310AB_00AD.SAFE;S1A_IW_GRDH_1SDV_20190512T035118_20190512T035143_027189_0310AB_EEF7.SAFE,train
nw-1143-07-000065,S1B_IW_GRDH_1SDV_20190513T034334_20190513T034359_016220_01E86A_D898.SAFE,train
nw-1144-07-000066,S1A_IW_GRDH_1SDV_20190518T154059_20190518T154124_027284_03139E_2F70.SAFE,train
nw-1145-07-000067,S1A_IW_GRDH_1SDV_20190519T034259_20190519T034324_027291_0313E1_D2CA.SAFE,train
nw-1147-07-000069,S1A_IW_GRDH_1SDV_20190524T035144_20190524T035209_027364_031625_287A.SAFE,train
nw-1148-07-000070,S1B_IW_GRDH_1SDV_20190527T160457_20190527T160522_016432_01EEE6_4F2E.SAFE,train
nw-1150-07-000072,S1A_IW_GRDH_1SDV_20190529T040044_20190529T040109_027437_031860_7B6B.SAFE,train
nw-1151-07-000073,S1A_IW_GRDH_1SDV_20190529T035929_20190529T035954_027437_031860_5BEE.SAFE,train
nw-1153-07-000075,S1A_IW_GRDH_1SDV_20190605T035119_20190605T035144_027539_031B8E_1D5C.SAFE,train
nw-1154-07-000076,S1B_IW_GRDH_1SDV_20190606T034221_20190606T034246_016570_01F315_3379.SAFE,train
nw-1155-07-000077,S1A_IW_GRDH_1SDV_20190609T155730_20190609T155755_027605_031D91_51DD.SAFE,train
nw-1156-07-000078,S1A_IW_GRDH_1SDV_20190610T035930_20190610T035955_027612_031DBE_CF47.SAFE,train
nw-1157-07-000079,S1B_IW_GRDH_1SDV_20190610T154813_20190610T154838_016636_01F4FD_EE80.SAFE,train
nw-1158-07-000080,S1B_IW_GRDH_1SDV_20190611T035133_20190611T035158_016643_01F530_8193.SAFE,train
nw-1161-07-000083,S1A_IW_GRDH_1SDV_20190612T034325_20190612T034350_027641_031EA9_55D4.SAFE;S1A_IW_GRDH_1SDV_20190612T034300_20190612T034325_027641_031EA9_7D1B.SAFE,train
nw-1163-07-000085,S1B_IW_GRDH_1SDV_20190616T035853_20190616T035918_016716_01F766_7932.SAFE,train
nw-1164-07-000086,S1B_IW_GRDH_1SDV_20190616T035853_20190616T035918_016716_01F766_7932.SAFE,train
nw-1165-07-000087,S1B_IW_GRDH_1SDV_20190616T035853_20190616T035918_016716_01F766_7932.SAFE,train
nw-1166-07-000088,S1A_IW_GRDH_1SDV_20190616T154929_20190616T154954_027707_0320A3_F570.SAFE,train
nw-1167-07-000089,S1A_IW_GRDH_1SDV_20190617T035145_20190617T035210_027714_0320D5_4009.SAFE,train
nw-1168-07-000090,S1A_IW_GRDH_1SDV_20190617T035145_20190617T035210_027714_0320D5_4009.SAFE,train
nw-1169-07-000091,S1B_IW_GRDH_1SDV_20190623T035044_20190623T035109_016818_01FA62_8090.SAFE,train
nw-1170-07-000092,S1B_IW_GRDH_1SDV_20190625T033437_20190625T033502_016847_01FB31_FE1D.SAFE;S1B_IW_GRDH_1SDV_20190625T033412_20190625T033437_016847_01FB31_D537.SAFE,train
nw-1171-07-000093,S1B_IW_GRDH_1SDV_20190709T155715_20190709T155740_017059_020187_FF25.SAFE,train
nw-1173-07-000095,S1B_IW_GRDH_1SDV_20190716T154816_20190716T154841_017161_020487_EEF7.SAFE,train
nw-1175-07-000097,S1B_IW_GRDH_1SDV_20190803T035856_20190803T035921_017416_020C16_EF88.SAFE,train
nw-1177-07-000099,S1B_IW_GRDH_1SDV_20190805T034224_20190805T034249_017445_020CF7_1135.SAFE,train
nw-1179-07-000101,S1B_IW_GRDH_1SDV_20190814T155617_20190814T155642_017584_021133_82C5.SAFE,train
nw-1182-07-000104,S1A_IW_GRDH_1SDV_20190821T035934_20190821T035959_028662_033E63_CBB0.SAFE,train
nw-1183-07-000105,S1A_IW_GRDH_1SDV_20190821T040024_20190821T040049_028662_033E63_3BDB.SAFE,train
nw-1184-07-000106,S1A_IW_GRDH_1SDV_20190821T035934_20190821T035959_028662_033E63_CBB0.SAFE,train
nw-1186-07-000108,S1A_IW_GRDH_1SDV_20190823T034330_20190823T034355_028691_033F57_A0BF.SAFE,train
nw-1188-07-000110,S1A_IW_GRDH_1SDV_20190825T160546_20190825T160611_028728_0340B1_71FA.SAFE,train
nw-1189-07-000111,S1A_IW_GRDH_1SDV_20190828T035124_20190828T035149_028764_0341F0_DBEB.SAFE,train
nw-1190-07-000112,S1A_IW_GRDH_1SDV_20190828T035124_20190828T035149_028764_0341F0_DBEB.SAFE,train
nw-1192-07-000114,S1B_IW_GRDH_1SDV_20190915T035049_20190915T035114_018043_021F77_F12E.SAFE,train
nw-1193-07-000115,S1A_IW_GRDH_1SDV_20190916T034306_20190916T034331_029041_034B8F_685E.SAFE,train
nw-1194-07-000116,S1A_IW_GRDH_1SDV_20190920T154844_20190920T154909_029107_034DCE_58F5.SAFE,train
nw-1195-07-000117,S1A_IW_GRDH_1SDV_20190921T035125_20190921T035150_029114_034E08_0160.SAFE,train
nw-1196-07-000118,S1A_IW_GRDH_1SDV_20190926T040001_20190926T040026_029187_035080_FDB2.SAFE,train
nw-1197-07-000119,S1A_IW_GRDH_1SDV_20190926T040026_20190926T040051_029187_035080_F816.SAFE,train
nw-1198-07-000120,S1A_IW_GRDH_1SDV_20190926T040051_20190926T040116_029187_035080_972D.SAFE;S1A_IW_GRDH_1SDV_20190926T040026_20190926T040051_029187_035080_F816.SAFE,train
nw-1199-07-000121,S1A_IW_GRDH_1SDV_20190926T040001_20190926T040026_029187_035080_FDB2.SAFE,train
nw-1200-07-000122,S1B_IW_GRDH_1SDV_20190927T035049_20190927T035114_018218_0224DC_62D9.SAFE,train
nw-1201-07-000123,S1B_IW_GRDH_1SDV_20190927T035114_20190927T035139_018218_0224DC_067F.SAFE,train
nw-1202-07-000124,S1B_IW_GRDH_1SDV_20190927T035139_20190927T035204_018218_0224DC_E6A4.SAFE,train
nw-1205-07-000127,S1A_IW_GRDH_1SDV_20190928T034356_20190928T034421_029216_035188_75B2.SAFE;S1A_IW_GRDH_1SDV_20190928T034331_20190928T034356_029216_035188_442B.SAFE,train
nw-1206-07-000128,S1A_IW_GRDH_1SDV_20190928T034421_20190928T034446_029216_035188_54CE.SAFE,train
nw-1208-07-000130,S1B_IW_GRDH_1SDV_20191004T034227_20191004T034252_018320_02282B_0F0F.SAFE,train
nw-1209-07-000131,S1A_IW_GRDH_1SDV_20191007T155712_20191007T155737_029355_035652_8FCF.SAFE,train
nw-1212-07-000134,S1B_IW_GRDH_1SDV_20191013T155719_20191013T155744_018459_022C6B_D17C.SAFE,train
nw-1213-07-000135,S1A_IW_GRDH_1SDV_20191014T154910_20191014T154935_029457_0359DE_77C2.SAFE,train
nw-1214-07-000136,S1B_IW_GRDH_1SDV_20191016T034227_20191016T034252_018495_022D96_DFD2.SAFE,train
nw-1215-07-000137,S1A_IW_GRDH_1SDV_20191017T033503_20191017T033528_029493_035B12_9595.SAFE,train
nw-1216-07-000138,S1A_IW_GRDH_1SDV_20191020T040001_20191020T040026_029537_035C98_67D9.SAFE,train
nw-1217-07-000139,S1B_IW_GRDH_1SDV_20191020T154910_20191020T154935_018561_022F8C_14B1.SAFE,train
nw-1218-07-000140,S1B_IW_GRDH_1SDV_20191021T035049_20191021T035114_018568_022FC0_D1AC.SAFE,train
nw-1219-07-000141,S1B_IW_GRDH_1SDV_20191027T154041_20191027T154106_018663_0232BF_0AC1.SAFE,train
nw-1220-07-000142,S1B_IW_GRDH_1SDV_20191028T034252_20191028T034317_018670_0232F7_237B.SAFE,train
nw-1221-07-000143,S1B_IW_GRDH_1SDV_20191028T034252_20191028T034317_018670_0232F7_237B.SAFE,train
nw-1222-07-000144,S1B_IW_GRDH_1SDV_20191030T160439_20191030T160504_018707_023425_6ED4.SAFE,train
nw-1223-07-000145,S1B_IW_GRDH_1SDV_20191030T160439_20191030T160504_018707_023425_6ED4.SAFE,train
nw-1224-07-000146,S1B_IW_GRDH_1SDV_20191102T035049_20191102T035114_018743_02353E_12A8.SAFE,train
nw-1225-07-000147,S1A_IW_GRDH_1SDV_20191102T154132_20191102T154157_029734_036369_DF53.SAFE,train
nw-1227-07-000149,S1A_IW_GRDH_1SDV_20191113T035936_20191113T040001_029887_0368D2_1D62.SAFE,train
nw-1228-07-000150,S1B_IW_GRDH_1SDV_20191113T154820_20191113T154845_018911_023AAD_38BC.SAFE,train
nw-1229-07-000151,S1A_IW_GRDH_1SDV_20191114T154132_20191114T154157_029909_03698D_5D14.SAFE,train
nw-1231-07-000153,S1B_IW_GRDH_1SDV_20191123T160439_20191123T160504_019057_023F6D_FB3B.SAFE,train
nw-1232-07-000154,S1B_IW_GRDH_1SDV_20191130T155618_20191130T155643_019159_02429A_7E10.SAFE,train
nw-1233-07-000155,S1B_IW_GRDH_1SDV_20191203T034251_20191203T034316_019195_0243D6_EC71.SAFE,train
nw-1234-07-000156,S1B_IW_GRDH_1SDV_20191203T034251_20191203T034316_019195_0243D6_EC71.SAFE,train
nw-1235-07-000157,S1A_IW_GRDH_1SDV_20191204T033502_20191204T033527_030193_037365_9BAB.SAFE,train
nw-1236-07-000158,S1A_IW_GRDH_1SDV_20191206T155801_20191206T155826_030230_0374B1_B398.SAFE,train
nw-1241-07-000163,S1B_IW_GRDH_1SDV_20191215T034251_20191215T034316_019370_024965_FD00.SAFE,train
nw-1242-07-000164,S1A_IW_GRDH_1SDV_20191218T155800_20191218T155825_030405_037AC0_AAC3.SAFE,train
nw-1243-07-000165,S1A_IW_GRDH_1SDV_20191218T155800_20191218T155825_030405_037AC0_AAC3.SAFE,train
nw-1244-07-000166,S1A_IW_GRDH_1SDV_20191219T035935_20191219T040000_030412_037AF3_6AFD.SAFE,train
nw-1245-07-000167,S1A_IW_GRDH_1SDV_20191219T035935_20191219T040000_030412_037AF3_6AFD.SAFE,train
nw-1246-07-000168,S1A_IW_GRDH_1SDV_20191219T035935_20191219T040000_030412_037AF3_6AFD.SAFE,train
nw-1247-07-000169,S1A_IW_GRDH_1SDV_20191221T034305_20191221T034330_030441_037BF3_7BCE.SAFE,train
nw-1248-07-000170,S1B_IW_GRDH_1SDV_20191231T154818_20191231T154843_019611_025103_9D8D.SAFE,train
nw-1249-07-000171,S1B_IW_GRDH_1SDV_20191231T154908_20191231T154933_019611_025103_6622.SAFE,train
nw-1251-08-000002,S1A_IW_GRDH_1SDV_20190104T155753_20190104T155818_025330_02CD9D_5240.SAFE,train
nw-1252-08-000003,S1A_IW_GRDH_1SDV_20190104T155728_20190104T155753_025330_02CD9D_B67E.SAFE,train
nw-1253-08-000004,S1A_IW_GRDH_1SDV_20190104T155728_20190104T155753_025330_02CD9D_B67E.SAFE,train
nw-1254-08-000005,S1A_IW_GRDH_1SDV_20190104T155753_20190104T155818_025330_02CD9D_5240.SAFE;S1A_IW_GRDH_1SDV_20190104T155728_20190104T155753_025330_02CD9D_B67E.SAFE,train
nw-1255-08-000006,S1A_IW_GRDH_1SDV_20190105T035953_20190105T040018_025337_02CDDA_4FB0.SAFE,train
nw-1256-08-000007,S1B_IW_GRDH_1SDV_20190105T154901_20190105T154926_014361_01AB8D_D7A0.SAFE,train
nw-1259-08-000010,S1B_IW_GRDH_1SDV_20190111T035941_20190111T040006_014441_01AE2F_B933.SAFE,train
nw-1261-08-000012,S1A_IW_GRDH_1SDV_20190111T154926_20190111T154951_025432_02D14A_113A.SAFE,train
nw-1262-08-000013,S1A_IW_GRDH_1SDV_20190111T154951_20190111T155016_025432_02D14A_C237.SAFE;S1A_IW_GRDH_1SDV_20190111T154926_20190111T154951_025432_02D14A_113A.SAFE,train
nw-1263-08-000014,S1A_IW_GRDH_1SDV_20190111T154951_20190111T155016_025432_02D14A_C237.SAFE,train
nw-1264-08-000015,S1B_IW_GRDH_1SDV_20190113T034235_20190113T034300_014470_01AF20_B0E8.SAFE,train
nw-1265-08-000016,S1B_IW_GRDH_1SDV_20190122T155641_20190122T155710_014609_01B38C_DBD6.SAFE,train
nw-1267-08-000018,S1B_IW_GRDH_1SDV_20190123T035915_20190123T035940_014616_01B3CB_38CE.SAFE,train
nw-1268-08-000019,S1B_IW_GRDH_1SDV_20190127T160430_20190127T160455_014682_01B5E9_13EC.SAFE,train
nw-1270-08-000021,S1B_IW_GRDH_1SDV_20190211T035105_20190211T035130_014893_01BCCD_D256.SAFE,train
nw-1271-08-000022,S1B_IW_GRDH_1SDV_20190216T035940_20190216T040005_014966_01BF36_8C52.SAFE,train
nw-1272-08-000023,S1B_IW_GRDH_1SDV_20190216T040005_20190216T040029_014966_01BF36_0C59.SAFE,train
nw-1273-08-000024,S1B_IW_GRDH_1SDV_20190216T035850_20190216T035915_014966_01BF36_326E.SAFE,train
nw-1275-08-000026,S1A_IW_GRDH_1SDV_20190217T035141_20190217T035206_025964_02E473_41AA.SAFE,train
nw-1276-08-000027,S1A_IW_GRDH_1SDV_20190217T035141_20190217T035206_025964_02E473_41AA.SAFE,train
nw-1277-08-000028,S1B_IW_GRDH_1SDV_20190217T154032_20190217T154057_014988_01BFFD_6BFC.SAFE,train
nw-1278-08-000029,S1B_IW_GRDH_1SDV_20190217T154032_20190217T154057_014988_01BFFD_6BFC.SAFE,train
nw-1281-08-000032,S1B_IW_GRDH_1SDV_20190218T034234_20190218T034259_014995_01C035_8F1B.SAFE,train
nw-1285-08-000036,S1A_IW_GRDH_1SDV_20190222T035926_20190222T035951_026037_02E70F_1C4A.SAFE,train
nw-1287-08-000038,S1B_IW_GRDH_1SDV_20190222T154900_20190222T154925_015061_01C24C_2830.SAFE,train
nw-1288-08-000039,S1B_IW_GRDH_1SDV_20190222T154900_20190222T154925_015061_01C24C_2830.SAFE,train
nw-1289-08-000040,S1B_IW_GRDH_1SDV_20190223T035130_20190223T035155_015068_01C287_0DC8.SAFE,train
nw-1292-08-000043,S1B_IW_GRDH_1SDV_20190302T034259_20190302T034324_015170_01C5ED_B305.SAFE;S1B_IW_GRDH_1SDV_20190302T034234_20190302T034259_015170_01C5ED_04F5.SAFE,train
nw-1296-08-000047,S1A_IW_GRDH_1SDV_20190308T034257_20190308T034322_026241_02EE61_4F36.SAFE,train
nw-1298-08-000049,S1B_IW_GRDH_1SDV_20190314T034234_20190314T034259_015345_01CBA8_E507.SAFE,train
nw-1299-08-000050,S1B_IW_GRDH_1SDV_20190314T034234_20190314T034259_015345_01CBA8_E507.SAFE,train
nw-1300-08-000051,S1B_IW_GRDH_1SDV_20190314T034234_20190314T034259_015345_01CBA8_E507.SAFE,train
nw-1301-08-000052,S1B_IW_GRDH_1SDV_20190314T034234_20190314T034259_015345_01CBA8_E507.SAFE,train
nw-1303-08-000054,S1A_IW_GRDH_1SDV_20190324T154901_20190324T154926_026482_02F74C_6168.SAFE,train
nw-1304-08-000055,S1A_IW_GRDH_1SDV_20190324T154951_20190324T155016_026482_02F74C_6262.SAFE,train
nw-1306-08-000057,S1B_IW_GRDH_1SDV_20190330T154900_20190330T154925_015586_01D376_BC6C.SAFE,train
nw-1307-08-000058,S1A_IW_GRDH_1SDV_20190331T154122_20190331T154147_026584_02FB04_E6E8.SAFE,train
nw-1308-08-000059,S1A_IW_GRDH_1SDV_20190331T154122_20190331T154147_026584_02FB04_E6E8.SAFE,train
nw-1309-08-000060,S1B_IW_GRDH_1SDV_20190405T035915_20190405T035940_015666_01D628_E73F.SAFE,train
nw-1310-08-000061,S1A_IW_GRDH_1SDV_20190410T155752_20190410T155817_026730_030069_3C33.SAFE,train
nw-1311-08-000062,S1B_IW_GRDH_1SDV_20190416T155710_20190416T155735_015834_01DBB3_443C.SAFE,train
nw-1313-08-000064,S1B_IW_GRDH_1SDV_20190426T033409_20190426T033434_015972_01E03C_2784.SAFE,train
nw-1314-08-000065,S1B_IW_GRDH_1SDV_20190429T035851_20190429T035916_016016_01E1C8_1C16.SAFE,train
nw-1315-08-000066,S1A_IW_GRDH_1SDV_20190429T154927_20190429T154952_027007_030A73_C58E.SAFE,train
nw-1316-08-000067,S1A_IW_GRDH_1SDV_20190430T035118_20190430T035143_027014_030AB6_614C.SAFE,train
nw-1317-08-000068,S1B_IW_GRDH_1SDV_20190501T034219_20190501T034244_016045_01E2CB_DAFE.SAFE,train
nw-1319-08-000070,S1B_IW_GRDH_1SDV_20190506T035131_20190506T035156_016118_01E530_855F.SAFE,train
nw-1320-08-000071,S1B_IW_GRDH_1SDV_20190515T160521_20190515T160546_016257_01E988_5FD0.SAFE,train
nw-1321-08-000072,S1B_IW_GRDH_1SDV_20190515T160521_20190515T160546_016257_01E988_5FD0.SAFE,train
nw-1322-08-000073,S1A_IW_GRDH_1SDV_20190523T154953_20190523T155018_027357_0315EA_7A48.SAFE,train
nw-1323-08-000074,S1A_IW_GRDH_1SDV_20190523T154953_20190523T155018_027357_0315EA_7A48.SAFE,train
nw-1324-08-000075,S1A_IW_GRDH_1SDV_20190524T035144_20190524T035209_027364_031625_287A.SAFE;S1A_IW_GRDH_1SDV_20190524T035119_20190524T035144_027364_031625_69C6.SAFE,train
nw-1326-08-000077,S1B_IW_GRDH_1SDV_20190530T035107_20190530T035132_016468_01EFFB_17D5.SAFE,train
nw-1327-08-000078,S1B_IW_GRDH_1SDV_20190530T035042_20190530T035107_016468_01EFFB_06B2.SAFE,train
nw-1330-08-000081,S1A_IW_GRDH_1SDV_20190531T034300_20190531T034325_027466_031954_5014.SAFE,train
nw-1331-08-000082,S1A_IW_GRDH_1SDV_20190531T034300_20190531T034325_027466_031954_5014.SAFE,train
nw-1332-08-000083,S1A_IW_GRDH_1SDV_20190612T034300_20190612T034325_027641_031EA9_7D1B.SAFE,train
nw-1333-08-000084,S1B_IW_GRDH_1SDV_20190616T035918_20190616T035943_016716_01F766_2E45.SAFE,train
nw-1334-08-000085,S1A_IW_GRDH_1SDV_20190624T034301_20190624T034326_027816_0323DB_4474.SAFE,train
nw-1335-08-000086,S1B_IW_GRDH_1SDV_20190628T035854_20190628T035919_016891_01FC8F_151B.SAFE,train
nw-1338-08-000089,S1A_IW_GRDH_1SDV_20190823T034330_20190823T034355_028691_033F57_A0BF.SAFE,train
nw-1339-08-000090,S1A_IW_GRDH_1SDV_20190828T035124_20190828T035149_028764_0341F0_DBEB.SAFE,train
nw-1342-08-000093,S1B_IW_GRDH_1SDV_20190903T035138_20190903T035203_017868_021A04_85C3.SAFE;S1B_IW_GRDH_1SDV_20190903T035113_20190903T035138_017868_021A04_3E95.SAFE,train
nw-1343-08-000094,S1A_IW_GRDH_1SDV_20190904T034355_20190904T034420_028866_034579_B50C.SAFE,train
nw-1344-08-000095,S1B_IW_GRDH_1SDV_20190910T034316_20190910T034341_017970_021D4F_D703.SAFE,train
nw-1345-08-000096,S1B_IW_GRDH_1SDV_20190910T034251_20190910T034316_017970_021D4F_07F7.SAFE,train
nw-1346-08-000097,S1B_IW_GRDH_1SDV_20190910T034316_20190910T034341_017970_021D4F_D703.SAFE,train
nw-1347-08-000098,S1B_IW_GRDH_1SDV_20190914T154909_20190914T154934_018036_021F43_81B3.SAFE,train
nw-1348-08-000099,S1B_IW_GRDH_1SDV_20190914T154909_20190914T154934_018036_021F43_81B3.SAFE,train
nw-1349-08-000100,S1B_IW_GRDH_1SDV_20190915T035049_20190915T035114_018043_021F77_F12E.SAFE,train
nw-1350-08-000101,S1B_IW_GRDH_1SDV_20190915T035049_20190915T035114_018043_021F77_F12E.SAFE,train
nw-1351-08-000102,S1A_IW_GRDH_1SDV_20190916T034356_20190916T034421_029041_034B8F_5C81.SAFE,train
nw-1352-08-000103,S1A_IW_GRDH_1SDV_20190926T035936_20190926T040001_029187_035080_891A.SAFE,train
nw-1353-08-000104,S1A_IW_GRDH_1SDV_20190930T160613_20190930T160638_029253_0352E1_768B.SAFE,train
nw-1356-08-000107,S1B_IW_GRDH_1SDV_20191004T034227_20191004T034252_018320_02282B_0F0F.SAFE,train
nw-1357-08-000108,S1B_IW_GRDH_1SDV_20191004T034252_20191004T034317_018320_02282B_B1FB.SAFE,train
nw-1358-08-000109,S1A_IW_GRDH_1SDV_20191007T155802_20191007T155827_029355_035652_6903.SAFE,train
nw-1359-08-000110,S1A_IW_GRDH_1SDV_20191007T155802_20191007T155827_029355_035652_6903.SAFE,train
nw-1360-08-000111,S1A_IW_GRDH_1SDV_20191008T035936_20191008T040001_029362_03568A_4BC2.SAFE,train
nw-1361-08-000112,S1A_IW_GRDH_1SDV_20191014T154935_20191014T155000_029457_0359DE_42F0.SAFE,train
nw-1362-08-000113,S1A_IW_GRDH_1SDV_20191015T035216_20191015T035241_029464_035A19_207B.SAFE,train
nw-1364-08-000115,S1B_IW_GRDH_1SDV_20191020T154910_20191020T154935_018561_022F8C_14B1.SAFE,train
nw-1365-08-000116,S1A_IW_GRDH_1SDV_20191024T160523_20191024T160548_029603_035EE4_64F7.SAFE,train
nw-1367-08-000118,S1A_IW_GRDH_1SDV_20191027T035216_20191027T035241_029639_036018_3127.SAFE,train
nw-1368-08-000119,S1B_IW_GRDH_1SDV_20191027T154016_20191027T154041_018663_0232BF_6EB7.SAFE,train
nw-1369-08-000120,S1B_IW_GRDH_1SDV_20191028T034252_20191028T034317_018670_0232F7_237B.SAFE,train
nw-1370-08-000121,S1B_IW_GRDH_1SDV_20191028T034252_20191028T034317_018670_0232F7_237B.SAFE,train
nw-1371-08-000122,S1B_IW_GRDH_1SDV_20191028T034252_20191028T034317_018670_0232F7_237B.SAFE,train
nw-1372-08-000123,S1B_IW_GRDH_1SDV_20191028T034227_20191028T034252_018670_0232F7_69C9.SAFE,train
nw-1373-08-000124,S1B_IW_GRDH_1SDV_20191028T034252_20191028T034317_018670_0232F7_237B.SAFE;S1B_IW_GRDH_1SDV_20191028T034227_20191028T034252_018670_0232F7_69C9.SAFE,train
nw-1374-08-000125,S1B_IW_GRDH_1SDV_20191030T160529_20191030T160554_018707_023425_8B2A.SAFE,train
nw-1375-08-000126,S1B_IW_GRDH_1SDV_20191030T160529_20191030T160554_018707_023425_8B2A.SAFE,train
nw-1376-08-000127,S1B_IW_GRDH_1SDV_20191030T160529_20191030T160554_018707_023425_8B2A.SAFE,train
nw-1377-08-000128,S1A_IW_GRDH_1SDV_20191031T155802_20191031T155827_029705_036271_A67B.SAFE,train
nw-1378-08-000129,S1A_IW_GRDH_1SDV_20191031T155802_20191031T155827_029705_036271_A67B.SAFE,train
nw-1379-08-000130,S1A_IW_GRDH_1SDV_20191114T154132_20191114T154157_029909_03698D_5D14.SAFE,train
nw-1381-08-000132,S1B_IW_GRDH_1SDV_20191123T160504_20191123T160529_019057_023F6D_E19E.SAFE,train
nw-1382-08-000133,S1A_IW_GRDH_1SDV_20191127T034306_20191127T034331_030091_036FE7_8035.SAFE,train
nw-1383-08-000134,S1A_IW_GRDH_1SDV_20191127T034331_20191127T034356_030091_036FE7_55A3.SAFE,train
nw-1387-08-000138,S1A_IW_GRDH_1SDV_20191201T154909_20191201T154934_030157_03722E_6A79.SAFE,train
nw-1389-08-000140,S1B_IW_GRDH_1SDV_20191203T034251_20191203T034316_019195_0243D6_EC71.SAFE,train
nw-1390-08-000141,S1B_IW_GRDH_1SDV_20191203T034251_20191203T034316_019195_0243D6_EC71.SAFE,train
nw-1391-08-000142,S1A_IW_GRDH_1SDV_20191206T155801_20191206T155826_030230_0374B1_B398.SAFE,train
nw-1392-08-000143,S1B_IW_GRDH_1SDV_20191208T035048_20191208T035113_019268_02460F_78B1.SAFE,train
nw-1393-08-000144,S1B_IW_GRDH_1SDV_20191208T035048_20191208T035113_019268_02460F_78B1.SAFE,train
nw-1394-08-000145,S1A_IW_GRDH_1SDV_20191208T154131_20191208T154156_030259_0375A0_A790.SAFE,train
nw-1395-08-000146,S1A_IW_GRDH_1SDV_20191208T154131_20191208T154156_030259_0375A0_A790.SAFE,train
nw-1396-08-000147,S1A_IW_GRDH_1SDV_20191208T154131_20191208T154156_030259_0375A0_A790.SAFE,train
nw-1397-08-000148,S1A_IW_GRDH_1SDV_20191208T154131_20191208T154156_030259_0375A0_A790.SAFE,train
nw-1401-08-000152,S1B_IW_GRDH_1SDV_20191209T153226_20191209T153251_019290_0246C0_89B6.SAFE,train
nw-1402-08-000153,S1A_IW_GRDH_1SDV_20191211T160547_20191211T160612_030303_037740_EFF3.SAFE,train
nw-1403-08-000154,S1B_IW_GRDH_1SDV_20191213T035858_20191213T035923_019341_024871_4AD6.SAFE,train
nw-1404-08-000155,S1A_IW_GRDH_1SDV_20191213T154934_20191213T154959_030332_03783C_5712.SAFE,train
nw-1405-08-000156,S1A_IW_GRDH_1SDV_20191213T154959_20191213T155024_030332_03783C_0DB6.SAFE,train
nw-1406-08-000157,S1A_IW_GRDH_1SDV_20191214T035150_20191214T035215_030339_037875_1D0E.SAFE,train
nw-1409-08-000160,S1B_IW_GRDH_1SDV_20191217T160503_20191217T160528_019407_024A8B_2E63.SAFE;S1B_IW_GRDH_1SDV_20191217T160438_20191217T160503_019407_024A8B_74A1.SAFE,train
nw-1410-08-000161,S1B_IW_GRDH_1SDV_20191225T035858_20191225T035923_019516_024E03_DEFF.SAFE,train
nw-1411-08-000162,S1A_IW_GRDH_1SDV_20191226T035124_20191226T035149_030514_037E7E_0626.SAFE,train
nw-1412-08-000163,S1A_IW_GRDH_1SDV_20191226T035124_20191226T035149_030514_037E7E_0626.SAFE,train
nw-1413-08-000164,S1A_IW_GRDH_1SDV_20191226T035214_20191226T035239_030514_037E7E_8DF3.SAFE,train
nw-1414-08-000165,S1B_IW_GRDH_1SDV_20191226T154040_20191226T154105_019538_024EBC_8CA8.SAFE,train
nw-1417-08-000168,S1B_IW_GRDH_1SDV_20191229T160527_20191229T160552_019582_02501D_988D.SAFE,train
nw-1418-08-000169,S1B_IW_GRDH_1SDV_20191229T160527_20191229T160552_019582_02501D_988D.SAFE,train
nw-1419-08-000170,S1B_IW_GRDH_1SDV_20191229T160527_20191229T160552_019582_02501D_988D.SAFE,train
nw-1420-08-000171,S1B_IW_GRDH_1SDV_20191229T160527_20191229T160552_019582_02501D_988D.SAFE,train
nw-1421-08-000172,S1B_IW_GRDH_1SDV_20191229T160527_20191229T160552_019582_02501D_988D.SAFE,train
nw-1422-08-000173,S1A_IW_GRDH_1SDV_20191231T040024_20191231T040049_030587_038100_9DB1.SAFE,train
nw-1424-08-000175,S1B_IW_GRDH_1SDV_20191231T154818_20191231T154843_019611_025103_9D8D.SAFE,train
nw-1426-09-000002,S1A_IW_GRDH_1SDV_20190105T035928_20190105T035953_025337_02CDDA_E728.SAFE,train
nw-1427-09-000003,S1A_IW_GRDH_1SDV_20190105T035928_20190105T035953_025337_02CDDA_E728.SAFE,train
nw-1428-09-000004,S1A_IW_GRDH_1SDV_20190107T034258_20190107T034323_025366_02CEEB_0BC0.SAFE,train
nw-1429-09-000005,S1A_IW_GRDH_1SDV_20190111T154926_20190111T154951_025432_02D14A_113A.SAFE,train
nw-1430-09-000006,S1B_IW_GRDH_1SDV_20190112T154008_20190112T154033_014463_01AEE6_BC6A.SAFE;S1B_IW_GRDH_1SDV_20190112T153943_20190112T154008_014463_01AEE6_1C23.SAFE,train
nw-1431-09-000007,S1B_IW_GRDH_1SDV_20190115T160520_20190115T160545_014507_01B052_6B4C.SAFE,train
nw-1435-09-000011,S1B_IW_GRDH_1SDV_20190127T160520_20190127T160545_014682_01B5E9_2D4B.SAFE,train
nw-1436-09-000012,S1A_IW_GRDH_1SDV_20190129T035952_20190129T040017_025687_02DA92_1060.SAFE,train
nw-1441-09-000017,S1B_IW_GRDH_1SDV_20190208T160520_20190208T160545_014857_01BBA6_32E4.SAFE;S1B_IW_GRDH_1SDV_20190208T160455_20190208T160520_014857_01BBA6_B1A4.SAFE,train
nw-1442-09-000018,S1A_IW_GRDH_1SDV_20190210T040041_20190210T040106_025862_02E0DD_EBDC.SAFE;S1A_IW_GRDH_1SDV_20190210T040016_20190210T040041_025862_02E0DD_BBED.SAFE,train
nw-1445-09-000021,S1B_IW_GRDH_1SDV_20190213T033408_20190213T033433_014922_01BDB4_3D7D.SAFE,train
nw-1446-09-000022,S1A_IW_GRDH_1SDV_20190222T035926_20190222T035951_026037_02E70F_1C4A.SAFE,train
nw-1449-09-000025,S1B_IW_GRDH_1SDV_20190302T034259_20190302T034324_015170_01C5ED_B305.SAFE,train
nw-1451-09-000027,S1B_IW_GRDH_1SDV_20190312T035939_20190312T040004_015316_01CAB5_09EE.SAFE,train
nw-1454-09-000030,S1A_IW_GRDH_1SDV_20190313T035116_20190313T035141_026314_02F112_0450.SAFE,train
nw-1455-09-000031,S1A_IW_GRDH_1SDV_20190317T155702_20190317T155727_026380_02F38B_5C28.SAFE,train
nw-1456-09-000032,S1A_IW_GRDH_1SDV_20190320T034257_20190320T034322_026416_02F4D4_2093.SAFE,train
nw-1457-09-000033,S1B_IW_GRDH_1SDV_20190323T155640_20190323T155709_015484_01D01A_DA9D.SAFE,train
nw-1458-09-000034,S1B_IW_GRDH_1SDV_20190323T155709_20190323T155734_015484_01D01A_C448.SAFE,train
nw-1459-09-000035,S1A_IW_GRDH_1SDV_20190324T154901_20190324T154926_026482_02F74C_6168.SAFE,train
nw-1460-09-000036,S1A_IW_GRDH_1SDV_20190401T034347_20190401T034412_026591_02FB4C_C712.SAFE,train
nw-1461-09-000037,S1A_IW_GRDH_1SDV_20190401T034257_20190401T034322_026591_02FB4C_C4E9.SAFE,train
nw-1462-09-000038,S1A_IW_GRDH_1SDV_20190406T035117_20190406T035142_026664_02FE02_C5A5.SAFE,train
nw-1463-09-000039,S1B_IW_GRDH_1SDV_20190407T034259_20190407T034324_015695_01D728_6F12.SAFE,train
nw-1465-09-000041,S1B_IW_GRDH_1SDV_20190407T034259_20190407T034324_015695_01D728_6F12.SAFE,train
nw-1466-09-000042,S1A_IW_GRDH_1SDV_20190408T033454_20190408T033519_026693_02FF08_729E.SAFE,train
nw-1467-09-000043,S1B_IW_GRDH_1SDV_20190419T034324_20190419T034349_015870_01DCF1_E67E.SAFE,train
nw-1468-09-000044,S1A_IW_GRDH_1SDV_20190424T154123_20190424T154148_026934_0307C2_8DFF.SAFE,train
nw-1469-09-000045,S1A_IW_GRDH_1SDV_20190425T034323_20190425T034348_026941_030806_C553.SAFE,train
nw-1470-09-000046,S1B_IW_GRDH_1SDV_20190426T033409_20190426T033434_015972_01E03C_2784.SAFE,train
nw-1473-09-000049,S1B_IW_GRDH_1SDV_20190428T155642_20190428T155711_016009_01E183_AEED.SAFE,train
nw-1475-09-000051,S1A_IW_GRDH_1SDV_20190430T035118_20190430T035143_027014_030AB6_614C.SAFE,train
nw-1476-09-000052,S1A_IW_GRDH_1SDV_20190430T035208_20190430T035233_027014_030AB6_6298.SAFE,train
nw-1477-09-000053,S1A_IW_GRDH_1SDV_20190430T035208_20190430T035233_027014_030AB6_6298.SAFE,train
nw-1478-09-000054,S1A_IW_GRDH_1SDV_20190430T035143_20190430T035208_027014_030AB6_4943.SAFE;S1A_IW_GRDH_1SDV_20190430T035118_20190430T035143_027014_030AB6_614C.SAFE,train
nw-1484-09-000060,S1B_IW_GRDH_1SDV_20190506T035131_20190506T035156_016118_01E530_855F.SAFE,train
nw-1486-09-000062,S1B_IW_GRDH_1SDV_20190506T035131_20190506T035156_016118_01E530_855F.SAFE,train
nw-1487-09-000063,S1A_IW_GRDH_1SDV_20190507T034258_20190507T034323_027116_030E69_363D.SAFE,train
nw-1489-09-000065,S1A_IW_GRDH_1SDV_20190512T035143_20190512T035208_027189_0310AB_00AD.SAFE;S1A_IW_GRDH_1SDV_20190512T035118_20190512T035143_027189_0310AB_EEF7.SAFE,train
nw-1490-09-000066,S1B_IW_GRDH_1SDV_20190513T034334_20190513T034359_016220_01E86A_D898.SAFE,train
nw-1491-09-000067,S1B_IW_GRDH_1SDV_20190513T034334_20190513T034359_016220_01E86A_D898.SAFE,train
nw-1492-09-000068,S1A_IW_GRDH_1SDV_20190518T154059_20190518T154124_027284_03139E_2F70.SAFE,train
nw-1494-09-000070,S1A_IW_GRDH_1SDV_20190523T154953_20190523T155018_027357_0315EA_7A48.SAFE;S1A_IW_GRDH_1SDV_20190523T154928_20190523T154953_027357_0315EA_D01B.SAFE,train
nw-1495-09-000071,S1A_IW_GRDH_1SDV_20190523T154903_20190523T154928_027357_0315EA_95BE.SAFE;S1A_IW_GRDH_1SDV_20190523T154838_20190523T154903_027357_0315EA_5427.SAFE,train
nw-1496-09-000072,S1A_IW_GRDH_1SDV_20190524T035144_20190524T035209_027364_031625_287A.SAFE,train
nw-1501-09-000077,S1B_IW_GRDH_1SDV_20190524T154034_20190524T154059_016388_01ED9E_45F8.SAFE,train
nw-1502-09-000078,S1B_IW_GRDH_1SDV_20190524T154009_20190524T154034_016388_01ED9E_4277.SAFE,train
nw-1504-09-000080,S1A_IW_GRDH_1SDV_20190529T035929_20190529T035954_027437_031860_5BEE.SAFE,train
nw-1505-09-000081,S1A_IW_GRDH_1SDV_20190529T040019_20190529T040044_027437_031860_421A.SAFE,train
nw-1506-09-000082,S1A_IW_GRDH_1SDV_20190529T040019_20190529T040044_027437_031860_421A.SAFE,train
nw-1507-09-000083,S1A_IW_GRDH_1SDV_20190529T040019_20190529T040044_027437_031860_421A.SAFE,train
nw-1508-09-000084,S1B_IW_GRDH_1SDV_20190529T154813_20190529T154838_016461_01EFC4_3A8F.SAFE;S1B_IW_GRDH_1SDV_20190529T154748_20190529T154813_016461_01EFC4_EB6A.SAFE,train
nw-1511-09-000087,S1B_IW_GRDH_1SDV_20190529T154838_20190529T154903_016461_01EFC4_8B41.SAFE,train
nw-1515-09-000091,S1B_IW_GRDH_1SDV_20190530T035042_20190530T035107_016468_01EFFB_06B2.SAFE,train
nw-1517-09-000093,S1A_IW_GRDH_1SDV_20190531T034325_20190531T034350_027466_031954_4726.SAFE,train
nw-1518-09-000094,S1A_IW_GRDH_1SDV_20190531T034350_20190531T034415_027466_031954_419E.SAFE;S1A_IW_GRDH_1SDV_20190531T034325_20190531T034350_027466_031954_4726.SAFE,train
nw-1519-09-000095,S1A_IW_GRDH_1SDV_20190531T034350_20190531T034415_027466_031954_419E.SAFE,train
nw-1520-09-000096,S1A_IW_GRDH_1SDV_20190531T034325_20190531T034350_027466_031954_4726.SAFE,train
nw-1521-09-000097,S1A_IW_GRDH_1SDV_20190531T034350_20190531T034415_027466_031954_419E.SAFE;S1A_IW_GRDH_1SDV_20190531T034325_20190531T034350_027466_031954_4726.SAFE,train
nw-1522-09-000098,S1A_IW_GRDH_1SDV_20190604T154928_20190604T154953_027532_031B5A_1FA3.SAFE,train
nw-1523-09-000099,S1A_IW_GRDH_1SDV_20190604T154928_20190604T154953_027532_031B5A_1FA3.SAFE,train
nw-1525-09-000101,S1A_IW_GRDH_1SDV_20190610T035930_20190610T035955_027612_031DBE_CF47.SAFE,train
nw-1526-09-000102,S1B_IW_GRDH_1SDV_20190613T033436_20190613T033501_016672_01F603_835A.SAFE,train
nw-1527-09-000103,S1A_IW_GRDH_1SDV_20190614T160607_20190614T160632_027678_031FC6_8FCE.SAFE,train
nw-1528-09-000104,S1A_IW_GRDH_1SDV_20190614T160607_20190614T160632_027678_031FC6_8FCE.SAFE,train
nw-1529-09-000105,S1B_IW_GRDH_1SDV_20190616T035918_20190616T035943_016716_01F766_2E45.SAFE,train
nw-1530-09-000106,S1A_IW_GRDH_1SDV_20190617T035145_20190617T035210_027714_0320D5_4009.SAFE,train
nw-1531-09-000107,S1A_IW_GRDH_1SDV_20190624T034301_20190624T034326_027816_0323DB_4474.SAFE,train
nw-1532-09-000108,S1A_IW_GRDH_1SDV_20190704T040046_20190704T040111_027962_032842_2F14.SAFE,train
nw-1534-09-000110,S1B_IW_GRDH_1SDV_20190707T033413_20190707T033438_017022_02005E_80F1.SAFE,train
nw-1536-09-000112,S1A_IW_GRDH_1SDV_20190718T034328_20190718T034353_028166_032E76_4818.SAFE,train
nw-1538-09-000114,S1A_IW_GRDH_1SDV_20190722T154956_20190722T155021_028232_033073_31CC.SAFE,train
nw-1539-09-000115,S1A_IW_GRDH_1SDV_20190723T035147_20190723T035212_028239_0330A7_B840.SAFE;S1A_IW_GRDH_1SDV_20190723T035122_20190723T035147_028239_0330A7_4635.SAFE,train
nw-1540-09-000116,S1A_IW_GRDH_1SDV_20190723T035147_20190723T035212_028239_0330A7_B840.SAFE;S1A_IW_GRDH_1SDV_20190723T035122_20190723T035147_028239_0330A7_4635.SAFE,train
nw-1541-09-000117,S1B_IW_GRDH_1SDV_20190803T035856_20190803T035921_017416_020C16_EF88.SAFE,train
nw-1542-09-000118,S1B_IW_GRDH_1SDV_20190803T035856_20190803T035921_017416_020C16_EF88.SAFE,train
nw-1543-09-000119,S1B_IW_GRDH_1SDV_20190805T034224_20190805T034249_017445_020CF7_1135.SAFE,train
nw-1544-09-000120,S1B_IW_GRDH_1SDV_20190805T034224_20190805T034249_017445_020CF7_1135.SAFE,train
nw-1546-09-000122,S1A_IW_GRDH_1SDV_20190816T035214_20190816T035239_028589_033BD4_B8FD.SAFE,train
nw-1547-09-000123,S1A_IW_GRDH_1SDV_20190823T034330_20190823T034355_028691_033F57_A0BF.SAFE,train
nw-1548-09-000124,S1A_IW_GRDH_1SDV_20190823T034330_20190823T034355_028691_033F57_A0BF.SAFE,train
nw-1551-09-000127,S1A_IW_GRDH_1SDV_20190823T034330_20190823T034355_028691_033F57_A0BF.SAFE,train
nw-1553-09-000129,S1B_IW_GRDH_1SDV_20190910T034316_20190910T034341_017970_021D4F_D703.SAFE,train
nw-1554-09-000130,S1B_IW_GRDH_1SDV_20190915T035049_20190915T035114_018043_021F77_F12E.SAFE,train
nw-1555-09-000131,S1B_IW_GRDH_1SDV_20191013T155719_20191013T155744_018459_022C6B_D17C.SAFE,train
nw-1556-09-000132,S1B_IW_GRDH_1SDV_20191014T035859_20191014T035924_018466_022CAA_0B81.SAFE,train
nw-1557-09-000133,S1A_IW_GRDH_1SDV_20191014T155000_20191014T155025_029457_0359DE_FB77.SAFE,train
nw-1558-09-000134,S1A_IW_GRDH_1SDV_20191014T155000_20191014T155025_029457_0359DE_FB77.SAFE,train
nw-1559-09-000135,S1A_IW_GRDH_1SDV_20191014T154935_20191014T155000_029457_0359DE_42F0.SAFE,train
nw-1560-09-000136,S1A_IW_GRDH_1SDV_20191015T035126_20191015T035151_029464_035A19_9F94.SAFE,train
nw-1561-09-000137,S1B_IW_GRDH_1SDV_20191016T034252_20191016T034317_018495_022D96_AE2A.SAFE,train
nw-1562-09-000138,S1B_IW_GRDH_1SDV_20191016T034227_20191016T034252_018495_022D96_DFD2.SAFE,train
nw-1564-09-000140,S1B_IW_GRDH_1SDV_20191030T160439_20191030T160504_018707_023425_6ED4.SAFE,train
nw-1565-09-000141,S1A_IW_GRDH_1SDV_20191102T154132_20191102T154157_029734_036369_DF53.SAFE,train
nw-1566-09-000142,S1B_IW_GRDH_1SDV_20191107T035859_20191107T035924_018816_0237A1_83D2.SAFE,train
nw-1568-09-000144,S1B_IW_GRDH_1SDV_20191109T034342_20191109T034407_018845_0238A3_42C2.SAFE,train
nw-1569-09-000145,S1A_IW_GRDH_1SDV_20191113T035936_20191113T040001_029887_0368D2_1D62.SAFE,train
nw-1570-09-000146,S1B_IW_GRDH_1SDV_20191113T154820_20191113T154845_018911_023AAD_38BC.SAFE,train
nw-1571-09-000147,S1B_IW_GRDH_1SDV_20191126T035049_20191126T035114_019093_024085_A0F3.SAFE,train
nw-1572-09-000148,S1B_IW_GRDH_1SDV_20191128T033417_20191128T033442_019122_024166_7868.SAFE,train
nw-1573-09-000149,S1B_IW_GRDH_1SDV_20191213T035858_20191213T035923_019341_024871_4AD6.SAFE,train
nw-1574-09-000150,S1B_IW_GRDH_1SDV_20191213T035858_20191213T035923_019341_024871_4AD6.SAFE,train
nw-1579-09-000155,S1A_IW_GRDH_1SDV_20191221T034420_20191221T034445_030441_037BF3_B34A.SAFE,train
nw-1580-09-000156,S1B_IW_GRDH_1SDV_20191225T035948_20191225T040013_019516_024E03_FD65.SAFE,train
nw-1585-09-000161,S1B_IW_GRDH_1SDV_20191225T035948_20191225T040013_019516_024E03_FD65.SAFE,train
nw-1586-09-000162,S1B_IW_GRDH_1SDV_20191225T035948_20191225T040013_019516_024E03_FD65.SAFE,train
nw-1588-09-000164,S1A_IW_GRDH_1SDV_20191226T035214_20191226T035239_030514_037E7E_8DF3.SAFE,train
nw-1589-09-000165,S1B_IW_GRDH_1SDV_20191226T154040_20191226T154105_019538_024EBC_8CA8.SAFE,train
nw-1591-09-000167,S1B_IW_GRDH_1SDV_20191229T160527_20191229T160552_019582_02501D_988D.SAFE,train
nw-1593-10-000001,S1B_IW_GRDH_1SDV_20190111T035941_20190111T040006_014441_01AE2F_B933.SAFE,train
nw-1594-10-000002,S1B_IW_GRDH_1SDV_20190111T035916_20190111T035941_014441_01AE2F_A0C2.SAFE,train
nw-1595-10-000003,S1B_IW_GRDH_1SDV_20190111T035941_20190111T040006_014441_01AE2F_B933.SAFE,train
nw-1596-10-000004,S1B_IW_GRDH_1SDV_20190111T035941_20190111T040006_014441_01AE2F_B933.SAFE,train
nw-1597-10-000005,S1B_IW_GRDH_1SDV_20190111T035941_20190111T040006_014441_01AE2F_B933.SAFE,train
nw-1599-10-000007,S1A_IW_GRDH_1SDV_20190112T035207_20190112T035232_025439_02D183_4040.SAFE,train
nw-1600-10-000008,S1A_IW_GRDH_1SDV_20190112T035207_20190112T035232_025439_02D183_4040.SAFE,train
nw-1601-10-000009,S1B_IW_GRDH_1SDV_20190112T154033_20190112T154058_014463_01AEE6_B38F.SAFE,train
nw-1602-10-000010,S1A_IW_GRDH_1SDV_20190118T154058_20190118T154123_025534_02D4F3_3A0C.SAFE,train
nw-1603-10-000011,S1A_IW_GRDH_1SDV_20190118T154058_20190118T154123_025534_02D4F3_3A0C.SAFE,train
nw-1604-10-000012,S1B_IW_GRDH_1SDV_20190123T035850_20190123T035915_014616_01B3CB_4179.SAFE,train
nw-1605-10-000013,S1B_IW_GRDH_1SDV_20190123T035850_20190123T035915_014616_01B3CB_4179.SAFE,train
nw-1606-10-000014,S1A_IW_GRDH_1SDV_20190212T034347_20190212T034412_025891_02E1DC_27C4.SAFE,train
nw-1607-10-000015,S1A_IW_GRDH_1SDV_20190212T034347_20190212T034412_025891_02E1DC_27C4.SAFE,train
nw-1608-10-000016,S1A_IW_GRDH_1SDV_20190217T035141_20190217T035206_025964_02E473_41AA.SAFE,train
nw-1609-10-000017,S1B_IW_GRDH_1SDV_20190218T034234_20190218T034259_014995_01C035_8F1B.SAFE,train
nw-1610-10-000018,S1B_IW_GRDH_1SDV_20190218T034234_20190218T034259_014995_01C035_8F1B.SAFE,train
nw-1611-10-000019,S1B_IW_GRDH_1SDV_20190218T034234_20190218T034259_014995_01C035_8F1B.SAFE,train
nw-1612-10-000020,S1B_IW_GRDH_1SDV_20190220T160454_20190220T160519_015032_01C169_7DBC.SAFE,train
nw-1614-10-000022,S1A_IW_GRDH_1SDV_20190221T155727_20190221T155752_026030_02E6CF_E2B0.SAFE,train
nw-1617-10-000025,S1B_IW_GRDH_1SDV_20190222T154900_20190222T154925_015061_01C24C_2830.SAFE,train
nw-1618-10-000026,S1B_IW_GRDH_1SDV_20190223T035105_20190223T035130_015068_01C287_AE93.SAFE,train
nw-1619-10-000027,S1B_IW_GRDH_1SDV_20190223T035105_20190223T035130_015068_01C287_AE93.SAFE,train
nw-1620-10-000028,S1B_IW_GRDH_1SDV_20190223T035105_20190223T035130_015068_01C287_AE93.SAFE,train
nw-1621-10-000029,S1B_IW_GRDH_1SDV_20190223T035130_20190223T035155_015068_01C287_0DC8.SAFE,train
nw-1622-10-000030,S1B_IW_GRDH_1SDV_20190223T035130_20190223T035155_015068_01C287_0DC8.SAFE,train
nw-1623-10-000031,S1B_IW_GRDH_1SDV_20190223T035105_20190223T035130_015068_01C287_AE93.SAFE;S1B_IW_GRDH_1SDV_20190223T035040_20190223T035105_015068_01C287_5EB6.SAFE,train
nw-1629-10-000037,S1A_IW_GRDH_1SDV_20190305T155752_20190305T155817_026205_02ED1B_206C.SAFE,train
nw-1630-10-000038,S1A_IW_GRDH_1SDV_20190306T035951_20190306T040016_026212_02ED51_0951.SAFE,train
nw-1631-10-000039,S1A_IW_GRDH_1SDV_20190306T035951_20190306T040016_026212_02ED51_0951.SAFE,train
nw-1632-10-000040,S1A_IW_GRDH_1SDV_20190306T035926_20190306T035951_026212_02ED51_1D32.SAFE,train
nw-1633-10-000041,S1A_IW_GRDH_1SDV_20190306T035926_20190306T035951_026212_02ED51_1D32.SAFE,train
nw-1634-10-000042,S1A_IW_GRDH_1SDV_20190306T035926_20190306T035951_026212_02ED51_1D32.SAFE,train
nw-1636-10-000044,S1A_IW_GRDH_1SDV_20190306T035951_20190306T040016_026212_02ED51_0951.SAFE,train
nw-1638-10-000046,S1A_IW_GRDH_1SDV_20190401T034322_20190401T034347_026591_02FB4C_1C41.SAFE,train
nw-1640-10-000048,S1B_IW_GRDH_1SDV_20190510T155642_20190510T155711_016184_01E73D_7764.SAFE,train
nw-1641-10-000049,S1B_IW_GRDH_1SDV_20190510T155642_20190510T155711_016184_01E73D_7764.SAFE,train
nw-1642-10-000050,S1B_IW_GRDH_1SDV_20190510T155642_20190510T155711_016184_01E73D_7764.SAFE,train
nw-1643-10-000051,S1A_IW_GRDH_1SDV_20190511T154952_20190511T155017_027182_031070_90C8.SAFE,train
nw-1644-10-000052,S1A_IW_GRDH_1SDV_20190511T154952_20190511T155017_027182_031070_90C8.SAFE,train
nw-1645-10-000053,S1A_IW_GRDH_1SDV_20190518T154059_20190518T154124_027284_03139E_2F70.SAFE,train
nw-1646-10-000054,S1B_IW_GRDH_1SDV_20190522T155643_20190522T155712_016359_01ECA7_4C33.SAFE,train
nw-1647-10-000055,S1A_IW_GRDH_1SDV_20190609T155730_20190609T155755_027605_031D91_51DD.SAFE,train
nw-1648-10-000056,S1A_IW_GRDH_1SDV_20190609T155730_20190609T155755_027605_031D91_51DD.SAFE,train
nw-1649-10-000057,S1B_IW_GRDH_1SDV_20190610T154838_20190610T154903_016636_01F4FD_6C1D.SAFE,train
nw-1652-10-000060,S1B_IW_GRDH_1SDV_20190611T035108_20190611T035133_016643_01F530_8AD0.SAFE,train
nw-1653-10-000061,S1B_IW_GRDH_1SDV_20190611T035108_20190611T035133_016643_01F530_8AD0.SAFE,train
nw-1654-10-000062,S1B_IW_GRDH_1SDV_20190611T035133_20190611T035158_016643_01F530_8193.SAFE;S1B_IW_GRDH_1SDV_20190611T035108_20190611T035133_016643_01F530_8AD0.SAFE,train
nw-1656-10-000064,S1A_IW_GRDH_1SDV_20190612T034325_20190612T034350_027641_031EA9_55D4.SAFE,train
nw-1657-10-000065,S1A_IW_GRDH_1SDV_20190612T034325_20190612T034350_027641_031EA9_55D4.SAFE,train
nw-1658-10-000066,S1A_IW_GRDH_1SDV_20190612T034325_20190612T034350_027641_031EA9_55D4.SAFE,train
nw-1659-10-000067,S1A_IW_GRDH_1SDV_20190612T034300_20190612T034325_027641_031EA9_7D1B.SAFE,train
nw-1660-10-000068,S1A_IW_GRDH_1SDV_20190616T154929_20190616T154954_027707_0320A3_F570.SAFE,train
nw-1661-10-000069,S1A_IW_GRDH_1SDV_20190616T154929_20190616T154954_027707_0320A3_F570.SAFE,train
nw-1662-10-000070,S1A_IW_GRDH_1SDV_20190616T154954_20190616T155019_027707_0320A3_41EC.SAFE;S1A_IW_GRDH_1SDV_20190616T154929_20190616T154954_027707_0320A3_F570.SAFE,train
nw-1664-10-000072,S1A_IW_GRDH_1SDV_20190617T035145_20190617T035210_027714_0320D5_4009.SAFE,train
nw-1665-10-000073,S1A_IW_GRDH_1SDV_20190617T035145_20190617T035210_027714_0320D5_4009.SAFE,train
nw-1666-10-000074,S1B_IW_GRDH_1SDV_20190623T035134_20190623T035159_016818_01FA62_D8E1.SAFE,train
nw-1668-10-000076,S1B_IW_GRDH_1SDV_20190623T035044_20190623T035109_016818_01FA62_8090.SAFE,train
nw-1669-10-000077,S1B_IW_GRDH_1SDV_20190623T035134_20190623T035159_016818_01FA62_D8E1.SAFE,train
nw-1670-10-000078,S1A_IW_GRDH_1SDV_20190716T040022_20190716T040047_028137_032D90_2975.SAFE,train
nw-1671-10-000079,S1B_IW_GRDH_1SDV_20190716T154816_20190716T154841_017161_020487_EEF7.SAFE,train
nw-1673-10-000081,S1A_IW_GRDH_1SDV_20190730T034328_20190730T034353_028341_0333D2_4C47.SAFE,train
nw-1674-10-000082,S1B_IW_GRDH_1SDV_20190803T035856_20190803T035921_017416_020C16_EF88.SAFE,train
nw-1675-10-000083,S1A_IW_GRDH_1SDV_20190811T034419_20190811T034444_028516_03394F_C4A3.SAFE;S1A_IW_GRDH_1SDV_20190811T034354_20190811T034419_028516_03394F_EA40.SAFE,train
nw-1677-10-000085,S1A_IW_GRDH_1SDV_20190821T040024_20190821T040049_028662_033E63_3BDB.SAFE,train
nw-1678-10-000086,S1A_IW_GRDH_1SDV_20190821T040024_20190821T040049_028662_033E63_3BDB.SAFE,train
nw-1682-10-000090,S1A_IW_GRDH_1SDV_20190921T035125_20190921T035150_029114_034E08_0160.SAFE,train
nw-1683-10-000091,S1B_IW_GRDH_1SDV_20190921T154041_20190921T154106_018138_022283_3509.SAFE,train
nw-1684-10-000092,S1B_IW_GRDH_1SDV_20190921T154041_20190921T154106_018138_022283_3509.SAFE,train
nw-1685-10-000093,S1A_IW_GRDH_1SDV_20190926T040026_20190926T040051_029187_035080_F816.SAFE;S1A_IW_GRDH_1SDV_20190926T040001_20190926T040026_029187_035080_FDB2.SAFE,train
nw-1686-10-000094,S1A_IW_GRDH_1SDV_20190926T035936_20190926T040001_029187_035080_891A.SAFE,train
nw-1687-10-000095,S1A_IW_GRDH_1SDV_20190926T035936_20190926T040001_029187_035080_891A.SAFE,train
nw-1688-10-000096,S1B_IW_GRDH_1SDV_20190926T154845_20190926T154910_018211_0224A2_64E7.SAFE,train
nw-1689-10-000097,S1B_IW_GRDH_1SDV_20190927T035049_20190927T035114_018218_0224DC_62D9.SAFE,train
nw-1690-10-000098,S1B_IW_GRDH_1SDV_20190927T035139_20190927T035204_018218_0224DC_E6A4.SAFE,train
nw-1691-10-000099,S1B_IW_GRDH_1SDV_20190927T035139_20190927T035204_018218_0224DC_E6A4.SAFE,train
nw-1692-10-000100,S1B_IW_GRDH_1SDV_20190927T035139_20190927T035204_018218_0224DC_E6A4.SAFE,train
nw-1693-10-000101,S1B_IW_GRDH_1SDV_20190927T035139_20190927T035204_018218_0224DC_E6A4.SAFE,train
nw-1694-10-000102,S1B_IW_GRDH_1SDV_20190927T035139_20190927T035204_018218_0224DC_E6A4.SAFE,train
nw-1697-10-000105,S1A_IW_GRDH_1SDV_20190928T034331_20190928T034356_029216_035188_442B.SAFE,train
nw-1698-10-000106,S1A_IW_GRDH_1SDV_20190930T160548_20190930T160613_029253_0352E1_E2DE.SAFE,train
nw-1700-10-000108,S1B_IW_GRDH_1SDV_20191004T034317_20191004T034342_018320_02282B_4A6D.SAFE,train
nw-1701-10-000109,S1B_IW_GRDH_1SDV_20191004T034317_20191004T034342_018320_02282B_4A6D.SAFE,train
nw-1702-10-000110,S1B_IW_GRDH_1SDV_20191004T034317_20191004T034342_018320_02282B_4A6D.SAFE,train
nw-1703-10-000111,S1B_IW_GRDH_1SDV_20191004T034317_20191004T034342_018320_02282B_4A6D.SAFE,train
nw-1704-10-000112,S1B_IW_GRDH_1SDV_20191004T034252_20191004T034317_018320_02282B_B1FB.SAFE,train
nw-1705-10-000113,S1B_IW_GRDH_1SDV_20191004T034252_20191004T034317_018320_02282B_B1FB.SAFE,train
nw-1706-10-000114,S1B_IW_GRDH_1SDV_20191004T034252_20191004T034317_018320_02282B_B1FB.SAFE,train
nw-1707-10-000115,S1B_IW_GRDH_1SDV_20191004T034252_20191004T034317_018320_02282B_B1FB.SAFE,train
nw-1708-10-000116,S1B_IW_GRDH_1SDV_20191004T034252_20191004T034317_018320_02282B_B1FB.SAFE,train
nw-1709-10-000117,S1A_IW_GRDH_1SDV_20191007T155712_20191007T155737_029355_035652_8FCF.SAFE,train
nw-1710-10-000118,S1A_IW_GRDH_1SDV_20191007T155712_20191007T155737_029355_035652_8FCF.SAFE,train
nw-1714-10-000122,S1A_IW_GRDH_1SDV_20191010T034331_20191010T034356_029391_035788_7CA8.SAFE,train
nw-1715-10-000123,S1A_IW_GRDH_1SDV_20191014T154910_20191014T154935_029457_0359DE_77C2.SAFE,train
nw-1716-10-000124,S1A_IW_GRDH_1SDV_20191014T154910_20191014T154935_029457_0359DE_77C2.SAFE,train
nw-1717-10-000125,S1A_IW_GRDH_1SDV_20191014T154910_20191014T154935_029457_0359DE_77C2.SAFE,train
nw-1718-10-000126,S1B_IW_GRDH_1SDV_20191020T154910_20191020T154935_018561_022F8C_14B1.SAFE,train
nw-1719-10-000127,S1B_IW_GRDH_1SDV_20191021T035114_20191021T035139_018568_022FC0_0980.SAFE,train
nw-1720-10-000128,S1A_IW_GRDH_1SDV_20191021T154131_20191021T154156_029559_035D56_1CD1.SAFE;S1A_IW_GRDH_1SDV_20191021T154106_20191021T154131_029559_035D56_48DB.SAFE,train
nw-1721-10-000129,S1A_IW_GRDH_1SDV_20191021T154131_20191021T154156_029559_035D56_1CD1.SAFE;S1A_IW_GRDH_1SDV_20191021T154106_20191021T154131_029559_035D56_48DB.SAFE,train
nw-1722-10-000130,S1A_IW_GRDH_1SDV_20191021T154131_20191021T154156_029559_035D56_1CD1.SAFE,train
nw-1723-10-000131,S1A_IW_GRDH_1SDV_20191026T154845_20191026T154910_029632_035FDD_29A5.SAFE,train
nw-1724-10-000132,S1B_IW_GRDH_1SDV_20191027T154041_20191027T154106_018663_0232BF_0AC1.SAFE,train
nw-1725-10-000133,S1B_IW_GRDH_1SDV_20191028T034252_20191028T034317_018670_0232F7_237B.SAFE;S1B_IW_GRDH_1SDV_20191028T034227_20191028T034252_018670_0232F7_69C9.SAFE,train
nw-1728-10-000136,S1A_IW_GRDH_1SDV_20191102T154132_20191102T154157_029734_036369_DF53.SAFE,train
nw-1729-10-000137,S1B_IW_GRDH_1SDV_20191109T034252_20191109T034317_018845_0238A3_587D.SAFE,train
nw-1732-10-000140,S1A_IW_GRDH_1SDV_20191120T035126_20191120T035151_029989_036C5B_1AC3.SAFE,train
nw-1733-10-000141,S1B_IW_GRDH_1SDV_20191120T154041_20191120T154106_019013_023E0F_D976.SAFE,train
nw-1734-10-000142,S1B_IW_GRDH_1SDV_20191120T154041_20191120T154106_019013_023E0F_D976.SAFE,train
nw-1735-10-000143,S1B_IW_GRDH_1SDV_20191120T154041_20191120T154106_019013_023E0F_D976.SAFE,train
nw-1740-10-000148,S1B_IW_GRDH_1SDV_20191203T034251_20191203T034316_019195_0243D6_EC71.SAFE,train
nw-1742-10-000150,S1B_IW_GRDH_1SDV_20191203T034226_20191203T034251_019195_0243D6_C23B.SAFE,train
nw-1743-10-000151,S1B_IW_GRDH_1SDV_20191203T034226_20191203T034251_019195_0243D6_C23B.SAFE,train
nw-1745-10-000153,S1B_IW_GRDH_1SDV_20191207T154819_20191207T154844_019261_0245D7_02A3.SAFE,train
nw-1746-10-000154,S1B_IW_GRDH_1SDV_20191207T154819_20191207T154844_019261_0245D7_02A3.SAFE,train
nw-1747-10-000155,S1B_IW_GRDH_1SDV_20191207T154819_20191207T154844_019261_0245D7_02A3.SAFE,train
nw-1748-10-000156,S1B_IW_GRDH_1SDV_20191207T154844_20191207T154909_019261_0245D7_E80A.SAFE;S1B_IW_GRDH_1SDV_20191207T154819_20191207T154844_019261_0245D7_02A3.SAFE,train
nw-1749-10-000157,S1A_IW_GRDH_1SDV_20191218T155800_20191218T155825_030405_037AC0_AAC3.SAFE,train
nw-1750-10-000158,S1A_IW_GRDH_1SDV_20191219T035935_20191219T040000_030412_037AF3_6AFD.SAFE,train
nw-1751-10-000159,S1A_IW_GRDH_1SDV_20191219T035935_20191219T040000_030412_037AF3_6AFD.SAFE,train
nw-1752-10-000160,S1A_IW_GRDH_1SDV_20191219T035935_20191219T040000_030412_037AF3_6AFD.SAFE,train
nw-1753-10-000161,S1A_IW_GRDH_1SDV_20191219T035935_20191219T040000_030412_037AF3_6AFD.SAFE,train
nw-1754-10-000162,S1B_IW_GRDH_1SDV_20191219T154908_20191219T154933_019436_024B6B_E2BB.SAFE,train
nw-1755-10-000163,S1B_IW_GRDH_1SDV_20191219T154908_20191219T154933_019436_024B6B_E2BB.SAFE,train
nw-1766-10-000174,S1B_IW_GRDH_1SDV_20191231T154818_20191231T154843_019611_025103_9D8D.SAFE,train
nw-1767-11-000001,S1A_IW_GRDH_1SDV_20190104T155753_20190104T155818_025330_02CD9D_5240.SAFE,train
nw-1768-11-000002,S1A_IW_GRDH_1SDV_20190111T154901_20190111T154926_025432_02D14A_4A63.SAFE,train
nw-1769-11-000003,S1B_IW_GRDH_1SDV_20190112T154033_20190112T154058_014463_01AEE6_B38F.SAFE,train
nw-1771-11-000005,S1A_IW_GRDH_1SDV_20190119T034348_20190119T034413_025541_02D53C_EE42.SAFE,train
nw-1772-11-000006,S1A_IW_GRDH_1SDV_20190119T034348_20190119T034413_025541_02D53C_EE42.SAFE,train
nw-1773-11-000007,S1B_IW_GRDH_1SDV_20190123T035915_20190123T035940_014616_01B3CB_38CE.SAFE,train
nw-1774-11-000008,S1B_IW_GRDH_1SDV_20190123T035940_20190123T040005_014616_01B3CB_32E6.SAFE,train
nw-1775-11-000009,S1B_IW_GRDH_1SDV_20190129T154746_20190129T154811_014711_01B6D1_4094.SAFE,train
nw-1777-11-000011,S1B_IW_GRDH_1SDV_20190220T160519_20190220T160544_015032_01C169_37F7.SAFE,train
nw-1778-11-000012,S1B_IW_GRDH_1SDV_20190220T160454_20190220T160519_015032_01C169_7DBC.SAFE,train
nw-1782-11-000016,S1A_IW_GRDH_1SDV_20190221T155752_20190221T155817_026030_02E6CF_6EBE.SAFE;S1A_IW_GRDH_1SDV_20190221T155727_20190221T155752_026030_02E6CF_E2B0.SAFE,train
nw-1784-11-000018,S1A_IW_GRDH_1SDV_20190222T035926_20190222T035951_026037_02E70F_1C4A.SAFE,train
nw-1785-11-000019,S1A_IW_GRDH_1SDV_20190222T035926_20190222T035951_026037_02E70F_1C4A.SAFE,train
nw-1786-11-000020,S1A_IW_GRDH_1SDV_20190222T035926_20190222T035951_026037_02E70F_1C4A.SAFE,train
nw-1789-11-000023,S1B_IW_GRDH_1SDV_20190222T154900_20190222T154925_015061_01C24C_2830.SAFE,train
nw-1790-11-000024,S1B_IW_GRDH_1SDV_20190222T154900_20190222T154925_015061_01C24C_2830.SAFE,train
nw-1791-11-000025,S1B_IW_GRDH_1SDV_20190222T154900_20190222T154925_015061_01C24C_2830.SAFE,train
nw-1792-11-000026,S1B_IW_GRDH_1SDV_20190222T154810_20190222T154835_015061_01C24C_9BBE.SAFE,train
nw-1793-11-000027,S1B_IW_GRDH_1SDV_20190222T154810_20190222T154835_015061_01C24C_9BBE.SAFE,train
nw-1794-11-000028,S1B_IW_GRDH_1SDV_20190222T154810_20190222T154835_015061_01C24C_9BBE.SAFE,train
nw-1799-11-000033,S1B_IW_GRDH_1SDV_20190304T160429_20190304T160454_015207_01C72A_60D4.SAFE,train
nw-1800-11-000034,S1A_IW_GRDH_1SDV_20190306T035926_20190306T035951_026212_02ED51_1D32.SAFE,train
nw-1801-11-000035,S1B_IW_GRDH_1SDV_20190312T035939_20190312T040004_015316_01CAB5_09EE.SAFE,train
nw-1803-11-000037,S1A_IW_GRDH_1SDV_20190312T154900_20190312T154925_026307_02F0D5_5A39.SAFE,train
nw-1804-11-000038,S1A_IW_GRDH_1SDV_20190312T154900_20190312T154925_026307_02F0D5_5A39.SAFE,train
nw-1806-11-000040,S1B_IW_GRDH_1SDV_20190318T154810_20190318T154835_015411_01CDBD_41F5.SAFE,train
nw-1809-11-000043,S1B_IW_GRDH_1SDV_20190320T153242_20190320T153307_015440_01CEAD_9EE4.SAFE,train
nw-1810-11-000044,S1B_IW_GRDH_1SDV_20190323T155640_20190323T155709_015484_01D01A_DA9D.SAFE,train
nw-1811-11-000045,S1B_IW_GRDH_1SDV_20190323T155640_20190323T155709_015484_01D01A_DA9D.SAFE,train
nw-1812-11-000046,S1B_IW_GRDH_1SDV_20190323T155640_20190323T155709_015484_01D01A_DA9D.SAFE,train
nw-1813-11-000047,S1B_IW_GRDH_1SDV_20190405T035915_20190405T035940_015666_01D628_E73F.SAFE,train
nw-1815-11-000049,S1A_IW_GRDH_1SDV_20190405T154951_20190405T155016_026657_02FDC3_09ED.SAFE,train
nw-1816-11-000050,S1A_IW_GRDH_1SDV_20190405T154836_20190405T154901_026657_02FDC3_95CA.SAFE,train
nw-1817-11-000051,S1A_IW_GRDH_1SDV_20190405T154951_20190405T155016_026657_02FDC3_09ED.SAFE,train
nw-1818-11-000052,S1A_IW_GRDH_1SDV_20190406T035142_20190406T035207_026664_02FE02_BB0A.SAFE,train
nw-1819-11-000053,S1A_IW_GRDH_1SDV_20190406T035142_20190406T035207_026664_02FE02_BB0A.SAFE,train
nw-1820-11-000054,S1A_IW_GRDH_1SDV_20190406T035142_20190406T035207_026664_02FE02_BB0A.SAFE,train
nw-1821-11-000055,S1A_IW_GRDH_1SDV_20190406T035142_20190406T035207_026664_02FE02_BB0A.SAFE,train
nw-1822-11-000056,S1A_IW_GRDH_1SDV_20190406T035142_20190406T035207_026664_02FE02_BB0A.SAFE,train
nw-1823-11-000057,S1A_IW_GRDH_1SDV_20190406T035117_20190406T035142_026664_02FE02_C5A5.SAFE,train
nw-1824-11-000058,S1A_IW_GRDH_1SDV_20190406T035117_20190406T035142_026664_02FE02_C5A5.SAFE,train
nw-1825-11-000059,S1A_IW_GRDH_1SDV_20190406T035117_20190406T035142_026664_02FE02_C5A5.SAFE,train
nw-1826-11-000060,S1B_IW_GRDH_1SDV_20190406T154032_20190406T154057_015688_01D6ED_B234.SAFE,train
nw-1830-11-000064,S1B_IW_GRDH_1SDV_20190412T035105_20190412T035130_015768_01D985_01C9.SAFE,train
nw-1832-11-000066,S1B_IW_GRDH_1SDV_20190423T154836_20190423T154901_015936_01DF14_E7F4.SAFE,train
nw-1836-11-000070,S1A_IW_GRDH_1SDV_20190424T154123_20190424T154148_026934_0307C2_8DFF.SAFE,train
nw-1837-11-000071,S1A_IW_GRDH_1SDV_20190425T034323_20190425T034348_026941_030806_C553.SAFE,train
nw-1839-11-000073,S1A_IW_GRDH_1SDV_20190427T160605_20190427T160630_026978_03096D_3B92.SAFE,train
nw-1840-11-000074,S1A_IW_GRDH_1SDV_20190427T160515_20190427T160540_026978_03096D_9164.SAFE,train
nw-1841-11-000075,S1A_IW_GRDH_1SDV_20190427T160515_20190427T160540_026978_03096D_9164.SAFE,train
nw-1842-11-000076,S1A_IW_GRDH_1SDV_20190427T160540_20190427T160605_026978_03096D_E604.SAFE,train
nw-1843-11-000077,S1A_IW_GRDH_1SDV_20190427T160540_20190427T160605_026978_03096D_E604.SAFE,train
nw-1845-11-000079,S1A_IW_GRDH_1SDV_20190429T154927_20190429T154952_027007_030A73_C58E.SAFE,train
nw-1846-11-000080,S1A_IW_GRDH_1SDV_20190429T154927_20190429T154952_027007_030A73_C58E.SAFE,train
nw-1847-11-000081,S1A_IW_GRDH_1SDV_20190430T035143_20190430T035208_027014_030AB6_4943.SAFE,train
nw-1850-11-000084,S1B_IW_GRDH_1SDV_20190501T034219_20190501T034244_016045_01E2CB_DAFE.SAFE,train
nw-1851-11-000085,S1B_IW_GRDH_1SDV_20190501T034219_20190501T034244_016045_01E2CB_DAFE.SAFE,train
nw-1852-11-000086,S1B_IW_GRDH_1SDV_20190511T035851_20190511T035916_016191_01E77E_ECCB.SAFE,train
nw-1853-11-000087,S1A_IW_GRDH_1SDV_20190511T154952_20190511T155017_027182_031070_90C8.SAFE,train
nw-1856-11-000090,S1B_IW_GRDH_1SDV_20190515T160456_20190515T160521_016257_01E988_F53E.SAFE,train
nw-1857-11-000091,S1B_IW_GRDH_1SDV_20190522T155712_20190522T155737_016359_01ECA7_BEBC.SAFE,train
nw-1858-11-000092,S1B_IW_GRDH_1SDV_20190522T155712_20190522T155737_016359_01ECA7_BEBC.SAFE,train
nw-1859-11-000093,S1B_IW_GRDH_1SDV_20190522T155712_20190522T155737_016359_01ECA7_BEBC.SAFE,train
nw-1860-11-000094,S1B_IW_GRDH_1SDV_20190522T155712_20190522T155737_016359_01ECA7_BEBC.SAFE,train
nw-1861-11-000095,S1B_IW_GRDH_1SDV_20190522T155643_20190522T155712_016359_01ECA7_4C33.SAFE,train
nw-1862-11-000096,S1B_IW_GRDH_1SDV_20190522T155643_20190522T155712_016359_01ECA7_4C33.SAFE,train
nw-1863-11-000097,S1A_IW_GRDH_1SDV_20190523T154903_20190523T154928_027357_0315EA_95BE.SAFE,train
nw-1865-11-000099,S1B_IW_GRDH_1SDV_20190527T160457_20190527T160522_016432_01EEE6_4F2E.SAFE,train
nw-1870-11-000104,S1A_IW_GRDH_1SDV_20190529T040019_20190529T040044_027437_031860_421A.SAFE,train
nw-1871-11-000105,S1A_IW_GRDH_1SDV_20190529T035954_20190529T040019_027437_031860_E8F6.SAFE,train
nw-1873-11-000107,S1A_IW_GRDH_1SDV_20190529T040019_20190529T040044_027437_031860_421A.SAFE,train
nw-1876-11-000110,S1A_IW_GRDH_1SDV_20190531T034300_20190531T034325_027466_031954_5014.SAFE,train
nw-1877-11-000111,S1A_IW_GRDH_1SDV_20190531T034325_20190531T034350_027466_031954_4726.SAFE,train
nw-1878-11-000112,S1A_IW_GRDH_1SDV_20190531T034325_20190531T034350_027466_031954_4726.SAFE,train
nw-1879-11-000113,S1A_IW_GRDH_1SDV_20190531T034325_20190531T034350_027466_031954_4726.SAFE,train
nw-1882-11-000116,S1A_IW_GRDH_1SDV_20190612T034300_20190612T034325_027641_031EA9_7D1B.SAFE,train
nw-1883-11-000117,S1A_IW_GRDH_1SDV_20190612T034325_20190612T034350_027641_031EA9_55D4.SAFE,train
nw-1884-11-000118,S1A_IW_GRDH_1SDV_20190616T154929_20190616T154954_027707_0320A3_F570.SAFE,train
nw-1885-11-000119,S1A_IW_GRDH_1SDV_20190616T154929_20190616T154954_027707_0320A3_F570.SAFE,train
nw-1891-11-000125,S1A_IW_GRDH_1SDV_20190624T034301_20190624T034326_027816_0323DB_4474.SAFE,train
nw-1894-11-000128,S1A_IW_GRDH_1SDV_20190730T034418_20190730T034443_028341_0333D2_9F38.SAFE,train
nw-1895-11-000129,S1B_IW_GRDH_1SDV_20190730T153248_20190730T153313_017365_020A74_DD3A.SAFE,train
nw-1896-11-000130,S1B_IW_GRDH_1SDV_20190803T035856_20190803T035921_017416_020C16_EF88.SAFE,train
nw-1899-11-000133,S1A_IW_GRDH_1SDV_20190822T154130_20190822T154155_028684_033F1B_7F0B.SAFE,train
nw-1901-11-000135,S1B_IW_GRDH_1SDV_20190827T035948_20190827T040013_017766_0216ED_1CA7.SAFE;S1B_IW_GRDH_1SDV_20190827T035923_20190827T035948_017766_0216ED_BD5D.SAFE,train
nw-1903-11-000137,S1A_IW_GRDH_1SDV_20190827T154958_20190827T155023_028757_0341B2_80F2.SAFE,train
nw-1904-11-000138,S1A_IW_GRDH_1SDV_20190827T154958_20190827T155023_028757_0341B2_80F2.SAFE,train
nw-1907-11-000141,S1A_IW_GRDH_1SDV_20190911T033502_20190911T033527_028968_034906_67B4.SAFE,train
nw-1908-11-000142,S1B_IW_GRDH_1SDV_20190921T154041_20190921T154106_018138_022283_3509.SAFE,train
nw-1909-11-000143,S1A_IW_GRDH_1SDV_20190925T155712_20190925T155737_029180_035045_0057.SAFE,train
nw-1910-11-000144,S1B_IW_GRDH_1SDV_20190926T154845_20190926T154910_018211_0224A2_64E7.SAFE,train
nw-1912-11-000146,S1A_IW_GRDH_1SDV_20190930T160613_20190930T160638_029253_0352E1_768B.SAFE,train
nw-1913-11-000147,S1B_IW_GRDH_1SDV_20191003T154016_20191003T154041_018313_0227F5_C52B.SAFE,train
nw-1914-11-000148,S1B_IW_GRDH_1SDV_20191008T154844_20191008T154909_018386_022A2C_1FB0.SAFE,train
nw-1916-11-000150,S1B_IW_GRDH_1SDV_20191009T035114_20191009T035139_018393_022A5F_B79F.SAFE;S1B_IW_GRDH_1SDV_20191009T035049_20191009T035114_018393_022A5F_CD0D.SAFE,train
nw-1917-11-000151,S1A_IW_GRDH_1SDV_20191010T034331_20191010T034356_029391_035788_7CA8.SAFE,train
nw-1918-11-000152,S1B_IW_GRDH_1SDV_20191013T155719_20191013T155744_018459_022C6B_D17C.SAFE,train
nw-1919-11-000153,S1A_IW_GRDH_1SDV_20191015T035216_20191015T035241_029464_035A19_207B.SAFE,train
nw-1920-11-000154,S1A_IW_GRDH_1SDV_20191015T035216_20191015T035241_029464_035A19_207B.SAFE,train
nw-1924-11-000158,S1A_IW_GRDH_1SDV_20191107T155000_20191107T155025_029807_03660E_E0E7.SAFE,train
nw-1925-11-000159,S1A_IW_GRDH_1SDV_20191107T155000_20191107T155025_029807_03660E_E0E7.SAFE,train
nw-1926-11-000160,S1A_IW_GRDH_1SDV_20191107T155000_20191107T155025_029807_03660E_E0E7.SAFE,train
nw-1927-11-000161,S1A_IW_GRDH_1SDV_20191107T155000_20191107T155025_029807_03660E_E0E7.SAFE,train
nw-1928-11-000162,S1B_IW_GRDH_1SDV_20191113T154820_20191113T154845_018911_023AAD_38BC.SAFE,train
nw-1930-11-000164,S1A_IW_GRDH_1SDV_20191120T035151_20191120T035216_029989_036C5B_72B9.SAFE;S1A_IW_GRDH_1SDV_20191120T035126_20191120T035151_029989_036C5B_1AC3.SAFE,train
nw-1931-11-000165,S1A_IW_GRDH_1SDV_20191120T035151_20191120T035216_029989_036C5B_72B9.SAFE,train
nw-1935-11-000169,S1A_IW_GRDH_1SDV_20191218T155735_20191218T155800_030405_037AC0_7BA1.SAFE,train
nw-1936-11-000170,S1B_IW_GRDH_1SDV_20191219T154908_20191219T154933_019436_024B6B_E2BB.SAFE,train
nw-1937-11-000171,S1B_IW_GRDH_1SDV_20191219T154908_20191219T154933_019436_024B6B_E2BB.SAFE,train
nw-1938-11-000172,S1B_IW_GRDH_1SDV_20191219T154843_20191219T154908_019436_024B6B_D265.SAFE,train
nw-1939-11-000173,S1B_IW_GRDH_1SDV_20191219T154908_20191219T154933_019436_024B6B_E2BB.SAFE,train
nc-0001-00-000001,S1B_IW_GRDH_1SDV_20190105T154901_20190105T154926_014361_01AB8D_D7A0.SAFE,train
nc-0002-00-000002,S1B_IW_GRDH_1SDV_20190118T035130_20190118T035155_014543_01B170_BFCE.SAFE,train
nc-0005-00-000005,S1A_IW_GRDH_1SDV_20190131T034257_20190131T034322_025716_02DBA1_AA0C.SAFE,train
nc-0006-00-000006,S1B_IW_GRDH_1SDV_20190206T034234_20190206T034259_014820_01BA76_DF73.SAFE,train
nc-0009-00-000009,S1B_IW_GRDH_1SDV_20190216T035940_20190216T040005_014966_01BF36_8C52.SAFE,train
nc-0010-00-000010,S1B_IW_GRDH_1SDV_20190222T154900_20190222T154925_015061_01C24C_2830.SAFE,train
nc-0011-00-000011,S1B_IW_GRDH_1SDV_20190223T035130_20190223T035155_015068_01C287_0DC8.SAFE,train
nc-0012-00-000012,S1A_IW_GRDH_1SDV_20190224T034322_20190224T034347_026066_02E816_1321.SAFE,train
nc-0013-00-000013,S1B_IW_GRDH_1SDV_20190307T035129_20190307T035154_015243_01C850_97F9.SAFE,train
nc-0014-00-000014,S1A_IW_GRDH_1SDV_20190308T034412_20190308T034437_026241_02EE61_2777.SAFE,train
nc-0015-00-000015,S1B_IW_GRDH_1SDV_20190309T033433_20190309T033458_015272_01C939_A199.SAFE;S1B_IW_GRDH_1SDV_20190309T033408_20190309T033433_015272_01C939_E524.SAFE,train
nc-0017-00-000017,S1A_IW_GRDH_1SDV_20190320T034412_20190320T034437_026416_02F4D4_1A96.SAFE,train
nc-0018-00-000018,S1B_IW_GRDH_1SDV_20190321T033408_20190321T033433_015447_01CEE6_0635.SAFE,train
nc-0019-00-000019,S1A_IW_GRDH_1SDV_20190331T154007_20190331T154032_026584_02FB04_8FAA.SAFE,train
nc-0020-00-000020,S1B_IW_GRDH_1SDV_20190402T033408_20190402T033433_015622_01D4A4_0016.SAFE,train
nc-0021-00-000021,S1B_IW_GRDH_1SDV_20190402T033408_20190402T033433_015622_01D4A4_0016.SAFE,train
nc-0024-00-000024,S1B_IW_GRDH_1SDV_20190424T035156_20190424T035220_015943_01DF52_F8F9.SAFE,train
nc-0026-00-000026,S1A_IW_GRDH_1SDV_20190429T154837_20190429T154902_027007_030A73_8C50.SAFE,train
nc-0027-00-000027,S1B_IW_GRDH_1SDV_20190523T035942_20190523T040007_016366_01ECE8_9951.SAFE,train
nc-0028-00-000028,S1A_IW_GRDH_1SDV_20190524T035119_20190524T035144_027364_031625_69C6.SAFE,train
nc-0030-00-000030,S1B_IW_GRDH_1SDV_20190525T034335_20190525T034400_016395_01EDD2_0888.SAFE,train
nc-0033-00-000033,S1A_IW_GRDH_1SDV_20190612T034300_20190612T034325_027641_031EA9_7D1B.SAFE,train
nc-0034-00-000034,S1A_IW_GRDH_1SDV_20190619T033457_20190619T033522_027743_0321AE_AA16.SAFE,train
nc-0035-00-000035,S1A_IW_GRDH_1SDV_20190619T033457_20190619T033522_027743_0321AE_AA16.SAFE,train
nc-0036-00-000036,S1A_IW_GRDH_1SDV_20190704T040046_20190704T040111_027962_032842_2F14.SAFE;S1A_IW_GRDH_1SDV_20190704T040021_20190704T040046_027962_032842_407B.SAFE,train
nc-0038-00-000038,S1A_IW_GRDH_1SDV_20190705T154102_20190705T154127_027984_0328EF_8C32.SAFE,train
nc-0040-00-000040,S1B_IW_GRDH_1SDV_20190712T034223_20190712T034248_017095_02029D_48B8.SAFE,train
nc-0041-00-000041,S1B_IW_GRDH_1SDV_20190712T034248_20190712T034313_017095_02029D_F9A6.SAFE,train
nc-0042-00-000042,S1A_IW_GRDH_1SDV_20190723T035237_20190723T035304_028239_0330A7_2013.SAFE,train
nc-0043-00-000043,S1B_IW_GRDH_1SDV_20190729T035046_20190729T035111_017343_0209D6_0255.SAFE,train
nc-0044-00-000044,S1B_IW_GRDH_1SDV_20190805T034224_20190805T034249_017445_020CF7_1135.SAFE,train
nc-0045-00-000045,S1A_IW_GRDH_1SDV_20190806T033501_20190806T033526_028443_0336DB_6632.SAFE,train
nc-0046-00-000046,S1A_IW_GRDH_1SDV_20190809T040049_20190809T040114_028487_03384A_86C8.SAFE,train
nc-0048-00-000048,S1B_IW_GRDH_1SDV_20190817T034340_20190817T034405_017620_021260_79A2.SAFE,train
nc-0049-00-000049,S1A_IW_GRDH_1SDV_20190828T035239_20190828T035306_028764_0341F0_E062.SAFE,train
nc-0051-00-000051,S1B_IW_GRDH_1SDV_20190903T035138_20190903T035203_017868_021A04_85C3.SAFE,train
nc-0054-00-000054,S1B_IW_GRDH_1SDV_20190915T035049_20190915T035114_018043_021F77_F12E.SAFE,train
nc-0055-00-000055,S1B_IW_GRDH_1SDV_20190920T040014_20190920T040038_018116_0221CA_2BF9.SAFE,train
nc-0056-00-000056,S1A_IW_GRDH_1SDV_20190920T154844_20190920T154909_029107_034DCE_58F5.SAFE,train
nc-0057-00-000057,S1B_IW_GRDH_1SDV_20190927T035049_20190927T035114_018218_0224DC_62D9.SAFE,train
nc-0059-00-000059,S1A_IW_GRDH_1SDV_20191002T155000_20191002T155025_029282_0353D1_CB12.SAFE,train
nc-0060-00-000060,S1A_IW_GRDH_1SDV_20191005T033503_20191005T033528_029318_035507_57C3.SAFE,train
nc-0061-00-000061,S1B_IW_GRDH_1SDV_20191016T034252_20191016T034317_018495_022D96_AE2A.SAFE,train
nc-0063-00-000063,S1B_IW_GRDH_1SDV_20191028T034227_20191028T034252_018670_0232F7_69C9.SAFE,train
nc-0064-00-000064,S1A_IW_GRDH_1SDV_20191108T035126_20191108T035151_029814_03664C_FCC5.SAFE,train
nc-0065-00-000065,S1B_IW_GRDH_1SDV_20191109T034342_20191109T034407_018845_0238A3_42C2.SAFE,train
nc-0066-00-000066,S1A_IW_GRDH_1SDV_20191113T040051_20191113T040116_029887_0368D2_0CDF.SAFE,train
nc-0068-00-000068,S1A_IW_GRDH_1SDV_20191120T035126_20191120T035151_029989_036C5B_1AC3.SAFE,train
nc-0071-00-000071,S1B_IW_GRDH_1SDV_20191208T035048_20191208T035113_019268_02460F_78B1.SAFE,train
nc-0075-00-000075,S1B_IW_GRDH_1SDV_20191212T155618_20191212T155643_019334_02482D_8FCC.SAFE,train
nc-0076-00-000076,S1A_IW_GRDH_1SDV_20191216T033527_20191216T033552_030368_037971_A81F.SAFE,train
nc-0079-01-000003,S1A_IW_GRDH_1SDV_20190118T154058_20190118T154123_025534_02D4F3_3A0C.SAFE,train
nc-0080-01-000004,S1B_IW_GRDH_1SDV_20190129T154746_20190129T154811_014711_01B6D1_4094.SAFE,train
nc-0081-01-000005,S1A_IW_GRDH_1SDV_20190130T154007_20190130T154032_025709_02DB59_A3E0.SAFE,train
nc-0082-01-000006,S1A_IW_GRDH_1SDV_20190210T040041_20190210T040106_025862_02E0DD_EBDC.SAFE;S1A_IW_GRDH_1SDV_20190210T040016_20190210T040041_025862_02E0DD_BBED.SAFE,train
nc-0083-01-000007,S1A_IW_GRDH_1SDV_20190219T033454_20190219T033519_025993_02E57A_9BA8.SAFE,train
nc-0084-01-000008,S1A_IW_GRDH_1SDV_20190219T033454_20190219T033519_025993_02E57A_9BA8.SAFE,train
nc-0085-01-000009,S1B_IW_GRDH_1SDV_20190309T033433_20190309T033458_015272_01C939_A199.SAFE,train
nc-0086-01-000010,S1A_IW_GRDH_1SDV_20190315T033454_20190315T033519_026343_02F229_357D.SAFE,train
nc-0088-01-000012,S1A_IW_GRDH_1SDV_20190325T035117_20190325T035142_026489_02F78B_9B72.SAFE,train
nc-0089-01-000013,S1B_IW_GRDH_1SDV_20190402T033408_20190402T033433_015622_01D4A4_0016.SAFE,train
nc-0090-01-000014,S1A_IW_GRDH_1SDV_20190406T035117_20190406T035142_026664_02FE02_C5A5.SAFE,train
nc-0091-01-000015,S1A_IW_GRDH_1SDV_20190406T035117_20190406T035142_026664_02FE02_C5A5.SAFE,train
nc-0092-01-000016,S1B_IW_GRDH_1SDV_20190407T034259_20190407T034324_015695_01D728_6F12.SAFE,train
nc-0094-01-000018,S1A_IW_GRDH_1SDV_20190408T033454_20190408T033519_026693_02FF08_729E.SAFE,train
nc-0095-01-000019,S1A_IW_GRDH_1SDV_20190424T154123_20190424T154148_026934_0307C2_8DFF.SAFE,train
nc-0096-01-000020,S1A_IW_GRDH_1SDV_20190429T154927_20190429T154952_027007_030A73_C58E.SAFE,train
nc-0098-01-000022,S1A_IW_GRDH_1SDV_20190512T035118_20190512T035143_027189_0310AB_EEF7.SAFE,train
nc-0100-01-000024,S1A_IW_GRDH_1SDV_20190523T154838_20190523T154903_027357_0315EA_5427.SAFE,train
nc-0101-01-000025,S1A_IW_GRDH_1SDV_20190528T155705_20190528T155730_027430_03182C_0E32.SAFE,train
nc-0102-01-000026,S1A_IW_GRDH_1SDV_20190531T034300_20190531T034325_027466_031954_5014.SAFE,train
nc-0103-01-000027,S1B_IW_GRDH_1SDV_20190601T033411_20190601T033436_016497_01F0CE_60B6.SAFE,train
nc-0105-01-000029,S1A_IW_GRDH_1SDV_20190701T033523_20190701T033548_027918_0326E9_06FF.SAFE,train
nc-0106-01-000030,S1B_IW_GRDH_1SDV_20190704T154905_20190704T154930_016986_01FF5D_CF02.SAFE,train
nc-0107-01-000031,S1B_IW_GRDH_1SDV_20190705T035200_20190705T035224_016993_01FF91_24F8.SAFE,train
nc-0108-01-000032,S1B_IW_GRDH_1SDV_20190707T033413_20190707T033438_017022_02005E_80F1.SAFE,train
nc-0112-01-000036,S1A_IW_GRDH_1SDV_20190718T034303_20190718T034328_028166_032E76_1ACD.SAFE,train
nc-0114-01-000038,S1A_IW_GRDH_1SDV_20190725T033525_20190725T033550_028268_03317E_4073.SAFE,train
nc-0115-01-000039,S1A_IW_GRDH_1SDV_20190728T040048_20190728T040113_028312_0332E7_4BE5.SAFE;S1A_IW_GRDH_1SDV_20190728T040023_20190728T040048_028312_0332E7_D2BD.SAFE,train
nc-0116-01-000040,S1A_IW_GRDH_1SDV_20190804T035123_20190804T035148_028414_0335FE_853E.SAFE,train
nc-0117-01-000041,S1A_IW_GRDH_1SDV_20190806T033501_20190806T033526_028443_0336DB_6632.SAFE,train
nc-0118-01-000042,S1B_IW_GRDH_1SDV_20190812T033440_20190812T033505_017547_020FFE_79B0.SAFE,train
nc-0120-01-000044,S1A_IW_GRDH_1SDV_20190815T154958_20190815T155023_028582_033B99_BECB.SAFE,train
nc-0121-01-000045,S1B_IW_GRDH_1SDV_20190817T034315_20190817T034340_017620_021260_CC88.SAFE,train
nc-0122-01-000046,S1A_IW_GRDH_1SDV_20190822T154130_20190822T154155_028684_033F1B_7F0B.SAFE,train
nc-0123-01-000047,S1A_IW_GRDH_1SDV_20190823T034330_20190823T034355_028691_033F57_A0BF.SAFE,train
nc-0124-01-000048,S1A_IW_GRDH_1SDV_20190827T154843_20190827T154908_028757_0341B2_CC65.SAFE,train
nc-0125-01-000049,S1A_IW_GRDH_1SDV_20190830T033527_20190830T033552_028793_0342F2_73EE.SAFE,train
nc-0127-01-000051,S1B_IW_GRDH_1SDV_20190905T033441_20190905T033506_017897_021AE1_97C9.SAFE,train
nc-0129-01-000053,S1A_IW_GRDH_1SDV_20190909T035240_20190909T035306_028939_034806_3EC4.SAFE,train
nc-0130-01-000054,S1A_IW_GRDH_1SDV_20190920T154844_20190920T154909_029107_034DCE_58F5.SAFE,train
nc-0131-01-000055,S1A_IW_GRDH_1SDV_20190921T035125_20190921T035150_029114_034E08_0160.SAFE,train
nc-0132-01-000056,S1A_IW_GRDH_1SDV_20191003T035241_20191003T035307_029289_035408_5AB5.SAFE,train
nc-0133-01-000057,S1A_IW_GRDH_1SDV_20191010T034331_20191010T034356_029391_035788_7CA8.SAFE,train
nc-0135-01-000059,S1A_IW_GRDH_1SDV_20191014T155000_20191014T155025_029457_0359DE_FB77.SAFE,train
nc-0136-01-000060,S1B_IW_GRDH_1SDV_20191016T034227_20191016T034252_018495_022D96_DFD2.SAFE,train
nc-0137-01-000061,S1B_IW_GRDH_1SDV_20191016T034252_20191016T034317_018495_022D96_AE2A.SAFE,train
nc-0138-01-000062,S1A_IW_GRDH_1SDV_20191022T034331_20191022T034356_029566_035D93_9262.SAFE,train
nc-0139-01-000063,S1A_IW_GRDH_1SDV_20191026T154845_20191026T154910_029632_035FDD_29A5.SAFE,train
nc-0140-01-000064,S1B_IW_GRDH_1SDV_20191028T034252_20191028T034317_018670_0232F7_237B.SAFE,train
nc-0141-01-000065,S1B_IW_GRDH_1SDV_20191028T034227_20191028T034252_018670_0232F7_69C9.SAFE,train
nc-0142-01-000066,S1B_IW_GRDH_1SDV_20191104T033417_20191104T033442_018772_02361B_C2FF.SAFE,train
nc-0144-01-000068,S1B_IW_GRDH_1SDV_20191126T035049_20191126T035114_019093_024085_A0F3.SAFE,train
nc-0146-01-000070,S1A_IW_GRDH_1SDV_20191204T033527_20191204T033552_030193_037365_FE53.SAFE,train
nc-0149-01-000073,S1B_IW_GRDH_1SDV_20191210T033417_20191210T033442_019297_0246F2_3699.SAFE,train
nc-0150-01-000074,S1B_IW_GRDH_1SDV_20191210T033417_20191210T033442_019297_0246F2_3699.SAFE,train
nc-0151-01-000075,S1A_IW_GRDH_1SDV_20191213T154844_20191213T154909_030332_03783C_3747.SAFE,train
nc-0152-01-000076,S1B_IW_GRDH_1SDV_20191215T034251_20191215T034316_019370_024965_FD00.SAFE,train
nc-0153-01-000077,S1A_IW_GRDH_1SDV_20191216T033527_20191216T033552_030368_037971_A81F.SAFE,train
nc-0154-01-000078,S1A_IW_GRDH_1SDV_20191218T155710_20191218T155735_030405_037AC0_C384.SAFE,train
nc-0156-01-000080,S1B_IW_GRDH_1SDV_20191222T033416_20191222T033441_019472_024C83_6FC8.SAFE,train
nc-0157-01-000081,S1A_IW_GRDH_1SDV_20191225T154933_20191225T154958_030507_037E47_2787.SAFE,train
nc-0162-02-000002,S1B_IW_GRDH_1SDV_20190105T154746_20190105T154811_014361_01AB8D_D8C0.SAFE,train
nc-0163-02-000003,S1B_IW_GRDH_1SDV_20190113T034235_20190113T034300_014470_01AF20_B0E8.SAFE,train
nc-0164-02-000004,S1A_IW_GRDH_1SDV_20190124T035117_20190124T035142_025614_02D7E5_2D5A.SAFE,train
nc-0165-02-000005,S1B_IW_GRDH_1SDV_20190129T154901_20190129T154926_014711_01B6D1_9644.SAFE,train
nc-0166-02-000006,S1A_IW_GRDH_1SDV_20190205T035231_20190205T035258_025789_02DE41_06AE.SAFE,train
nc-0167-02-000007,S1B_IW_GRDH_1SDV_20190206T034324_20190206T034349_014820_01BA76_500C.SAFE,train
nc-0168-02-000008,S1B_IW_GRDH_1SDV_20190211T035040_20190211T035105_014893_01BCCD_3B74.SAFE,train
nc-0169-02-000009,S1A_IW_GRDH_1SDV_20190218T153310_20190218T153335_025986_02E530_36A3.SAFE,train
nc-0173-02-000013,S1A_IW_GRDH_1SDV_20190313T035116_20190313T035141_026314_02F112_0450.SAFE,train
nc-0175-02-000015,S1B_IW_GRDH_1SDV_20190321T033408_20190321T033433_015447_01CEE6_0635.SAFE,train
nc-0176-02-000016,S1A_IW_GRDH_1SDV_20190324T154951_20190324T155016_026482_02F74C_6262.SAFE,train
nc-0177-02-000017,S1A_IW_GRDH_1SDV_20190405T154951_20190405T155016_026657_02FDC3_09ED.SAFE,train
nc-0180-02-000020,S1B_IW_GRDH_1SDV_20190411T154901_20190411T154926_015761_01D947_4210.SAFE,train
nc-0182-02-000022,S1A_IW_GRDH_1SDV_20190413T034322_20190413T034347_026766_0301B4_A868.SAFE,train
nc-0183-02-000023,S1B_IW_GRDH_1SDV_20190424T035156_20190424T035220_015943_01DF52_F8F9.SAFE,train
nc-0184-02-000024,S1A_IW_GRDH_1SDV_20190425T034348_20190425T034413_026941_030806_FC8B.SAFE,train
nc-0186-02-000026,S1B_IW_GRDH_1SDV_20190506T035041_20190506T035106_016118_01E530_502E.SAFE,train
nc-0187-02-000027,S1A_IW_GRDH_1SDV_20190511T154952_20190511T155017_027182_031070_90C8.SAFE,train
nc-0190-02-000030,S1A_IW_GRDH_1SDV_20190523T154953_20190523T155018_027357_0315EA_7A48.SAFE,train
nc-0191-02-000031,S1A_IW_GRDH_1SDV_20190524T035119_20190524T035144_027364_031625_69C6.SAFE,train
nc-0192-02-000032,S1A_IW_GRDH_1SDV_20190604T154953_20190604T155018_027532_031B5A_8B9B.SAFE,train
nc-0193-02-000033,S1B_IW_GRDH_1SDV_20190610T154903_20190610T154928_016636_01F4FD_9997.SAFE,train
nc-0194-02-000034,S1B_IW_GRDH_1SDV_20190702T160434_20190702T160459_016957_01FE80_B1B5.SAFE,train
nc-0196-02-000036,S1A_IW_GRDH_1SDV_20190725T033500_20190725T033525_028268_03317E_1B90.SAFE,train
nc-0197-02-000037,S1B_IW_GRDH_1SDV_20190729T035046_20190729T035111_017343_0209D6_0255.SAFE,train
nc-0199-02-000039,S1B_IW_GRDH_1SDV_20190730T153223_20190730T153248_017365_020A74_A71C.SAFE,train
nc-0200-02-000040,S1B_IW_GRDH_1SDV_20190805T034249_20190805T034314_017445_020CF7_94B6.SAFE,train
nc-0201-02-000041,S1A_IW_GRDH_1SDV_20190806T033526_20190806T033551_028443_0336DB_14D4.SAFE,train
nc-0202-02-000042,S1B_IW_GRDH_1SDV_20190828T154015_20190828T154040_017788_02179A_FD13.SAFE,train
nc-0203-02-000043,S1A_IW_GRDH_1SDV_20190903T154040_20190903T154105_028859_034535_9212.SAFE,train
nc-0204-02-000044,S1A_IW_GRDH_1SDV_20190904T034305_20190904T034330_028866_034579_1C4E.SAFE,train
nc-0205-02-000045,S1B_IW_GRDH_1SDV_20190905T033441_20190905T033506_017897_021AE1_97C9.SAFE,train
nc-0207-02-000047,S1B_IW_GRDH_1SDV_20190927T035049_20190927T035114_018218_0224DC_62D9.SAFE,train
nc-0208-02-000048,S1A_IW_GRDH_1SDV_20191008T035936_20191008T040001_029362_03568A_4BC2.SAFE,train
nc-0209-02-000049,S1A_IW_GRDH_1SDV_20191009T154131_20191009T154156_029384_035749_9F6C.SAFE,train
nc-0210-02-000050,S1A_IW_GRDH_1SDV_20191014T155000_20191014T155025_029457_0359DE_FB77.SAFE,train
nc-0211-02-000051,S1A_IW_GRDH_1SDV_20191014T154935_20191014T155000_029457_0359DE_42F0.SAFE,train
nc-0212-02-000052,S1B_IW_GRDH_1SDV_20191016T034227_20191016T034252_018495_022D96_DFD2.SAFE,train
nc-0214-02-000054,S1A_IW_GRDH_1SDV_20191022T034306_20191022T034331_029566_035D93_C722.SAFE,train
nc-0215-02-000055,S1A_IW_GRDH_1SDV_20191022T034331_20191022T034356_029566_035D93_9262.SAFE,train
nc-0216-02-000056,S1A_IW_GRDH_1SDV_20191026T154845_20191026T154910_029632_035FDD_29A5.SAFE,train
nc-0217-02-000057,S1B_IW_GRDH_1SDV_20191027T154041_20191027T154106_018663_0232BF_0AC1.SAFE,train
nc-0218-02-000058,S1A_IW_GRDH_1SDV_20191109T153320_20191109T153345_029836_036704_C1E1.SAFE,train
nc-0219-02-000059,S1A_IW_GRDH_1SDV_20191113T040026_20191113T040051_029887_0368D2_1A62.SAFE,train
nc-0221-02-000061,S1B_IW_GRDH_1SDV_20191125T154754_20191125T154819_019086_02404F_B4BC.SAFE,train
nc-0222-02-000062,S1A_IW_GRDH_1SDV_20191127T034306_20191127T034331_030091_036FE7_8035.SAFE,train
nc-0225-02-000065,S1B_IW_GRDH_1SDV_20191128T033417_20191128T033442_019122_024166_7868.SAFE,train
nc-0226-02-000066,S1B_IW_GRDH_1SDV_20191207T154909_20191207T154934_019261_0245D7_07B0.SAFE,train
nc-0227-02-000067,S1B_IW_GRDH_1SDV_20191208T035048_20191208T035113_019268_02460F_78B1.SAFE,train
nc-0232-02-000072,S1B_IW_GRDH_1SDV_20191225T035948_20191225T040013_019516_024E03_FD65.SAFE,train
nc-0236-03-000001,S1A_IW_GRDH_1SDV_20190118T154058_20190118T154123_025534_02D4F3_3A0C.SAFE,train
nc-0237-03-000002,S1B_IW_GRDH_1SDV_20190120T033409_20190120T033434_014572_01B258_3D3D.SAFE,train
nc-0238-03-000003,S1A_IW_GRDH_1SDV_20190130T154007_20190130T154032_025709_02DB59_A3E0.SAFE,train
nc-0240-03-000005,S1A_IW_GRDH_1SDV_20190216T154950_20190216T155015_025957_02E43B_182C.SAFE,train
nc-0241-03-000006,S1A_IW_GRDH_1SDV_20190217T035116_20190217T035141_025964_02E473_BCD6.SAFE,train
nc-0244-03-000009,S1A_IW_GRDH_1SDV_20190308T034257_20190308T034322_026241_02EE61_4F36.SAFE,train
nc-0245-03-000010,S1A_IW_GRDH_1SDV_20190313T035116_20190313T035141_026314_02F112_0450.SAFE,train
nc-0247-03-000012,S1B_IW_GRDH_1SDV_20190423T154901_20190423T154926_015936_01DF14_58C2.SAFE,train
nc-0250-03-000015,S1B_IW_GRDH_1SDV_20190512T154033_20190512T154058_016213_01E833_AEAB.SAFE,train
nc-0251-03-000016,S1A_IW_GRDH_1SDV_20190513T153312_20190513T153337_027211_03114D_1AE8.SAFE,train
nc-0252-03-000017,S1A_IW_GRDH_1SDV_20190523T154953_20190523T155018_027357_0315EA_7A48.SAFE,train
nc-0256-03-000021,S1A_IW_GRDH_1SDV_20190612T034300_20190612T034325_027641_031EA9_7D1B.SAFE,train
nc-0258-03-000023,S1B_IW_GRDH_1SDV_20190623T035044_20190623T035109_016818_01FA62_8090.SAFE,train
nc-0259-03-000024,S1A_IW_GRDH_1SDV_20190710T154955_20190710T155020_028057_032B2E_84B8.SAFE,train
nc-0262-03-000027,S1A_IW_GRDH_1SDV_20190803T154957_20190803T155022_028407_0335C8_509F.SAFE,train
nc-0264-03-000029,S1A_IW_GRDH_1SDV_20190904T034355_20190904T034420_028866_034579_B50C.SAFE,train
nc-0265-03-000030,S1A_IW_GRDH_1SDV_20190911T033502_20190911T033527_028968_034906_67B4.SAFE,train
nc-0267-03-000032,S1B_IW_GRDH_1SDV_20190926T154910_20190926T154935_018211_0224A2_D216.SAFE,train
nc-0268-03-000033,S1A_IW_GRDH_1SDV_20191005T033528_20191005T033553_029318_035507_EA56.SAFE,train
nc-0270-03-000035,S1A_IW_GRDH_1SDV_20191020T035936_20191020T040001_029537_035C98_C027.SAFE,train
nc-0271-03-000036,S1A_IW_GRDH_1SDV_20191021T154131_20191021T154156_029559_035D56_1CD1.SAFE,train
nc-0273-03-000038,S1B_IW_GRDH_1SDV_20191104T033442_20191104T033507_018772_02361B_B144.SAFE,train
nc-0276-03-000041,S1B_IW_GRDH_1SDV_20191109T034252_20191109T034317_018845_0238A3_587D.SAFE,train
nc-0278-03-000043,S1A_IW_GRDH_1SDV_20191120T035241_20191120T035307_029989_036C5B_5AE1.SAFE,train
nc-0279-03-000044,S1B_IW_GRDH_1SDV_20191128T033442_20191128T033507_019122_024166_116F.SAFE,train
nc-0280-04-000001,S1B_IW_GRDH_1SDV_20190103T160431_20190103T160456_014332_01AAA9_8798.SAFE,train
nc-0281-04-000002,S1A_IW_GRDH_1SDV_20190105T035928_20190105T035953_025337_02CDDA_E728.SAFE,train
nc-0283-04-000004,S1B_IW_GRDH_1SDV_20190117T154901_20190117T154926_014536_01B131_70CE.SAFE,train
nc-0285-04-000006,S1A_IW_GRDH_1SDV_20190119T034258_20190119T034323_025541_02D53C_2934.SAFE,train
nc-0286-04-000007,S1A_IW_GRDH_1SDV_20190124T035117_20190124T035142_025614_02D7E5_2D5A.SAFE,train
nc-0287-04-000008,S1A_IW_GRDH_1SDV_20190128T155703_20190128T155728_025680_02DA53_C5E0.SAFE,train
nc-0288-04-000009,S1A_IW_GRDH_1SDV_20190129T040042_20190129T040107_025687_02DA92_3072.SAFE,train
nc-0289-04-000010,S1B_IW_GRDH_1SDV_20190129T154746_20190129T154811_014711_01B6D1_4094.SAFE,train
nc-0290-04-000011,S1B_IW_GRDH_1SDV_20190205T154032_20190205T154057_014813_01BA3E_F9F0.SAFE,train
nc-0293-04-000014,S1B_IW_GRDH_1SDV_20190319T035129_20190319T035154_015418_01CDFB_0728.SAFE,train
nc-0294-04-000015,S1B_IW_GRDH_1SDV_20190401T153217_20190401T153242_015615_01D46B_9048.SAFE,train
nc-0295-04-000016,S1B_IW_GRDH_1SDV_20190402T033458_20190402T033523_015622_01D4A4_26AF.SAFE,train
nc-0296-04-000017,S1B_IW_GRDH_1SDV_20190404T155610_20190404T155635_015659_01D5E2_CCBC.SAFE,train
nc-0297-04-000018,S1A_IW_GRDH_1SDV_20190411T035927_20190411T035952_026737_0300A0_9A6C.SAFE,train
nc-0298-04-000019,S1B_IW_GRDH_1SDV_20190412T035130_20190412T035155_015768_01D985_E914.SAFE,train
nc-0299-04-000020,S1A_IW_GRDH_1SDV_20190423T035928_20190423T035953_026912_0306F7_0E0A.SAFE,train
nc-0300-04-000021,S1A_IW_GRDH_1SDV_20190424T154123_20190424T154148_026934_0307C2_8DFF.SAFE,train
nc-0302-04-000023,S1A_IW_GRDH_1SDV_20190430T035118_20190430T035143_027014_030AB6_614C.SAFE,train
nc-0303-04-000024,S1B_IW_GRDH_1SDV_20190506T035041_20190506T035106_016118_01E530_502E.SAFE,train
nc-0304-04-000025,S1A_IW_GRDH_1SDV_20190507T034258_20190507T034323_027116_030E69_363D.SAFE,train
nc-0307-04-000028,S1B_IW_GRDH_1SDV_20190529T154748_20190529T154813_016461_01EFC4_EB6A.SAFE,train
nc-0309-04-000030,S1A_IW_GRDH_1SDV_20190612T034300_20190612T034325_027641_031EA9_7D1B.SAFE,train
nc-0310-04-000031,S1A_IW_GRDH_1SDV_20190614T160517_20190614T160542_027678_031FC6_6583.SAFE;S1A_IW_GRDH_1SDV_20190614T160452_20190614T160517_027678_031FC6_B592.SAFE,train
nc-0311-04-000032,S1B_IW_GRDH_1SDV_20190622T154904_20190622T154929_016811_01FA2F_B265.SAFE,train
nc-0317-04-000038,S1B_IW_GRDH_1SDV_20190816T154039_20190816T154104_017613_02122C_F471.SAFE,train
nc-0319-04-000040,S1A_IW_GRDH_1SDV_20190820T155710_20190820T155735_028655_033E24_AFFA.SAFE,train
nc-0320-04-000041,S1A_IW_GRDH_1SDV_20190820T155710_20190820T155735_028655_033E24_AFFA.SAFE,train
nc-0322-04-000043,S1B_IW_GRDH_1SDV_20190822T035047_20190822T035112_017693_021497_D54D.SAFE,train
nc-0323-04-000044,S1B_IW_GRDH_1SDV_20190822T035202_20190822T035226_017693_021497_FA4C.SAFE,train
nc-0324-04-000045,S1B_IW_GRDH_1SDV_20190908T035948_20190908T040013_017941_021C58_528D.SAFE,train
nc-0327-04-000048,S1B_IW_GRDH_1SDV_20190910T034226_20190910T034251_017970_021D4F_6F7A.SAFE,train
nc-0328-04-000049,S1A_IW_GRDH_1SDV_20190913T155711_20190913T155736_029005_034A50_BA8D.SAFE,train
nc-0329-04-000050,S1A_IW_GRDH_1SDV_20190920T154844_20190920T154909_029107_034DCE_58F5.SAFE,train
nc-0330-04-000051,S1A_IW_GRDH_1SDV_20191014T155000_20191014T155025_029457_0359DE_FB77.SAFE,train
nc-0331-04-000052,S1A_IW_GRDH_1SDV_20191029T033548_20191029T033613_029668_036124_E7A8.SAFE,train
nc-0332-04-000053,S1B_IW_GRDH_1SDV_20191104T033417_20191104T033442_018772_02361B_C2FF.SAFE,train
nc-0333-04-000054,S1B_IW_GRDH_1SDV_20191109T034227_20191109T034252_018845_0238A3_55F3.SAFE,train
nc-0335-04-000056,S1A_IW_GRDH_1SDV_20191115T034421_20191115T034446_029916_0369D3_9DE6.SAFE,train
nc-0336-04-000057,S1B_IW_GRDH_1SDV_20191118T155619_20191118T155644_018984_023D0A_7060.SAFE,train
nc-0337-04-000058,S1B_IW_GRDH_1SDV_20191118T155619_20191118T155644_018984_023D0A_7060.SAFE,train
nc-0338-04-000059,S1A_IW_GRDH_1SDV_20191120T035126_20191120T035151_029989_036C5B_1AC3.SAFE,train
nc-0339-04-000060,S1A_IW_GRDH_1SDV_20191127T034331_20191127T034356_030091_036FE7_55A3.SAFE,train
nc-0340-04-000061,S1B_IW_GRDH_1SDV_20191205T160438_20191205T160503_019232_0244F5_5369.SAFE,train
nc-0341-04-000062,S1B_IW_GRDH_1SDV_20191207T154819_20191207T154844_019261_0245D7_02A3.SAFE;S1B_IW_GRDH_1SDV_20191207T154754_20191207T154819_019261_0245D7_1E9F.SAFE,train
nc-0342-04-000063,S1B_IW_GRDH_1SDV_20191209T153226_20191209T153251_019290_0246C0_89B6.SAFE,train
nc-0343-04-000064,S1B_IW_GRDH_1SDV_20191212T155618_20191212T155643_019334_02482D_8FCC.SAFE,train
nc-0344-04-000065,S1A_IW_GRDH_1SDV_20191213T154844_20191213T154909_030332_03783C_3747.SAFE,train
nc-0347-04-000068,S1B_IW_GRDH_1SDV_20191215T034341_20191215T034406_019370_024965_2ED6.SAFE,train
nc-0348-04-000069,S1A_IW_GRDH_1SDV_20191218T155645_20191218T155710_030405_037AC0_57F0.SAFE,train
nc-0349-04-000070,S1A_IW_GRDH_1SDV_20191219T040050_20191219T040115_030412_037AF3_9162.SAFE,train
nc-0351-04-000072,S1B_IW_GRDH_1SDV_20191231T154753_20191231T154818_019611_025103_D6A6.SAFE,train
