image_id,image_filename,image_path,subset,contains_oil,environment,annotation_filename,num_objects,width,height,source_scene,source_product,timestamp
nc-0001-00-000001,nc-0001-00-000001.jpg,images/nc-0001-00-000001.jpg,nc,0,coast,,0,640,640,S1_20190105_154746_154926_VV_86,S1B_IW_GRDH_1SDV_20190105T154901_20190105T154926_014361_01AB8D_D7A0.SAFE,2019-01-05T15:47:46
nc-0002-00-000002,nc-0002-00-000002.jpg,images/nc-0002-00-000002.jpg,nc,0,coast,,0,640,640,S1_20190118_035040_035219_VV_89,S1B_IW_GRDH_1SDV_20190118T035130_20190118T035155_014543_01B170_BFCE.SAFE,2019-01-18T03:50:40
nc-0003-00-000003,nc-0003-00-000003.jpg,images/nc-0003-00-000003.jpg,nc,0,coast,,0,640,640,S1_20190119_034258_034438_VV_67,S1A_IW_GRDH_1SDV_20190119T034323_20190119T034348_025541_02D53C_8F34.SAFE,2019-01-19T03:42:58
nc-0004-00-000004,nc-0004-00-000004.jpg,images/nc-0004-00-000004.jpg,nc,0,coast,,0,640,640,S1_20190124_035117_035258_VV_16,S1A_IW_GRDH_1SDV_20190124T035232_20190124T035258_025614_02D7E5_9158.SAFE,2019-01-24T03:51:17
nc-0005-00-000005,nc-0005-00-000005.jpg,images/nc-0005-00-000005.jpg,nc,0,coast,,0,640,640,S1_20190131_034257_034437_VV_10,S1A_IW_GRDH_1SDV_20190131T034257_20190131T034322_025716_02DBA1_AA0C.SAFE,2019-01-31T03:42:57
nc-0006-00-000006,nc-0006-00-000006.jpg,images/nc-0006-00-000006.jpg,nc,0,coast,,0,640,640,S1_20190206_034234_034349_VV_2,S1B_IW_GRDH_1SDV_20190206T034234_20190206T034259_014820_01BA76_DF73.SAFE,2019-02-06T03:42:34
nc-0007-00-000007,nc-0007-00-000007.jpg,images/nc-0007-00-000007.jpg,nc,0,coast,,0,640,640,S1_20190206_034234_034349_VV_31,S1B_IW_GRDH_1SDV_20190206T034259_20190206T034324_014820_01BA76_B371.SAFE,2019-02-06T03:42:34
nc-0008-00-000008,nc-0008-00-000008.jpg,images/nc-0008-00-000008.jpg,nc,0,coast,,0,640,640,S1_20190210_035926_040106_VV_61,S1A_IW_GRDH_1SDV_20190210T040041_20190210T040106_025862_02E0DD_EBDC.SAFE,2019-02-10T03:59:26
nc-0009-00-000009,nc-0009-00-000009.jpg,images/nc-0009-00-000009.jpg,nc,0,coast,,0,640,640,S1_20190216_035850_040029_VV_87,S1B_IW_GRDH_1SDV_20190216T035940_20190216T040005_014966_01BF36_8C52.SAFE,2019-02-16T03:58:50
nc-0010-00-000010,nc-0010-00-000010.jpg,images/nc-0010-00-000010.jpg,nc,0,coast,,0,640,640,S1_20190222_154745_154925_VV_230,S1B_IW_GRDH_1SDV_20190222T154900_20190222T154925_015061_01C24C_2830.SAFE,2019-02-22T15:47:45
nc-0011-00-000011,nc-0011-00-000011.jpg,images/nc-0011-00-000011.jpg,nc,0,coast,,0,640,640,S1_20190223_035040_035219_VV_255,S1B_IW_GRDH_1SDV_20190223T035130_20190223T035155_015068_01C287_0DC8.SAFE,2019-02-23T03:50:40
nc-0012-00-000012,nc-0012-00-000012.jpg,images/nc-0012-00-000012.jpg,nc,0,coast,,0,640,640,S1_20190224_034257_034437_VV_102,S1A_IW_GRDH_1SDV_20190224T034322_20190224T034347_026066_02E816_1321.SAFE,2019-02-24T03:42:57
nc-0013-00-000013,nc-0013-00-000013.jpg,images/nc-0013-00-000013.jpg,nc,0,coast,,0,640,640,S1_20190307_035039_035218_VV_93,S1B_IW_GRDH_1SDV_20190307T035129_20190307T035154_015243_01C850_97F9.SAFE,2019-03-07T03:50:39
nc-0014-00-000014,nc-0014-00-000014.jpg,images/nc-0014-00-000014.jpg,nc,0,coast,,0,640,640,S1_20190308_034257_034437_VV_115,S1A_IW_GRDH_1SDV_20190308T034412_20190308T034437_026241_02EE61_2777.SAFE,2019-03-08T03:42:57
nc-0015-00-000015,nc-0015-00-000015.jpg,images/nc-0015-00-000015.jpg,nc,0,coast,,0,640,640,S1_20190309_033408_033548_VV_41,S1B_IW_GRDH_1SDV_20190309T033433_20190309T033458_015272_01C939_A199.SAFE;S1B_IW_GRDH_1SDV_20190309T033408_20190309T033433_015272_01C939_E524.SAFE,2019-03-09T03:34:08
nc-0016-00-000016,nc-0016-00-000016.jpg,images/nc-0016-00-000016.jpg,nc,0,coast,,0,640,640,S1_20190319_035039_035218_VV_27,S1B_IW_GRDH_1SDV_20190319T035039_20190319T035104_015418_01CDFB_172B.SAFE,2019-03-19T03:50:39
nc-0017-00-000017,nc-0017-00-000017.jpg,images/nc-0017-00-000017.jpg,nc,0,coast,,0,640,640,S1_20190320_034257_034437_VV_129,S1A_IW_GRDH_1SDV_20190320T034412_20190320T034437_026416_02F4D4_1A96.SAFE,2019-03-20T03:42:57
nc-0018-00-000018,nc-0018-00-000018.jpg,images/nc-0018-00-000018.jpg,nc,0,coast,,0,640,640,S1_20190321_033408_033548_VV_9,S1B_IW_GRDH_1SDV_20190321T033408_20190321T033433_015447_01CEE6_0635.SAFE,2019-03-21T03:34:08
nc-0019-00-000019,nc-0019-00-000019.jpg,images/nc-0019-00-000019.jpg,nc,0,coast,,0,640,640,S1_20190331_154007_154147_VV_109,S1A_IW_GRDH_1SDV_20190331T154007_20190331T154032_026584_02FB04_8FAA.SAFE,2019-03-31T15:40:07
nc-0020-00-000020,nc-0020-00-000020.jpg,images/nc-0020-00-000020.jpg,nc,0,coast,,0,640,640,S1_20190402_033408_033548_VV_13,S1B_IW_GRDH_1SDV_20190402T033408_20190402T033433_015622_01D4A4_0016.SAFE,2019-04-02T03:34:08
nc-0021-00-000021,nc-0021-00-000021.jpg,images/nc-0021-00-000021.jpg,nc,0,coast,,0,640,640,S1_20190402_033408_033548_VV_16,S1B_IW_GRDH_1SDV_20190402T033408_20190402T033433_015622_01D4A4_0016.SAFE,2019-04-02T03:34:08
nc-0022-00-000022,nc-0022-00-000022.jpg,images/nc-0022-00-000022.jpg,nc,0,coast,,0,640,640,S1_20190407_034234_034349_VV_109,S1B_IW_GRDH_1SDV_20190407T034324_20190407T034349_015695_01D728_35B4.SAFE,2019-04-07T03:42:34
nc-0023-00-000023,nc-0023-00-000023.jpg,images/nc-0023-00-000023.jpg,nc,0,coast,,0,640,640,S1_20190413_034257_034437_VV_36,S1A_IW_GRDH_1SDV_20190413T034257_20190413T034322_026766_0301B4_A807.SAFE,2019-04-13T03:42:57
nc-0024-00-000024,nc-0024-00-000024.jpg,images/nc-0024-00-000024.jpg,nc,0,coast,,0,640,640,S1_20190424_035041_035220_VV_105,S1B_IW_GRDH_1SDV_20190424T035156_20190424T035220_015943_01DF52_F8F9.SAFE,2019-04-24T03:50:41
nc-0025-00-000025,nc-0025-00-000025.jpg,images/nc-0025-00-000025.jpg,nc,0,coast,,0,640,640,S1_20190429_154837_155017_VV_177,S1A_IW_GRDH_1SDV_20190429T154952_20190429T155017_027007_030A73_3AD5.SAFE,2019-04-29T15:48:37
nc-0026-00-000026,nc-0026-00-000026.jpg,images/nc-0026-00-000026.jpg,nc,0,coast,,0,640,640,S1_20190429_154837_155017_VV_195,S1A_IW_GRDH_1SDV_20190429T154837_20190429T154902_027007_030A73_8C50.SAFE,2019-04-29T15:48:37
nc-0027-00-000027,nc-0027-00-000027.jpg,images/nc-0027-00-000027.jpg,nc,0,coast,,0,640,640,S1_20190523_035852_040031_VV_33,S1B_IW_GRDH_1SDV_20190523T035942_20190523T040007_016366_01ECE8_9951.SAFE,2019-05-23T03:58:52
nc-0028-00-000028,nc-0028-00-000028.jpg,images/nc-0028-00-000028.jpg,nc,0,coast,,0,640,640,S1_20190524_035119_035300_VV_13,S1A_IW_GRDH_1SDV_20190524T035119_20190524T035144_027364_031625_69C6.SAFE,2019-05-24T03:51:19
nc-0029-00-000029,nc-0029-00-000029.jpg,images/nc-0029-00-000029.jpg,nc,0,coast,,0,640,640,S1_20190525_034220_034400_VV_10,S1B_IW_GRDH_1SDV_20190525T034220_20190525T034245_016395_01EDD2_8B9B.SAFE,2019-05-25T03:42:20
nc-0030-00-000030,nc-0030-00-000030.jpg,images/nc-0030-00-000030.jpg,nc,0,coast,,0,640,640,S1_20190525_034220_034400_VV_51,S1B_IW_GRDH_1SDV_20190525T034335_20190525T034400_016395_01EDD2_0888.SAFE,2019-05-25T03:42:20
nc-0031-00-000031,nc-0031-00-000031.jpg,images/nc-0031-00-000031.jpg,nc,0,coast,,0,640,640,S1_20190530_154010_154150_VV_102,S1A_IW_GRDH_1SDV_20190530T154125_20190530T154150_027459_031913_1260.SAFE,2019-05-30T15:40:10
nc-0032-00-000032,nc-0032-00-000032.jpg,images/nc-0032-00-000032.jpg,nc,0,coast,,0,640,640,S1_20190604_035853_040032_VV_4,S1B_IW_GRDH_1SDV_20190604T035943_20190604T040008_016541_01F237_0933.SAFE,2019-06-04T03:58:53
nc-0033-00-000033,nc-0033-00-000033.jpg,images/nc-0033-00-000033.jpg,nc,0,coast,,0,640,640,S1_20190612_034300_034440_VV_17,S1A_IW_GRDH_1SDV_20190612T034300_20190612T034325_027641_031EA9_7D1B.SAFE,2019-06-12T03:43:00
nc-0034-00-000034,nc-0034-00-000034.jpg,images/nc-0034-00-000034.jpg,nc,0,coast,,0,640,640,S1_20190619_033457_033637_VV_16,S1A_IW_GRDH_1SDV_20190619T033457_20190619T033522_027743_0321AE_AA16.SAFE,2019-06-19T03:34:57
nc-0035-00-000035,nc-0035-00-000035.jpg,images/nc-0035-00-000035.jpg,nc,0,coast,,0,640,640,S1_20190619_033457_033637_VV_27,S1A_IW_GRDH_1SDV_20190619T033457_20190619T033522_027743_0321AE_AA16.SAFE,2019-06-19T03:34:57
nc-0036-00-000036,nc-0036-00-000036.jpg,images/nc-0036-00-000036.jpg,nc,0,coast,,0,640,640,S1_20190704_035931_040111_VV_70,S1A_IW_GRDH_1SDV_20190704T040046_20190704T040111_027962_032842_2F14.SAFE;S1A_IW_GRDH_1SDV_20190704T040021_20190704T040046_027962_032842_407B.SAFE,2019-07-04T03:59:31
nc-0037-00-000037,nc-0037-00-000037.jpg,images/nc-0037-00-000037.jpg,nc,0,coast,,0,640,640,S1_20190705_035045_035224_VV_56,S1B_IW_GRDH_1SDV_20190705T035135_20190705T035200_016993_01FF91_128D.SAFE,2019-07-05T03:50:45
nc-0038-00-000038,nc-0038-00-000038.jpg,images/nc-0038-00-000038.jpg,nc,0,coast,,0,640,640,S1_20190705_154012_154152_VV_31,S1A_IW_GRDH_1SDV_20190705T154102_20190705T154127_027984_0328EF_8C32.SAFE,2019-07-05T15:40:12
nc-0039-00-000039,nc-0039-00-000039.jpg,images/nc-0039-00-000039.jpg,nc,0,coast,,0,640,640,S1_20190711_035121_035303_VV_37,S1A_IW_GRDH_1SDV_20190711T035121_20190711T035146_028064_032B5E_8132.SAFE,2019-07-11T03:51:21
nc-0040-00-000040,nc-0040-00-000040.jpg,images/nc-0040-00-000040.jpg,nc,0,coast,,0,640,640,S1_20190712_034223_034403_VV_11,S1B_IW_GRDH_1SDV_20190712T034223_20190712T034248_017095_02029D_48B8.SAFE,2019-07-12T03:42:23
nc-0041-00-000041,nc-0041-00-000041.jpg,images/nc-0041-00-000041.jpg,nc,0,coast,,0,640,640,S1_20190712_034223_034403_VV_38,S1B_IW_GRDH_1SDV_20190712T034248_20190712T034313_017095_02029D_F9A6.SAFE,2019-07-12T03:42:23
nc-0042-00-000042,nc-0042-00-000042.jpg,images/nc-0042-00-000042.jpg,nc,0,coast,,0,640,640,S1_20190723_035122_035304_VV_86,S1A_IW_GRDH_1SDV_20190723T035237_20190723T035304_028239_0330A7_2013.SAFE,2019-07-23T03:51:22
nc-0043-00-000043,nc-0043-00-000043.jpg,images/nc-0043-00-000043.jpg,nc,0,coast,,0,640,640,S1_20190729_035046_035225_VV_67,S1B_IW_GRDH_1SDV_20190729T035046_20190729T035111_017343_0209D6_0255.SAFE,2019-07-29T03:50:46
nc-0044-00-000044,nc-0044-00-000044.jpg,images/nc-0044-00-000044.jpg,nc,0,coast,,0,640,640,S1_20190805_034224_034404_VV_27,S1B_IW_GRDH_1SDV_20190805T034224_20190805T034249_017445_020CF7_1135.SAFE,2019-08-05T03:42:24
nc-0045-00-000045,nc-0045-00-000045.jpg,images/nc-0045-00-000045.jpg,nc,0,coast,,0,640,640,S1_20190806_033501_033641_VV_23,S1A_IW_GRDH_1SDV_20190806T033501_20190806T033526_028443_0336DB_6632.SAFE,2019-08-06T03:35:01
nc-0046-00-000046,nc-0046-00-000046.jpg,images/nc-0046-00-000046.jpg,nc,0,coast,,0,640,640,S1_20190809_035934_040114_VV_47,S1A_IW_GRDH_1SDV_20190809T040049_20190809T040114_028487_03384A_86C8.SAFE,2019-08-09T03:59:34
nc-0047-00-000047,nc-0047-00-000047.jpg,images/nc-0047-00-000047.jpg,nc,0,coast,,0,640,640,S1_20190815_154843_155023_VV_2,S1A_IW_GRDH_1SDV_20190815T154843_20190815T154908_028582_033B99_BA95.SAFE,2019-08-15T15:48:43
nc-0048-00-000048,nc-0048-00-000048.jpg,images/nc-0048-00-000048.jpg,nc,0,coast,,0,640,640,S1_20190817_034225_034405_VV_71,S1B_IW_GRDH_1SDV_20190817T034340_20190817T034405_017620_021260_79A2.SAFE,2019-08-17T03:42:25
nc-0049-00-000049,nc-0049-00-000049.jpg,images/nc-0049-00-000049.jpg,nc,0,coast,,0,640,640,S1_20190828_035124_035306_VV_129,S1A_IW_GRDH_1SDV_20190828T035239_20190828T035306_028764_0341F0_E062.SAFE,2019-08-28T03:51:24
nc-0050-00-000050,nc-0050-00-000050.jpg,images/nc-0050-00-000050.jpg,nc,0,coast,,0,640,640,S1_20190902_035935_040115_VV_16,S1A_IW_GRDH_1SDV_20190902T035935_20190902T040000_028837_03447B_7C6D.SAFE,2019-09-02T03:59:35
nc-0051-00-000051,nc-0051-00-000051.jpg,images/nc-0051-00-000051.jpg,nc,0,coast,,0,640,640,S1_20190903_035048_035227_VV_59,S1B_IW_GRDH_1SDV_20190903T035138_20190903T035203_017868_021A04_85C3.SAFE,2019-09-03T03:50:48
nc-0052-00-000052,nc-0052-00-000052.jpg,images/nc-0052-00-000052.jpg,nc,0,coast,,0,640,640,S1_20190908_154844_155024_VV_7,S1A_IW_GRDH_1SDV_20190908T154844_20190908T154909_028932_0347C3_3FC8.SAFE,2019-09-08T15:48:44
nc-0053-00-000053,nc-0053-00-000053.jpg,images/nc-0053-00-000053.jpg,nc,0,coast,,0,640,640,S1_20190911_033502_033642_VV_37,S1A_IW_GRDH_1SDV_20190911T033527_20190911T033552_028968_034906_3DA3.SAFE,2019-09-11T03:35:02
nc-0054-00-000054,nc-0054-00-000054.jpg,images/nc-0054-00-000054.jpg,nc,0,coast,,0,640,640,S1_20190915_035049_035228_VV_42,S1B_IW_GRDH_1SDV_20190915T035049_20190915T035114_018043_021F77_F12E.SAFE,2019-09-15T03:50:49
nc-0055-00-000055,nc-0055-00-000055.jpg,images/nc-0055-00-000055.jpg,nc,0,coast,,0,640,640,S1_20190920_035859_040038_VV_69,S1B_IW_GRDH_1SDV_20190920T040014_20190920T040038_018116_0221CA_2BF9.SAFE,2019-09-20T03:58:59
nc-0056-00-000056,nc-0056-00-000056.jpg,images/nc-0056-00-000056.jpg,nc,0,coast,,0,640,640,S1_20190920_154844_155024_VV_18,S1A_IW_GRDH_1SDV_20190920T154844_20190920T154909_029107_034DCE_58F5.SAFE,2019-09-20T15:48:44
nc-0057-00-000057,nc-0057-00-000057.jpg,images/nc-0057-00-000057.jpg,nc,0,coast,,0,640,640,S1_20190927_035049_035228_VV_4,S1B_IW_GRDH_1SDV_20190927T035049_20190927T035114_018218_0224DC_62D9.SAFE,2019-09-27T03:50:49
nc-0058-00-000058,nc-0058-00-000058.jpg,images/nc-0058-00-000058.jpg,nc,0,coast,,0,640,640,S1_20191002_154845_155025_VV_12,S1A_IW_GRDH_1SDV_20191002T154845_20191002T154910_029282_0353D1_FBA2.SAFE,2019-10-02T15:48:45
nc-0059-00-000059,nc-0059-00-000059.jpg,images/nc-0059-00-000059.jpg,nc,0,coast,,0,640,640,S1_20191002_154845_155025_VV_79,S1A_IW_GRDH_1SDV_20191002T155000_20191002T155025_029282_0353D1_CB12.SAFE,2019-10-02T15:48:45
nc-0060-00-000060,nc-0060-00-000060.jpg,images/nc-0060-00-000060.jpg,nc,0,coast,,0,640,640,S1_20191005_033503_033643_VV_34,S1A_IW_GRDH_1SDV_20191005T033503_20191005T033528_029318_035507_57C3.SAFE,2019-10-05T03:35:03
nc-0061-00-000061,nc-0061-00-000061.jpg,images/nc-0061-00-000061.jpg,nc,0,coast,,0,640,640,S1_20191016_034227_034407_VV_100,S1B_IW_GRDH_1SDV_20191016T034252_20191016T034317_018495_022D96_AE2A.SAFE,2019-10-16T03:42:27
nc-0062-00-000062,nc-0062-00-000062.jpg,images/nc-0062-00-000062.jpg,nc,0,coast,,0,640,640,S1_20191021_035049_035228_VV_195,S1B_IW_GRDH_1SDV_20191021T035204_20191021T035228_018568_022FC0_BD0E.SAFE,2019-10-21T03:50:49
nc-0063-00-000063,nc-0063-00-000063.jpg,images/nc-0063-00-000063.jpg,nc,0,coast,,0,640,640,S1_20191028_034227_034407_VV_37,S1B_IW_GRDH_1SDV_20191028T034227_20191028T034252_018670_0232F7_69C9.SAFE,2019-10-28T03:42:27
nc-0064-00-000064,nc-0064-00-000064.jpg,images/nc-0064-00-000064.jpg,nc,0,coast,,0,640,640,S1_20191108_035126_035307_VV_22,S1A_IW_GRDH_1SDV_20191108T035126_20191108T035151_029814_03664C_FCC5.SAFE,2019-11-08T03:51:26
nc-0065-00-000065,nc-0065-00-000065.jpg,images/nc-0065-00-000065.jpg,nc,0,coast,,0,640,640,S1_20191109_034227_034407_VV_82,S1B_IW_GRDH_1SDV_20191109T034342_20191109T034407_018845_0238A3_42C2.SAFE,2019-11-09T03:42:27
nc-0066-00-000066,nc-0066-00-000066.jpg,images/nc-0066-00-000066.jpg,nc,0,coast,,0,640,640,S1_20191113_035936_040116_VV_35,S1A_IW_GRDH_1SDV_20191113T040051_20191113T040116_029887_0368D2_0CDF.SAFE,2019-11-13T03:59:36
nc-0067-00-000067,nc-0067-00-000067.jpg,images/nc-0067-00-000067.jpg,nc,0,coast,,0,640,640,S1_20191115_034306_034446_VV_63,S1A_IW_GRDH_1SDV_20191115T034306_20191115T034331_029916_0369D3_7586.SAFE,2019-11-15T03:43:06
nc-0068-00-000068,nc-0068-00-000068.jpg,images/nc-0068-00-000068.jpg,nc,0,coast,,0,640,640,S1_20191120_035126_035307_VV_31,S1A_IW_GRDH_1SDV_20191120T035126_20191120T035151_029989_036C5B_1AC3.SAFE,2019-11-20T03:51:26
nc-0069-00-000069,nc-0069-00-000069.jpg,images/nc-0069-00-000069.jpg,nc,0,coast,,0,640,640,S1_20191121_034227_034407_VV_180,S1B_IW_GRDH_1SDV_20191121T034342_20191121T034407_019020_023E45_2D19.SAFE,2019-11-21T03:42:27
nc-0070-00-000070,nc-0070-00-000070.jpg,images/nc-0070-00-000070.jpg,nc,0,coast,,0,640,640,S1_20191206_155646_155826_VV_0,S1A_IW_GRDH_1SDV_20191206T155646_20191206T155711_030230_0374B1_9DB1.SAFE,2019-12-06T15:56:46
nc-0071-00-000071,nc-0071-00-000071.jpg,images/nc-0071-00-000071.jpg,nc,0,coast,,0,640,640,S1_20191208_035048_035227_VV_36,S1B_IW_GRDH_1SDV_20191208T035048_20191208T035113_019268_02460F_78B1.SAFE,2019-12-08T03:50:48
nc-0072-00-000072,nc-0072-00-000072.jpg,images/nc-0072-00-000072.jpg,nc,0,coast,,0,640,640,S1_20191209_034306_034446_VV_288,S1A_IW_GRDH_1SDV_20191209T034421_20191209T034446_030266_0375E5_4268.SAFE,2019-12-09T03:43:06
nc-0073-00-000073,nc-0073-00-000073.jpg,images/nc-0073-00-000073.jpg,nc,0,coast,,0,640,640,S1_20191209_034306_034446_VV_58,S1A_IW_GRDH_1SDV_20191209T034306_20191209T034331_030266_0375E5_975E.SAFE,2019-12-09T03:43:06
nc-0074-00-000074,nc-0074-00-000074.jpg,images/nc-0074-00-000074.jpg,nc,0,coast,,0,640,640,S1_20191209_034306_034446_VV_63,S1A_IW_GRDH_1SDV_20191209T034306_20191209T034331_030266_0375E5_975E.SAFE,2019-12-09T03:43:06
nc-0075-00-000075,nc-0075-00-000075.jpg,images/nc-0075-00-000075.jpg,nc,0,coast,,0,640,640,S1_20191212_155618_155643_VV_144,S1B_IW_GRDH_1SDV_20191212T155618_20191212T155643_019334_02482D_8FCC.SAFE,2019-12-12T15:56:18
nc-0076-00-000076,nc-0076-00-000076.jpg,images/nc-0076-00-000076.jpg,nc,0,coast,,0,640,640,S1_20191216_033502_033642_VV_134,S1A_IW_GRDH_1SDV_20191216T033527_20191216T033552_030368_037971_A81F.SAFE,2019-12-16T03:35:02
nc-0077-01-000001,nc-0077-01-000001.jpg,images/nc-0077-01-000001.jpg,nc,0,coast,,0,640,640,S1_20190101_034235_034350_VV_15,S1B_IW_GRDH_1SDV_20190101T034235_20190101T034300_014295_01A97E_458A.SAFE,2019-01-01T03:42:35
nc-0078-01-000002,nc-0078-01-000002.jpg,images/nc-0078-01-000002.jpg,nc,0,coast,,0,640,640,S1_20190111_154836_155016_VV_27,S1A_IW_GRDH_1SDV_20190111T154836_20190111T154901_025432_02D14A_E884.SAFE,2019-01-11T15:48:36
nc-0079-01-000003,nc-0079-01-000003.jpg,images/nc-0079-01-000003.jpg,nc,0,coast,,0,640,640,S1_20190118_154008_154148_VV_82,S1A_IW_GRDH_1SDV_20190118T154058_20190118T154123_025534_02D4F3_3A0C.SAFE,2019-01-18T15:40:08
nc-0080-01-000004,nc-0080-01-000004.jpg,images/nc-0080-01-000004.jpg,nc,0,coast,,0,640,640,S1_20190129_154746_154926_VV_2,S1B_IW_GRDH_1SDV_20190129T154746_20190129T154811_014711_01B6D1_4094.SAFE,2019-01-29T15:47:46
nc-0081-01-000005,nc-0081-01-000005.jpg,images/nc-0081-01-000005.jpg,nc,0,coast,,0,640,640,S1_20190130_154007_154147_VV_0,S1A_IW_GRDH_1SDV_20190130T154007_20190130T154032_025709_02DB59_A3E0.SAFE,2019-01-30T15:40:07
nc-0082-01-000006,nc-0082-01-000006.jpg,images/nc-0082-01-000006.jpg,nc,0,coast,,0,640,640,S1_20190210_035926_040106_VV_57,S1A_IW_GRDH_1SDV_20190210T040041_20190210T040106_025862_02E0DD_EBDC.SAFE;S1A_IW_GRDH_1SDV_20190210T040016_20190210T040041_025862_02E0DD_BBED.SAFE,2019-02-10T03:59:26
nc-0083-01-000007,nc-0083-01-000007.jpg,images/nc-0083-01-000007.jpg,nc,0,coast,,0,640,640,S1_20190219_033454_033634_VV_18,S1A_IW_GRDH_1SDV_20190219T033454_20190219T033519_025993_02E57A_9BA8.SAFE,2019-02-19T03:34:54
nc-0084-01-000008,nc-0084-01-000008.jpg,images/nc-0084-01-000008.jpg,nc,0,coast,,0,640,640,S1_20190219_033454_033634_VV_22,S1A_IW_GRDH_1SDV_20190219T033454_20190219T033519_025993_02E57A_9BA8.SAFE,2019-02-19T03:34:54
nc-0085-01-000009,nc-0085-01-000009.jpg,images/nc-0085-01-000009.jpg,nc,0,coast,,0,640,640,S1_20190309_033408_033548_VV_52,S1B_IW_GRDH_1SDV_20190309T033433_20190309T033458_015272_01C939_A199.SAFE,2019-03-09T03:34:08
nc-0086-01-000010,nc-0086-01-000010.jpg,images/nc-0086-01-000010.jpg,nc,0,coast,,0,640,640,S1_20190315_033454_033634_VV_4,S1A_IW_GRDH_1SDV_20190315T033454_20190315T033519_026343_02F229_357D.SAFE,2019-03-15T03:34:54
nc-0087-01-000011,nc-0087-01-000011.jpg,images/nc-0087-01-000011.jpg,nc,0,coast,,0,640,640,S1_20190321_033408_033548_VV_48,S1B_IW_GRDH_1SDV_20190321T033458_20190321T033523_015447_01CEE6_6D57.SAFE;S1B_IW_GRDH_1SDV_20190321T033433_20190321T033458_015447_01CEE6_D58A.SAFE,2019-03-21T03:34:08
nc-0088-01-000012,nc-0088-01-000012.jpg,images/nc-0088-01-000012.jpg,nc,0,coast,,0,640,640,S1_20190325_035117_035258_VV_83,S1A_IW_GRDH_1SDV_20190325T035117_20190325T035142_026489_02F78B_9B72.SAFE,2019-03-25T03:51:17
nc-0089-01-000013,nc-0089-01-000013.jpg,images/nc-0089-01-000013.jpg,nc,0,coast,,0,640,640,S1_20190402_033408_033548_VV_10,S1B_IW_GRDH_1SDV_20190402T033408_20190402T033433_015622_01D4A4_0016.SAFE,2019-04-02T03:34:08
nc-0090-01-000014,nc-0090-01-000014.jpg,images/nc-0090-01-000014.jpg,nc,0,coast,,0,640,640,S1_20190406_035117_035258_VV_208,S1A_IW_GRDH_1SDV_20190406T035117_20190406T035142_026664_02FE02_C5A5.SAFE,2019-04-06T03:51:17
nc-0091-01-000015,nc-0091-01-000015.jpg,images/nc-0091-01-000015.jpg,nc,0,coast,,0,640,640,S1_20190406_035117_035258_VV_48,S1A_IW_GRDH_1SDV_20190406T035117_20190406T035142_026664_02FE02_C5A5.SAFE,2019-04-06T03:51:17
nc-0092-01-000016,nc-0092-01-000016.jpg,images/nc-0092-01-000016.jpg,nc,0,coast,,0,640,640,S1_20190407_034234_034349_VV_29,S1B_IW_GRDH_1SDV_20190407T034259_20190407T034324_015695_01D728_6F12.SAFE,2019-04-07T03:42:34
nc-0093-01-000017,nc-0093-01-000017.jpg,images/nc-0093-01-000017.jpg,nc,0,coast,,0,640,640,S1_20190407_034234_034349_VV_98,S1B_IW_GRDH_1SDV_20190407T034324_20190407T034349_015695_01D728_35B4.SAFE,2019-04-07T03:42:34
nc-0094-01-000018,nc-0094-01-000018.jpg,images/nc-0094-01-000018.jpg,nc,0,coast,,0,640,640,S1_20190408_033454_033634_VV_13,S1A_IW_GRDH_1SDV_20190408T033454_20190408T033519_026693_02FF08_729E.SAFE,2019-04-08T03:34:54
nc-0095-01-000019,nc-0095-01-000019.jpg,images/nc-0095-01-000019.jpg,nc,0,coast,,0,640,640,S1_20190424_154008_154148_VV_74,S1A_IW_GRDH_1SDV_20190424T154123_20190424T154148_026934_0307C2_8DFF.SAFE,2019-04-24T15:40:08
nc-0096-01-000020,nc-0096-01-000020.jpg,images/nc-0096-01-000020.jpg,nc,0,coast,,0,640,640,S1_20190429_154837_155017_VV_81,S1A_IW_GRDH_1SDV_20190429T154927_20190429T154952_027007_030A73_C58E.SAFE,2019-04-29T15:48:37
nc-0097-01-000021,nc-0097-01-000021.jpg,images/nc-0097-01-000021.jpg,nc,0,coast,,0,640,640,S1_20190501_034219_034359_VV_157,S1B_IW_GRDH_1SDV_20190501T034244_20190501T034309_016045_01E2CB_793F.SAFE,2019-05-01T03:42:19
nc-0098-01-000022,nc-0098-01-000022.jpg,images/nc-0098-01-000022.jpg,nc,0,coast,,0,640,640,S1_20190512_035118_035259_VV_49,S1A_IW_GRDH_1SDV_20190512T035118_20190512T035143_027189_0310AB_EEF7.SAFE,2019-05-12T03:51:18
nc-0099-01-000023,nc-0099-01-000023.jpg,images/nc-0099-01-000023.jpg,nc,0,coast,,0,640,640,S1_20190518_035042_035221_VV_0,S1B_IW_GRDH_1SDV_20190518T035042_20190518T035107_016293_01EAA1_8EE8.SAFE,2019-05-18T03:50:42
nc-0100-01-000024,nc-0100-01-000024.jpg,images/nc-0100-01-000024.jpg,nc,0,coast,,0,640,640,S1_20190523_154838_155018_VV_22,S1A_IW_GRDH_1SDV_20190523T154838_20190523T154903_027357_0315EA_5427.SAFE,2019-05-23T15:48:38
nc-0101-01-000025,nc-0101-01-000025.jpg,images/nc-0101-01-000025.jpg,nc,0,coast,,0,640,640,S1_20190528_155640_155820_VV_4,S1A_IW_GRDH_1SDV_20190528T155705_20190528T155730_027430_03182C_0E32.SAFE,2019-05-28T15:56:40
nc-0102-01-000026,nc-0102-01-000026.jpg,images/nc-0102-01-000026.jpg,nc,0,coast,,0,640,640,S1_20190531_034300_034440_VV_200,S1A_IW_GRDH_1SDV_20190531T034300_20190531T034325_027466_031954_5014.SAFE,2019-05-31T03:43:00
nc-0103-01-000027,nc-0103-01-000027.jpg,images/nc-0103-01-000027.jpg,nc,0,coast,,0,640,640,S1_20190601_033411_033551_VV_13,S1B_IW_GRDH_1SDV_20190601T033411_20190601T033436_016497_01F0CE_60B6.SAFE,2019-06-01T03:34:11
nc-0104-01-000028,nc-0104-01-000028.jpg,images/nc-0104-01-000028.jpg,nc,0,coast,,0,640,640,S1_20190616_154839_155019_VV_107,S1A_IW_GRDH_1SDV_20190616T154839_20190616T154904_027707_0320A3_5FB2.SAFE,2019-06-16T15:48:39
nc-0105-01-000029,nc-0105-01-000029.jpg,images/nc-0105-01-000029.jpg,nc,0,coast,,0,640,640,S1_20190701_033458_033638_VV_50,S1A_IW_GRDH_1SDV_20190701T033523_20190701T033548_027918_0326E9_06FF.SAFE,2019-07-01T03:34:58
nc-0106-01-000030,nc-0106-01-000030.jpg,images/nc-0106-01-000030.jpg,nc,0,coast,,0,640,640,S1_20190704_154750_154930_VV_23,S1B_IW_GRDH_1SDV_20190704T154905_20190704T154930_016986_01FF5D_CF02.SAFE,2019-07-04T15:47:50
nc-0107-01-000031,nc-0107-01-000031.jpg,images/nc-0107-01-000031.jpg,nc,0,coast,,0,640,640,S1_20190705_035045_035224_VV_100,S1B_IW_GRDH_1SDV_20190705T035200_20190705T035224_016993_01FF91_24F8.SAFE,2019-07-05T03:50:45
nc-0108-01-000032,nc-0108-01-000032.jpg,images/nc-0108-01-000032.jpg,nc,0,coast,,0,640,640,S1_20190707_033413_033553_VV_0,S1B_IW_GRDH_1SDV_20190707T033413_20190707T033438_017022_02005E_80F1.SAFE,2019-07-07T03:34:13
nc-0109-01-000033,nc-0109-01-000033.jpg,images/nc-0109-01-000033.jpg,nc,0,coast,,0,640,640,S1_20190708_160453_160633_VV_4,S1A_IW_GRDH_1SDV_20190708T160518_20190708T160543_028028_032A54_46E6.SAFE;S1A_IW_GRDH_1SDV_20190708T160453_20190708T160518_028028_032A54_0D21.SAFE,2019-07-08T16:04:53
nc-0110-01-000034,nc-0110-01-000034.jpg,images/nc-0110-01-000034.jpg,nc,0,coast,,0,640,640,S1_20190712_034223_034403_VV_30,S1B_IW_GRDH_1SDV_20190712T034248_20190712T034313_017095_02029D_F9A6.SAFE;S1B_IW_GRDH_1SDV_20190712T034223_20190712T034248_017095_02029D_48B8.SAFE,2019-07-12T03:42:23
nc-0111-01-000035,nc-0111-01-000035.jpg,images/nc-0111-01-000035.jpg,nc,0,coast,,0,640,640,S1_20190716_154751_154931_VV_47,S1B_IW_GRDH_1SDV_20190716T154906_20190716T154931_017161_020487_E890.SAFE,2019-07-16T15:47:51
nc-0112-01-000036,nc-0112-01-000036.jpg,images/nc-0112-01-000036.jpg,nc,0,coast,,0,640,640,S1_20190718_034303_034443_VV_27,S1A_IW_GRDH_1SDV_20190718T034303_20190718T034328_028166_032E76_1ACD.SAFE,2019-07-18T03:43:03
nc-0113-01-000037,nc-0113-01-000037.jpg,images/nc-0113-01-000037.jpg,nc,0,coast,,0,640,640,S1_20190722_154841_155021_VV_9,S1A_IW_GRDH_1SDV_20190722T154841_20190722T154906_028232_033073_EB9B.SAFE,2019-07-22T15:48:41
nc-0114-01-000038,nc-0114-01-000038.jpg,images/nc-0114-01-000038.jpg,nc,0,coast,,0,640,640,S1_20190725_033500_033640_VV_35,S1A_IW_GRDH_1SDV_20190725T033525_20190725T033550_028268_03317E_4073.SAFE,2019-07-25T03:35:00
nc-0115-01-000039,nc-0115-01-000039.jpg,images/nc-0115-01-000039.jpg,nc,0,coast,,0,640,640,S1_20190728_035933_040113_VV_39,S1A_IW_GRDH_1SDV_20190728T040048_20190728T040113_028312_0332E7_4BE5.SAFE;S1A_IW_GRDH_1SDV_20190728T040023_20190728T040048_028312_0332E7_D2BD.SAFE,2019-07-28T03:59:33
nc-0116-01-000040,nc-0116-01-000040.jpg,images/nc-0116-01-000040.jpg,nc,0,coast,,0,640,640,S1_20190804_035123_035304_VV_22,S1A_IW_GRDH_1SDV_20190804T035123_20190804T035148_028414_0335FE_853E.SAFE,2019-08-04T03:51:23
nc-0117-01-000041,nc-0117-01-000041.jpg,images/nc-0117-01-000041.jpg,nc,0,coast,,0,640,640,S1_20190806_033501_033641_VV_24,S1A_IW_GRDH_1SDV_20190806T033501_20190806T033526_028443_0336DB_6632.SAFE,2019-08-06T03:35:01
nc-0118-01-000042,nc-0118-01-000042.jpg,images/nc-0118-01-000042.jpg,nc,0,coast,,0,640,640,S1_20190812_033415_033555_VV_32,S1B_IW_GRDH_1SDV_20190812T033440_20190812T033505_017547_020FFE_79B0.SAFE,2019-08-12T03:34:15
nc-0119-01-000043,nc-0119-01-000043.jpg,images/nc-0119-01-000043.jpg,nc,0,coast,,0,640,640,S1_20190815_154843_155023_VV_63,S1A_IW_GRDH_1SDV_20190815T154843_20190815T154908_028582_033B99_BA95.SAFE,2019-08-15T15:48:43
nc-0120-01-000044,nc-0120-01-000044.jpg,images/nc-0120-01-000044.jpg,nc,0,coast,,0,640,640,S1_20190815_154843_155023_VV_95,S1A_IW_GRDH_1SDV_20190815T154958_20190815T155023_028582_033B99_BECB.SAFE,2019-08-15T15:48:43
nc-0121-01-000045,nc-0121-01-000045.jpg,images/nc-0121-01-000045.jpg,nc,0,coast,,0,640,640,S1_20190817_034225_034405_VV_41,S1B_IW_GRDH_1SDV_20190817T034315_20190817T034340_017620_021260_CC88.SAFE,2019-08-17T03:42:25
nc-0122-01-000046,nc-0122-01-000046.jpg,images/nc-0122-01-000046.jpg,nc,0,coast,,0,640,640,S1_20190822_154015_154155_VV_86,S1A_IW_GRDH_1SDV_20190822T154130_20190822T154155_028684_033F1B_7F0B.SAFE,2019-08-22T15:40:15
nc-0123-01-000047,nc-0123-01-000047.jpg,images/nc-0123-01-000047.jpg,nc,0,coast,,0,640,640,S1_20190823_034305_034445_VV_73,S1A_IW_GRDH_1SDV_20190823T034330_20190823T034355_028691_033F57_A0BF.SAFE,2019-08-23T03:43:05
nc-0124-01-000048,nc-0124-01-000048.jpg,images/nc-0124-01-000048.jpg,nc,0,coast,,0,640,640,S1_20190827_154843_155023_VV_44,S1A_IW_GRDH_1SDV_20190827T154843_20190827T154908_028757_0341B2_CC65.SAFE,2019-08-27T15:48:43
nc-0125-01-000049,nc-0125-01-000049.jpg,images/nc-0125-01-000049.jpg,nc,0,coast,,0,640,640,S1_20190830_033502_033642_VV_45,S1A_IW_GRDH_1SDV_20190830T033527_20190830T033552_028793_0342F2_73EE.SAFE,2019-08-30T03:35:02
nc-0126-01-000050,nc-0126-01-000050.jpg,images/nc-0126-01-000050.jpg,nc,0,coast,,0,640,640,S1_20190902_154753_154933_VV_17,S1B_IW_GRDH_1SDV_20190902T154818_20190902T154843_017861_0219CE_E6A5.SAFE,2019-09-02T15:47:53
nc-0127-01-000051,nc-0127-01-000051.jpg,images/nc-0127-01-000051.jpg,nc,0,coast,,0,640,640,S1_20190905_033416_033556_VV_38,S1B_IW_GRDH_1SDV_20190905T033441_20190905T033506_017897_021AE1_97C9.SAFE,2019-09-05T03:34:16
nc-0128-01-000052,nc-0128-01-000052.jpg,images/nc-0128-01-000052.jpg,nc,0,coast,,0,640,640,S1_20190909_035125_035306_VV_60,S1A_IW_GRDH_1SDV_20190909T035125_20190909T035150_028939_034806_F874.SAFE,2019-09-09T03:51:25
nc-0129-01-000053,nc-0129-01-000053.jpg,images/nc-0129-01-000053.jpg,nc,0,coast,,0,640,640,S1_20190909_035125_035306_VV_81,S1A_IW_GRDH_1SDV_20190909T035240_20190909T035306_028939_034806_3EC4.SAFE,2019-09-09T03:51:25
nc-0130-01-000054,nc-0130-01-000054.jpg,images/nc-0130-01-000054.jpg,nc,0,coast,,0,640,640,S1_20190920_154844_155024_VV_23,S1A_IW_GRDH_1SDV_20190920T154844_20190920T154909_029107_034DCE_58F5.SAFE,2019-09-20T15:48:44
nc-0131-01-000055,nc-0131-01-000055.jpg,images/nc-0131-01-000055.jpg,nc,0,coast,,0,640,640,S1_20190921_035125_035307_VV_60,S1A_IW_GRDH_1SDV_20190921T035125_20190921T035150_029114_034E08_0160.SAFE,2019-09-21T03:51:25
nc-0132-01-000056,nc-0132-01-000056.jpg,images/nc-0132-01-000056.jpg,nc,0,coast,,0,640,640,S1_20191003_035126_035307_VV_126,S1A_IW_GRDH_1SDV_20191003T035241_20191003T035307_029289_035408_5AB5.SAFE,2019-10-03T03:51:26
nc-0133-01-000057,nc-0133-01-000057.jpg,images/nc-0133-01-000057.jpg,nc,0,coast,,0,640,640,S1_20191010_034306_034446_VV_50,S1A_IW_GRDH_1SDV_20191010T034331_20191010T034356_029391_035788_7CA8.SAFE,2019-10-10T03:43:06
nc-0134-01-000058,nc-0134-01-000058.jpg,images/nc-0134-01-000058.jpg,nc,0,coast,,0,640,640,S1_20191011_033417_033557_VV_53,S1B_IW_GRDH_1SDV_20191011T033417_20191011T033442_018422_022B37_2023.SAFE,2019-10-11T03:34:17
nc-0135-01-000059,nc-0135-01-000059.jpg,images/nc-0135-01-000059.jpg,nc,0,coast,,0,640,640,S1_20191014_154845_155025_VV_107,S1A_IW_GRDH_1SDV_20191014T155000_20191014T155025_029457_0359DE_FB77.SAFE,2019-10-14T15:48:45
nc-0136-01-000060,nc-0136-01-000060.jpg,images/nc-0136-01-000060.jpg,nc,0,coast,,0,640,640,S1_20191016_034227_034407_VV_61,S1B_IW_GRDH_1SDV_20191016T034227_20191016T034252_018495_022D96_DFD2.SAFE,2019-10-16T03:42:27
nc-0137-01-000061,nc-0137-01-000061.jpg,images/nc-0137-01-000061.jpg,nc,0,coast,,0,640,640,S1_20191016_034227_034407_VV_90,S1B_IW_GRDH_1SDV_20191016T034252_20191016T034317_018495_022D96_AE2A.SAFE,2019-10-16T03:42:27
nc-0138-01-000062,nc-0138-01-000062.jpg,images/nc-0138-01-000062.jpg,nc,0,coast,,0,640,640,S1_20191022_034306_034446_VV_58,S1A_IW_GRDH_1SDV_20191022T034331_20191022T034356_029566_035D93_9262.SAFE,2019-10-22T03:43:06
nc-0139-01-000063,nc-0139-01-000063.jpg,images/nc-0139-01-000063.jpg,nc,0,coast,,0,640,640,S1_20191026_154845_155025_VV_6,S1A_IW_GRDH_1SDV_20191026T154845_20191026T154910_029632_035FDD_29A5.SAFE,2019-10-26T15:48:45
nc-0140-01-000064,nc-0140-01-000064.jpg,images/nc-0140-01-000064.jpg,nc,0,coast,,0,640,640,S1_20191028_034227_034407_VV_119,S1B_IW_GRDH_1SDV_20191028T034252_20191028T034317_018670_0232F7_237B.SAFE,2019-10-28T03:42:27
nc-0141-01-000065,nc-0141-01-000065.jpg,images/nc-0141-01-000065.jpg,nc,0,coast,,0,640,640,S1_20191028_034227_034407_VV_69,S1B_IW_GRDH_1SDV_20191028T034227_20191028T034252_018670_0232F7_69C9.SAFE,2019-10-28T03:42:27
nc-0142-01-000066,nc-0142-01-000066.jpg,images/nc-0142-01-000066.jpg,nc,0,coast,,0,640,640,S1_20191104_033417_033557_VV_8,S1B_IW_GRDH_1SDV_20191104T033417_20191104T033442_018772_02361B_C2FF.SAFE,2019-11-04T03:34:17
nc-0143-01-000067,nc-0143-01-000067.jpg,images/nc-0143-01-000067.jpg,nc,0,coast,,0,640,640,S1_20191121_034227_034407_VV_175,S1B_IW_GRDH_1SDV_20191121T034317_20191121T034342_019020_023E45_5CFB.SAFE,2019-11-21T03:42:27
nc-0144-01-000068,nc-0144-01-000068.jpg,images/nc-0144-01-000068.jpg,nc,0,coast,,0,640,640,S1_20191126_035049_035228_VV_44,S1B_IW_GRDH_1SDV_20191126T035049_20191126T035114_019093_024085_A0F3.SAFE,2019-11-26T03:50:49
nc-0145-01-000069,nc-0145-01-000069.jpg,images/nc-0145-01-000069.jpg,nc,0,coast,,0,640,640,S1_20191201_035859_040038_VV_27,S1B_IW_GRDH_1SDV_20191201T035949_20191201T040014_019166_0242DD_8737.SAFE,2019-12-01T03:58:59
nc-0146-01-000070,nc-0146-01-000070.jpg,images/nc-0146-01-000070.jpg,nc,0,coast,,0,640,640,S1_20191204_033502_033642_VV_186,S1A_IW_GRDH_1SDV_20191204T033527_20191204T033552_030193_037365_FE53.SAFE,2019-12-04T03:35:02
nc-0147-01-000071,nc-0147-01-000071.jpg,images/nc-0147-01-000071.jpg,nc,0,coast,,0,640,640,S1_20191207_154754_154934_VV_115,S1B_IW_GRDH_1SDV_20191207T154754_20191207T154819_019261_0245D7_1E9F.SAFE,2019-12-07T15:47:54
nc-0148-01-000072,nc-0148-01-000072.jpg,images/nc-0148-01-000072.jpg,nc,0,coast,,0,640,640,S1_20191207_154754_154934_VV_51,S1B_IW_GRDH_1SDV_20191207T154754_20191207T154819_019261_0245D7_1E9F.SAFE,2019-12-07T15:47:54
nc-0149-01-000073,nc-0149-01-000073.jpg,images/nc-0149-01-000073.jpg,nc,0,coast,,0,640,640,S1_20191210_033417_033557_VV_112,S1B_IW_GRDH_1SDV_20191210T033417_20191210T033442_019297_0246F2_3699.SAFE,2019-12-10T03:34:17
nc-0150-01-000074,nc-0150-01-000074.jpg,images/nc-0150-01-000074.jpg,nc,0,coast,,0,640,640,S1_20191210_033417_033557_VV_66,S1B_IW_GRDH_1SDV_20191210T033417_20191210T033442_019297_0246F2_3699.SAFE,2019-12-10T03:34:17
nc-0151-01-000075,nc-0151-01-000075.jpg,images/nc-0151-01-000075.jpg,nc,0,coast,,0,640,640,S1_20191213_154844_155024_VV_105,S1A_IW_GRDH_1SDV_20191213T154844_20191213T154909_030332_03783C_3747.SAFE,2019-12-13T15:48:44
nc-0152-01-000076,nc-0152-01-000076.jpg,images/nc-0152-01-000076.jpg,nc,0,coast,,0,640,640,S1_20191215_034226_034406_VV_69,S1B_IW_GRDH_1SDV_20191215T034251_20191215T034316_019370_024965_FD00.SAFE,2019-12-15T03:42:26
nc-0153-01-000077,nc-0153-01-000077.jpg,images/nc-0153-01-000077.jpg,nc,0,coast,,0,640,640,S1_20191216_033502_033642_VV_153,S1A_IW_GRDH_1SDV_20191216T033527_20191216T033552_030368_037971_A81F.SAFE,2019-12-16T03:35:02
nc-0154-01-000078,nc-0154-01-000078.jpg,images/nc-0154-01-000078.jpg,nc,0,coast,,0,640,640,S1_20191218_155645_155825_VV_75,S1A_IW_GRDH_1SDV_20191218T155710_20191218T155735_030405_037AC0_C384.SAFE,2019-12-18T15:56:45
nc-0155-01-000079,nc-0155-01-000079.jpg,images/nc-0155-01-000079.jpg,nc,0,coast,,0,640,640,S1_20191220_154015_154155_VV_258,S1A_IW_GRDH_1SDV_20191220T154130_20191220T154155_030434_037BB3_2D8A.SAFE,2019-12-20T15:40:15
nc-0156-01-000080,nc-0156-01-000080.jpg,images/nc-0156-01-000080.jpg,nc,0,coast,,0,640,640,S1_20191222_033416_033556_VV_33,S1B_IW_GRDH_1SDV_20191222T033416_20191222T033441_019472_024C83_6FC8.SAFE,2019-12-22T03:34:16
nc-0157-01-000081,nc-0157-01-000081.jpg,images/nc-0157-01-000081.jpg,nc,0,coast,,0,640,640,S1_20191225_154843_155023_VV_95,S1A_IW_GRDH_1SDV_20191225T154933_20191225T154958_030507_037E47_2787.SAFE,2019-12-25T15:48:43
nc-0158-01-000082,nc-0158-01-000082.jpg,images/nc-0158-01-000082.jpg,nc,0,coast,,0,640,640,S1_20191228_033502_033642_VV_136,S1A_IW_GRDH_1SDV_20191228T033527_20191228T033552_030543_037F75_6668.SAFE,2019-12-28T03:35:02
nc-0159-01-000083,nc-0159-01-000083.jpg,images/nc-0159-01-000083.jpg,nc,0,coast,,0,640,640,S1_20191228_033502_033642_VV_152,S1A_IW_GRDH_1SDV_20191228T033527_20191228T033552_030543_037F75_6668.SAFE,2019-12-28T03:35:02
nc-0160-01-000084,nc-0160-01-000084.jpg,images/nc-0160-01-000084.jpg,nc,0,coast,,0,640,640,S1_20191230_155645_155825_VV_198,S1A_IW_GRDH_1SDV_20191230T155710_20191230T155735_030580_0380C4_976A.SAFE,2019-12-30T15:56:45
nc-0161-02-000001,nc-0161-02-000001.jpg,images/nc-0161-02-000001.jpg,nc,0,coast,,0,640,640,S1_20190101_034235_034350_VV_68,S1B_IW_GRDH_1SDV_20190101T034235_20190101T034300_014295_01A97E_458A.SAFE,2019-01-01T03:42:35
nc-0162-02-000002,nc-0162-02-000002.jpg,images/nc-0162-02-000002.jpg,nc,0,coast,,0,640,640,S1_20190105_154746_154926_VV_9,S1B_IW_GRDH_1SDV_20190105T154746_20190105T154811_014361_01AB8D_D8C0.SAFE,2019-01-05T15:47:46
nc-0163-02-000003,nc-0163-02-000003.jpg,images/nc-0163-02-000003.jpg,nc,0,coast,,0,640,640,S1_20190113_034235_034350_VV_25,S1B_IW_GRDH_1SDV_20190113T034235_20190113T034300_014470_01AF20_B0E8.SAFE,2019-01-13T03:42:35
nc-0164-02-000004,nc-0164-02-000004.jpg,images/nc-0164-02-000004.jpg,nc,0,coast,,0,640,640,S1_20190124_035117_035258_VV_6,S1A_IW_GRDH_1SDV_20190124T035117_20190124T035142_025614_02D7E5_2D5A.SAFE,2019-01-24T03:51:17
nc-0165-02-000005,nc-0165-02-000005.jpg,images/nc-0165-02-000005.jpg,nc,0,coast,,0,640,640,S1_20190129_154746_154926_VV_80,S1B_IW_GRDH_1SDV_20190129T154901_20190129T154926_014711_01B6D1_9644.SAFE,2019-01-29T15:47:46
nc-0166-02-000006,nc-0166-02-000006.jpg,images/nc-0166-02-000006.jpg,nc,0,coast,,0,640,640,S1_20190205_035116_035258_VV_63,S1A_IW_GRDH_1SDV_20190205T035231_20190205T035258_025789_02DE41_06AE.SAFE,2019-02-05T03:51:16
nc-0167-02-000007,nc-0167-02-000007.jpg,images/nc-0167-02-000007.jpg,nc,0,coast,,0,640,640,S1_20190206_034234_034349_VV_38,S1B_IW_GRDH_1SDV_20190206T034324_20190206T034349_014820_01BA76_500C.SAFE,2019-02-06T03:42:34
nc-0168-02-000008,nc-0168-02-000008.jpg,images/nc-0168-02-000008.jpg,nc,0,coast,,0,640,640,S1_20190211_035040_035219_VV_40,S1B_IW_GRDH_1SDV_20190211T035040_20190211T035105_014893_01BCCD_3B74.SAFE,2019-02-11T03:50:40
nc-0169-02-000009,nc-0169-02-000009.jpg,images/nc-0169-02-000009.jpg,nc,0,coast,,0,640,640,S1_20190218_153220_153335_VV_209,S1A_IW_GRDH_1SDV_20190218T153310_20190218T153335_025986_02E530_36A3.SAFE,2019-02-18T15:32:20
nc-0170-02-000010,nc-0170-02-000010.jpg,images/nc-0170-02-000010.jpg,nc,0,coast,,0,640,640,S1_20190222_154745_154925_VV_0,S1B_IW_GRDH_1SDV_20190222T154745_20190222T154810_015061_01C24C_A9EC.SAFE,2019-02-22T15:47:45
nc-0171-02-000011,nc-0171-02-000011.jpg,images/nc-0171-02-000011.jpg,nc,0,coast,,0,640,640,S1_20190308_034257_034437_VV_79,S1A_IW_GRDH_1SDV_20190308T034322_20190308T034347_026241_02EE61_CABA.SAFE,2019-03-08T03:42:57
nc-0172-02-000012,nc-0172-02-000012.jpg,images/nc-0172-02-000012.jpg,nc,0,coast,,0,640,640,S1_20190308_153127_153307_VV_384,S1B_IW_GRDH_1SDV_20190308T153242_20190308T153307_015265_01C8FF_79CB.SAFE,2019-03-08T15:31:27
nc-0173-02-000013,nc-0173-02-000013.jpg,images/nc-0173-02-000013.jpg,nc,0,coast,,0,640,640,S1_20190313_035116_035258_VV_23,S1A_IW_GRDH_1SDV_20190313T035116_20190313T035141_026314_02F112_0450.SAFE,2019-03-13T03:51:16
nc-0174-02-000014,nc-0174-02-000014.jpg,images/nc-0174-02-000014.jpg,nc,0,coast,,0,640,640,S1_20190320_153127_153307_VV_344,S1B_IW_GRDH_1SDV_20190320T153217_20190320T153242_015440_01CEAD_0499.SAFE,2019-03-20T15:31:27
nc-0175-02-000015,nc-0175-02-000015.jpg,images/nc-0175-02-000015.jpg,nc,0,coast,,0,640,640,S1_20190321_033408_033548_VV_25,S1B_IW_GRDH_1SDV_20190321T033408_20190321T033433_015447_01CEE6_0635.SAFE,2019-03-21T03:34:08
nc-0176-02-000016,nc-0176-02-000016.jpg,images/nc-0176-02-000016.jpg,nc,0,coast,,0,640,640,S1_20190324_154836_155016_VV_100,S1A_IW_GRDH_1SDV_20190324T154951_20190324T155016_026482_02F74C_6262.SAFE,2019-03-24T15:48:36
nc-0177-02-000017,nc-0177-02-000017.jpg,images/nc-0177-02-000017.jpg,nc,0,coast,,0,640,640,S1_20190405_154836_155016_VV_131,S1A_IW_GRDH_1SDV_20190405T154951_20190405T155016_026657_02FDC3_09ED.SAFE,2019-04-05T15:48:36
nc-0178-02-000018,nc-0178-02-000018.jpg,images/nc-0178-02-000018.jpg,nc,0,coast,,0,640,640,S1_20190405_154836_155016_VV_93,S1A_IW_GRDH_1SDV_20190405T154926_20190405T154951_026657_02FDC3_6F15.SAFE,2019-04-05T15:48:36
nc-0179-02-000019,nc-0179-02-000019.jpg,images/nc-0179-02-000019.jpg,nc,0,coast,,0,640,640,S1_20190407_034234_034349_VV_70,S1B_IW_GRDH_1SDV_20190407T034324_20190407T034349_015695_01D728_35B4.SAFE,2019-04-07T03:42:34
nc-0180-02-000020,nc-0180-02-000020.jpg,images/nc-0180-02-000020.jpg,nc,0,coast,,0,640,640,S1_20190411_154746_154926_VV_110,S1B_IW_GRDH_1SDV_20190411T154901_20190411T154926_015761_01D947_4210.SAFE,2019-04-11T15:47:46
nc-0181-02-000021,nc-0181-02-000021.jpg,images/nc-0181-02-000021.jpg,nc,0,coast,,0,640,640,S1_20190412_154008_154148_VV_23,S1A_IW_GRDH_1SDV_20190412T154058_20190412T154123_026759_03016C_594E.SAFE,2019-04-12T15:40:08
nc-0182-02-000022,nc-0182-02-000022.jpg,images/nc-0182-02-000022.jpg,nc,0,coast,,0,640,640,S1_20190413_034257_034437_VV_104,S1A_IW_GRDH_1SDV_20190413T034322_20190413T034347_026766_0301B4_A868.SAFE,2019-04-13T03:42:57
nc-0183-02-000023,nc-0183-02-000023.jpg,images/nc-0183-02-000023.jpg,nc,0,coast,,0,640,640,S1_20190424_035041_035220_VV_107,S1B_IW_GRDH_1SDV_20190424T035156_20190424T035220_015943_01DF52_F8F9.SAFE,2019-04-24T03:50:41
nc-0184-02-000024,nc-0184-02-000024.jpg,images/nc-0184-02-000024.jpg,nc,0,coast,,0,640,640,S1_20190425_034258_034438_VV_100,S1A_IW_GRDH_1SDV_20190425T034348_20190425T034413_026941_030806_FC8B.SAFE,2019-04-25T03:42:58
nc-0185-02-000025,nc-0185-02-000025.jpg,images/nc-0185-02-000025.jpg,nc,0,coast,,0,640,640,S1_20190429_154837_155017_VV_189,S1A_IW_GRDH_1SDV_20190429T154952_20190429T155017_027007_030A73_3AD5.SAFE,2019-04-29T15:48:37
nc-0186-02-000026,nc-0186-02-000026.jpg,images/nc-0186-02-000026.jpg,nc,0,coast,,0,640,640,S1_20190506_035041_035220_VV_104,S1B_IW_GRDH_1SDV_20190506T035041_20190506T035106_016118_01E530_502E.SAFE,2019-05-06T03:50:41
nc-0187-02-000027,nc-0187-02-000027.jpg,images/nc-0187-02-000027.jpg,nc,0,coast,,0,640,640,S1_20190511_154837_155017_VV_140,S1A_IW_GRDH_1SDV_20190511T154952_20190511T155017_027182_031070_90C8.SAFE,2019-05-11T15:48:37
nc-0188-02-000028,nc-0188-02-000028.jpg,images/nc-0188-02-000028.jpg,nc,0,coast,,0,640,640,S1_20190511_154837_155017_VV_174,S1A_IW_GRDH_1SDV_20190511T154927_20190511T154952_027182_031070_998B.SAFE,2019-05-11T15:48:37
nc-0189-02-000029,nc-0189-02-000029.jpg,images/nc-0189-02-000029.jpg,nc,0,coast,,0,640,640,S1_20190518_035042_035221_VV_1,S1B_IW_GRDH_1SDV_20190518T035042_20190518T035107_016293_01EAA1_8EE8.SAFE,2019-05-18T03:50:42
nc-0190-02-000030,nc-0190-02-000030.jpg,images/nc-0190-02-000030.jpg,nc,0,coast,,0,640,640,S1_20190523_154838_155018_VV_315,S1A_IW_GRDH_1SDV_20190523T154953_20190523T155018_027357_0315EA_7A48.SAFE,2019-05-23T15:48:38
nc-0191-02-000031,nc-0191-02-000031.jpg,images/nc-0191-02-000031.jpg,nc,0,coast,,0,640,640,S1_20190524_035119_035300_VV_61,S1A_IW_GRDH_1SDV_20190524T035119_20190524T035144_027364_031625_69C6.SAFE,2019-05-24T03:51:19
nc-0192-02-000032,nc-0192-02-000032.jpg,images/nc-0192-02-000032.jpg,nc,0,coast,,0,640,640,S1_20190604_154838_155018_VV_91,S1A_IW_GRDH_1SDV_20190604T154953_20190604T155018_027532_031B5A_8B9B.SAFE,2019-06-04T15:48:38
nc-0193-02-000033,nc-0193-02-000033.jpg,images/nc-0193-02-000033.jpg,nc,0,coast,,0,640,640,S1_20190610_154748_154928_VV_82,S1B_IW_GRDH_1SDV_20190610T154903_20190610T154928_016636_01F4FD_9997.SAFE,2019-06-10T15:47:48
nc-0194-02-000034,nc-0194-02-000034.jpg,images/nc-0194-02-000034.jpg,nc,0,coast,,0,640,640,S1_20190702_160409_160549_VV_2,S1B_IW_GRDH_1SDV_20190702T160434_20190702T160459_016957_01FE80_B1B5.SAFE,2019-07-02T16:04:09
nc-0195-02-000035,nc-0195-02-000035.jpg,images/nc-0195-02-000035.jpg,nc,0,coast,,0,640,640,S1_20190705_154012_154152_VV_42,S1A_IW_GRDH_1SDV_20190705T154127_20190705T154152_027984_0328EF_A372.SAFE;S1A_IW_GRDH_1SDV_20190705T154102_20190705T154127_027984_0328EF_8C32.SAFE,2019-07-05T15:40:12
nc-0196-02-000036,nc-0196-02-000036.jpg,images/nc-0196-02-000036.jpg,nc,0,coast,,0,640,640,S1_20190725_033500_033640_VV_17,S1A_IW_GRDH_1SDV_20190725T033500_20190725T033525_028268_03317E_1B90.SAFE,2019-07-25T03:35:00
nc-0197-02-000037,nc-0197-02-000037.jpg,images/nc-0197-02-000037.jpg,nc,0,coast,,0,640,640,S1_20190729_035046_035225_VV_8,S1B_IW_GRDH_1SDV_20190729T035046_20190729T035111_017343_0209D6_0255.SAFE,2019-07-29T03:50:46
nc-0198-02-000038,nc-0198-02-000038.jpg,images/nc-0198-02-000038.jpg,nc,0,coast,,0,640,640,S1_20190730_034303_034443_VV_47,S1A_IW_GRDH_1SDV_20190730T034303_20190730T034328_028341_0333D2_2F03.SAFE,2019-07-30T03:43:03
nc-0199-02-000039,nc-0199-02-000039.jpg,images/nc-0199-02-000039.jpg,nc,0,coast,,0,640,640,S1_20190730_153133_153313_VV_491,S1B_IW_GRDH_1SDV_20190730T153223_20190730T153248_017365_020A74_A71C.SAFE,2019-07-30T15:31:33
nc-0200-02-000040,nc-0200-02-000040.jpg,images/nc-0200-02-000040.jpg,nc,0,coast,,0,640,640,S1_20190805_034224_034404_VV_58,S1B_IW_GRDH_1SDV_20190805T034249_20190805T034314_017445_020CF7_94B6.SAFE,2019-08-05T03:42:24
nc-0201-02-000041,nc-0201-02-000041.jpg,images/nc-0201-02-000041.jpg,nc,0,coast,,0,640,640,S1_20190806_033501_033641_VV_38,S1A_IW_GRDH_1SDV_20190806T033526_20190806T033551_028443_0336DB_14D4.SAFE,2019-08-06T03:35:01
nc-0202-02-000042,nc-0202-02-000042.jpg,images/nc-0202-02-000042.jpg,nc,0,coast,,0,640,640,S1_20190828_153950_154105_VV_24,S1B_IW_GRDH_1SDV_20190828T154015_20190828T154040_017788_02179A_FD13.SAFE,2019-08-28T15:39:50
nc-0203-02-000043,nc-0203-02-000043.jpg,images/nc-0203-02-000043.jpg,nc,0,coast,,0,640,640,S1_20190903_154015_154155_VV_15,S1A_IW_GRDH_1SDV_20190903T154040_20190903T154105_028859_034535_9212.SAFE,2019-09-03T15:40:15
nc-0204-02-000044,nc-0204-02-000044.jpg,images/nc-0204-02-000044.jpg,nc,0,coast,,0,640,640,S1_20190904_034305_034445_VV_35,S1A_IW_GRDH_1SDV_20190904T034305_20190904T034330_028866_034579_1C4E.SAFE,2019-09-04T03:43:05
nc-0205-02-000045,nc-0205-02-000045.jpg,images/nc-0205-02-000045.jpg,nc,0,coast,,0,640,640,S1_20190905_033416_033556_VV_28,S1B_IW_GRDH_1SDV_20190905T033441_20190905T033506_017897_021AE1_97C9.SAFE,2019-09-05T03:34:16
nc-0206-02-000046,nc-0206-02-000046.jpg,images/nc-0206-02-000046.jpg,nc,0,coast,,0,640,640,S1_20190916_034306_034446_VV_69,S1A_IW_GRDH_1SDV_20190916T034421_20190916T034446_029041_034B8F_8FE6.SAFE,2019-09-16T03:43:06
nc-0207-02-000047,nc-0207-02-000047.jpg,images/nc-0207-02-000047.jpg,nc,0,coast,,0,640,640,S1_20190927_035049_035228_VV_9,S1B_IW_GRDH_1SDV_20190927T035049_20190927T035114_018218_0224DC_62D9.SAFE,2019-09-27T03:50:49
nc-0208-02-000048,nc-0208-02-000048.jpg,images/nc-0208-02-000048.jpg,nc,0,coast,,0,640,640,S1_20191008_035936_040116_VV_14,S1A_IW_GRDH_1SDV_20191008T035936_20191008T040001_029362_03568A_4BC2.SAFE,2019-10-08T03:59:36
nc-0209-02-000049,nc-0209-02-000049.jpg,images/nc-0209-02-000049.jpg,nc,0,coast,,0,640,640,S1_20191009_154016_154156_VV_43,S1A_IW_GRDH_1SDV_20191009T154131_20191009T154156_029384_035749_9F6C.SAFE,2019-10-09T15:40:16
nc-0210-02-000050,nc-0210-02-000050.jpg,images/nc-0210-02-000050.jpg,nc,0,coast,,0,640,640,S1_20191014_154845_155025_VV_106,S1A_IW_GRDH_1SDV_20191014T155000_20191014T155025_029457_0359DE_FB77.SAFE,2019-10-14T15:48:45
nc-0211-02-000051,nc-0211-02-000051.jpg,images/nc-0211-02-000051.jpg,nc,0,coast,,0,640,640,S1_20191014_154845_155025_VV_73,S1A_IW_GRDH_1SDV_20191014T154935_20191014T155000_029457_0359DE_42F0.SAFE,2019-10-14T15:48:45
nc-0212-02-000052,nc-0212-02-000052.jpg,images/nc-0212-02-000052.jpg,nc,0,coast,,0,640,640,S1_20191016_034227_034407_VV_39,S1B_IW_GRDH_1SDV_20191016T034227_20191016T034252_018495_022D96_DFD2.SAFE,2019-10-16T03:42:27
nc-0213-02-000053,nc-0213-02-000053.jpg,images/nc-0213-02-000053.jpg,nc,0,coast,,0,640,640,S1_20191021_035049_035228_VV_187,S1B_IW_GRDH_1SDV_20191021T035139_20191021T035204_018568_022FC0_7FCF.SAFE,2019-10-21T03:50:49
nc-0214-02-000054,nc-0214-02-000054.jpg,images/nc-0214-02-000054.jpg,nc,0,coast,,0,640,640,S1_20191022_034306_034446_VV_22,S1A_IW_GRDH_1SDV_20191022T034306_20191022T034331_029566_035D93_C722.SAFE,2019-10-22T03:43:06
nc-0215-02-000055,nc-0215-02-000055.jpg,images/nc-0215-02-000055.jpg,nc,0,coast,,0,640,640,S1_20191022_034306_034446_VV_62,S1A_IW_GRDH_1SDV_20191022T034331_20191022T034356_029566_035D93_9262.SAFE,2019-10-22T03:43:06
nc-0216-02-000056,nc-0216-02-000056.jpg,images/nc-0216-02-000056.jpg,nc,0,coast,,0,640,640,S1_20191026_154845_155025_VV_54,S1A_IW_GRDH_1SDV_20191026T154845_20191026T154910_029632_035FDD_29A5.SAFE,2019-10-26T15:48:45
nc-0217-02-000057,nc-0217-02-000057.jpg,images/nc-0217-02-000057.jpg,nc,0,coast,,0,640,640,S1_20191027_153951_154106_VV_65,S1B_IW_GRDH_1SDV_20191027T154041_20191027T154106_018663_0232BF_0AC1.SAFE,2019-10-27T15:39:51
nc-0218-02-000058,nc-0218-02-000058.jpg,images/nc-0218-02-000058.jpg,nc,0,coast,,0,640,640,S1_20191109_153230_153345_VV_189,S1A_IW_GRDH_1SDV_20191109T153320_20191109T153345_029836_036704_C1E1.SAFE,2019-11-09T15:32:30
nc-0219-02-000059,nc-0219-02-000059.jpg,images/nc-0219-02-000059.jpg,nc,0,coast,,0,640,640,S1_20191113_035936_040116_VV_23,S1A_IW_GRDH_1SDV_20191113T040026_20191113T040051_029887_0368D2_1A62.SAFE,2019-11-13T03:59:36
nc-0220-02-000060,nc-0220-02-000060.jpg,images/nc-0220-02-000060.jpg,nc,0,coast,,0,640,640,S1_20191115_034306_034446_VV_25,S1A_IW_GRDH_1SDV_20191115T034331_20191115T034356_029916_0369D3_4DBE.SAFE,2019-11-15T03:43:06
nc-0221-02-000061,nc-0221-02-000061.jpg,images/nc-0221-02-000061.jpg,nc,0,coast,,0,640,640,S1_20191125_154754_154934_VV_124,S1B_IW_GRDH_1SDV_20191125T154754_20191125T154819_019086_02404F_B4BC.SAFE,2019-11-25T15:47:54
nc-0222-02-000062,nc-0222-02-000062.jpg,images/nc-0222-02-000062.jpg,nc,0,coast,,0,640,640,S1_20191127_034306_034446_VV_41,S1A_IW_GRDH_1SDV_20191127T034306_20191127T034331_030091_036FE7_8035.SAFE,2019-11-27T03:43:06
nc-0223-02-000063,nc-0223-02-000063.jpg,images/nc-0223-02-000063.jpg,nc,0,coast,,0,640,640,S1_20191127_153136_153316_VV_437,S1B_IW_GRDH_1SDV_20191127T153251_20191127T153316_019115_024136_DAF8.SAFE,2019-11-27T15:31:36
nc-0224-02-000064,nc-0224-02-000064.jpg,images/nc-0224-02-000064.jpg,nc,0,coast,,0,640,640,S1_20191127_153136_153316_VV_516,S1B_IW_GRDH_1SDV_20191127T153251_20191127T153316_019115_024136_DAF8.SAFE,2019-11-27T15:31:36
nc-0225-02-000065,nc-0225-02-000065.jpg,images/nc-0225-02-000065.jpg,nc,0,coast,,0,640,640,S1_20191128_033417_033557_VV_73,S1B_IW_GRDH_1SDV_20191128T033417_20191128T033442_019122_024166_7868.SAFE,2019-11-28T03:34:17
nc-0226-02-000066,nc-0226-02-000066.jpg,images/nc-0226-02-000066.jpg,nc,0,coast,,0,640,640,S1_20191207_154754_154934_VV_258,S1B_IW_GRDH_1SDV_20191207T154909_20191207T154934_019261_0245D7_07B0.SAFE,2019-12-07T15:47:54
nc-0227-02-000067,nc-0227-02-000067.jpg,images/nc-0227-02-000067.jpg,nc,0,coast,,0,640,640,S1_20191208_035048_035227_VV_16,S1B_IW_GRDH_1SDV_20191208T035048_20191208T035113_019268_02460F_78B1.SAFE,2019-12-08T03:50:48
nc-0228-02-000068,nc-0228-02-000068.jpg,images/nc-0228-02-000068.jpg,nc,0,coast,,0,640,640,S1_20191214_035125_035306_VV_131,S1A_IW_GRDH_1SDV_20191214T035240_20191214T035306_030339_037875_300E.SAFE,2019-12-14T03:51:25
nc-0229-02-000069,nc-0229-02-000069.jpg,images/nc-0229-02-000069.jpg,nc,0,coast,,0,640,640,S1_20191214_035125_035306_VV_47,S1A_IW_GRDH_1SDV_20191214T035125_20191214T035150_030339_037875_3C8E.SAFE,2019-12-14T03:51:25
nc-0230-02-000070,nc-0230-02-000070.jpg,images/nc-0230-02-000070.jpg,nc,0,coast,,0,640,640,S1_20191220_035048_035227_VV_43,S1B_IW_GRDH_1SDV_20191220T035048_20191220T035113_019443_024BA5_28B4.SAFE,2019-12-20T03:50:48
nc-0231-02-000071,nc-0231-02-000071.jpg,images/nc-0231-02-000071.jpg,nc,0,coast,,0,640,640,S1_20191221_153135_153315_VV_527,S1B_IW_GRDH_1SDV_20191221T153250_20191221T153315_019465_024C52_8DD0.SAFE,2019-12-21T15:31:35
nc-0232-02-000072,nc-0232-02-000072.jpg,images/nc-0232-02-000072.jpg,nc,0,coast,,0,640,640,S1_20191225_035858_040037_VV_45,S1B_IW_GRDH_1SDV_20191225T035948_20191225T040013_019516_024E03_FD65.SAFE,2019-12-25T03:58:58
nc-0233-02-000073,nc-0233-02-000073.jpg,images/nc-0233-02-000073.jpg,nc,0,coast,,0,640,640,S1_20191227_034225_034405_VV_167,S1B_IW_GRDH_1SDV_20191227T034340_20191227T034405_019545_024EF5_DB60.SAFE,2019-12-27T03:42:25
nc-0234-02-000074,nc-0234-02-000074.jpg,images/nc-0234-02-000074.jpg,nc,0,coast,,0,640,640,S1_20191228_033502_033642_VV_586,S1A_IW_GRDH_1SDV_20191228T033502_20191228T033527_030543_037F75_52CE.SAFE,2019-12-28T03:35:02
nc-0235-02-000075,nc-0235-02-000075.jpg,images/nc-0235-02-000075.jpg,nc,0,coast,,0,640,640,S1_20191231_035934_040114_VV_22,S1A_IW_GRDH_1SDV_20191231T035934_20191231T035959_030587_038100_BDB9.SAFE,2019-12-31T03:59:34
nc-0236-03-000001,nc-0236-03-000001.jpg,images/nc-0236-03-000001.jpg,nc,0,coast,,0,640,640,S1_20190118_154008_154148_VV_26,S1A_IW_GRDH_1SDV_20190118T154058_20190118T154123_025534_02D4F3_3A0C.SAFE,2019-01-18T15:40:08
nc-0237-03-000002,nc-0237-03-000002.jpg,images/nc-0237-03-000002.jpg,nc,0,coast,,0,640,640,S1_20190120_033409_033549_VV_4,S1B_IW_GRDH_1SDV_20190120T033409_20190120T033434_014572_01B258_3D3D.SAFE,2019-01-20T03:34:09
nc-0238-03-000003,nc-0238-03-000003.jpg,images/nc-0238-03-000003.jpg,nc,0,coast,,0,640,640,S1_20190130_154007_154147_VV_3,S1A_IW_GRDH_1SDV_20190130T154007_20190130T154032_025709_02DB59_A3E0.SAFE,2019-01-30T15:40:07
nc-0239-03-000004,nc-0239-03-000004.jpg,images/nc-0239-03-000004.jpg,nc,0,coast,,0,640,640,S1_20190201_033408_033548_VV_26,S1B_IW_GRDH_1SDV_20190201T033433_20190201T033458_014747_01B7F6_1FCC.SAFE,2019-02-01T03:34:08
nc-0240-03-000005,nc-0240-03-000005.jpg,images/nc-0240-03-000005.jpg,nc,0,coast,,0,640,640,S1_20190216_154835_155015_VV_34,S1A_IW_GRDH_1SDV_20190216T154950_20190216T155015_025957_02E43B_182C.SAFE,2019-02-16T15:48:35
nc-0241-03-000006,nc-0241-03-000006.jpg,images/nc-0241-03-000006.jpg,nc,0,coast,,0,640,640,S1_20190217_035116_035258_VV_15,S1A_IW_GRDH_1SDV_20190217T035116_20190217T035141_025964_02E473_BCD6.SAFE,2019-02-17T03:51:16
nc-0242-03-000007,nc-0242-03-000007.jpg,images/nc-0242-03-000007.jpg,nc,0,coast,,0,640,640,S1_20190225_033408_033548_VV_33,S1B_IW_GRDH_1SDV_20190225T033433_20190225T033458_015097_01C374_2456.SAFE,2019-02-25T03:34:08
nc-0243-03-000008,nc-0243-03-000008.jpg,images/nc-0243-03-000008.jpg,nc,0,coast,,0,640,640,S1_20190228_154835_155015_VV_79,S1A_IW_GRDH_1SDV_20190228T154950_20190228T155015_026132_02EA77_063D.SAFE,2019-02-28T15:48:35
nc-0244-03-000009,nc-0244-03-000009.jpg,images/nc-0244-03-000009.jpg,nc,0,coast,,0,640,640,S1_20190308_034257_034437_VV_43,S1A_IW_GRDH_1SDV_20190308T034257_20190308T034322_026241_02EE61_4F36.SAFE,2019-03-08T03:42:57
nc-0245-03-000010,nc-0245-03-000010.jpg,images/nc-0245-03-000010.jpg,nc,0,coast,,0,640,640,S1_20190313_035116_035258_VV_7,S1A_IW_GRDH_1SDV_20190313T035116_20190313T035141_026314_02F112_0450.SAFE,2019-03-13T03:51:16
nc-0246-03-000011,nc-0246-03-000011.jpg,images/nc-0246-03-000011.jpg,nc,0,coast,,0,640,640,S1_20190413_034257_034437_VV_48,S1A_IW_GRDH_1SDV_20190413T034257_20190413T034322_026766_0301B4_A807.SAFE,2019-04-13T03:42:57
nc-0247-03-000012,nc-0247-03-000012.jpg,images/nc-0247-03-000012.jpg,nc,0,coast,,0,640,640,S1_20190423_154746_154926_VV_167,S1B_IW_GRDH_1SDV_20190423T154901_20190423T154926_015936_01DF14_58C2.SAFE,2019-04-23T15:47:46
nc-0248-03-000013,nc-0248-03-000013.jpg,images/nc-0248-03-000013.jpg,nc,0,coast,,0,640,640,S1_20190425_034258_034438_VV_45,S1A_IW_GRDH_1SDV_20190425T034258_20190425T034323_026941_030806_D45F.SAFE,2019-04-25T03:42:58
nc-0249-03-000014,nc-0249-03-000014.jpg,images/nc-0249-03-000014.jpg,nc,0,coast,,0,640,640,S1_20190425_034258_034438_VV_7,S1A_IW_GRDH_1SDV_20190425T034258_20190425T034323_026941_030806_D45F.SAFE,2019-04-25T03:42:58
nc-0250-03-000015,nc-0250-03-000015.jpg,images/nc-0250-03-000015.jpg,nc,0,coast,,0,640,640,S1_20190512_153943_154058_VV_37,S1B_IW_GRDH_1SDV_20190512T154033_20190512T154058_016213_01E833_AEAB.SAFE,2019-05-12T15:39:43
nc-0251-03-000016,nc-0251-03-000016.jpg,images/nc-0251-03-000016.jpg,nc,0,coast,,0,640,640,S1_20190513_153222_153337_VV_210,S1A_IW_GRDH_1SDV_20190513T153312_20190513T153337_027211_03114D_1AE8.SAFE,2019-05-13T15:32:22
nc-0252-03-000017,nc-0252-03-000017.jpg,images/nc-0252-03-000017.jpg,nc,0,coast,,0,640,640,S1_20190523_154838_155018_VV_159,S1A_IW_GRDH_1SDV_20190523T154953_20190523T155018_027357_0315EA_7A48.SAFE,2019-05-23T15:48:38
nc-0253-03-000018,nc-0253-03-000018.jpg,images/nc-0253-03-000018.jpg,nc,0,coast,,0,640,640,S1_20190529_154748_154928_VV_50,S1B_IW_GRDH_1SDV_20190529T154903_20190529T154928_016461_01EFC4_CD23.SAFE,2019-05-29T15:47:48
nc-0254-03-000019,nc-0254-03-000019.jpg,images/nc-0254-03-000019.jpg,nc,0,coast,,0,640,640,S1_20190530_154010_154150_VV_40,S1A_IW_GRDH_1SDV_20190530T154125_20190530T154150_027459_031913_1260.SAFE,2019-05-30T15:40:10
nc-0255-03-000020,nc-0255-03-000020.jpg,images/nc-0255-03-000020.jpg,nc,0,coast,,0,640,640,S1_20190610_154748_154928_VV_2,S1B_IW_GRDH_1SDV_20190610T154748_20190610T154813_016636_01F4FD_BBE4.SAFE,2019-06-10T15:47:48
nc-0256-03-000021,nc-0256-03-000021.jpg,images/nc-0256-03-000021.jpg,nc,0,coast,,0,640,640,S1_20190612_034300_034440_VV_54,S1A_IW_GRDH_1SDV_20190612T034300_20190612T034325_027641_031EA9_7D1B.SAFE,2019-06-12T03:43:00
nc-0257-03-000022,nc-0257-03-000022.jpg,images/nc-0257-03-000022.jpg,nc,0,coast,,0,640,640,S1_20190617_035120_035301_VV_45,S1A_IW_GRDH_1SDV_20190617T035120_20190617T035145_027714_0320D5_DE52.SAFE,2019-06-17T03:51:20
nc-0258-03-000023,nc-0258-03-000023.jpg,images/nc-0258-03-000023.jpg,nc,0,coast,,0,640,640,S1_20190623_035044_035223_VV_9,S1B_IW_GRDH_1SDV_20190623T035044_20190623T035109_016818_01FA62_8090.SAFE,2019-06-23T03:50:44
nc-0259-03-000024,nc-0259-03-000024.jpg,images/nc-0259-03-000024.jpg,nc,0,coast,,0,640,640,S1_20190710_154840_155020_VV_24,S1A_IW_GRDH_1SDV_20190710T154955_20190710T155020_028057_032B2E_84B8.SAFE,2019-07-10T15:48:40
nc-0260-03-000025,nc-0260-03-000025.jpg,images/nc-0260-03-000025.jpg,nc,0,coast,,0,640,640,S1_20190712_153225_153340_VV_218,S1A_IW_GRDH_1SDV_20190712T153315_20190712T153340_028086_032BFC_F83C.SAFE,2019-07-12T15:32:25
nc-0261-03-000026,nc-0261-03-000026.jpg,images/nc-0261-03-000026.jpg,nc,0,coast,,0,640,640,S1_20190730_034303_034443_VV_26,S1A_IW_GRDH_1SDV_20190730T034303_20190730T034328_028341_0333D2_2F03.SAFE,2019-07-30T03:43:03
nc-0262-03-000027,nc-0262-03-000027.jpg,images/nc-0262-03-000027.jpg,nc,0,coast,,0,640,640,S1_20190803_154842_155022_VV_17,S1A_IW_GRDH_1SDV_20190803T154957_20190803T155022_028407_0335C8_509F.SAFE,2019-08-03T15:48:42
nc-0263-03-000028,nc-0263-03-000028.jpg,images/nc-0263-03-000028.jpg,nc,0,coast,,0,640,640,S1_20190822_154015_154155_VV_27,S1A_IW_GRDH_1SDV_20190822T154105_20190822T154130_028684_033F1B_0C45.SAFE,2019-08-22T15:40:15
nc-0264-03-000029,nc-0264-03-000029.jpg,images/nc-0264-03-000029.jpg,nc,0,coast,,0,640,640,S1_20190904_034305_034445_VV_77,S1A_IW_GRDH_1SDV_20190904T034355_20190904T034420_028866_034579_B50C.SAFE,2019-09-04T03:43:05
nc-0265-03-000030,nc-0265-03-000030.jpg,images/nc-0265-03-000030.jpg,nc,0,coast,,0,640,640,S1_20190911_033502_033642_VV_14,S1A_IW_GRDH_1SDV_20190911T033502_20190911T033527_028968_034906_67B4.SAFE,2019-09-11T03:35:02
nc-0266-03-000031,nc-0266-03-000031.jpg,images/nc-0266-03-000031.jpg,nc,0,coast,,0,640,640,S1_20190926_035936_040116_VV_166,S1A_IW_GRDH_1SDV_20190926T040051_20190926T040116_029187_035080_972D.SAFE,2019-09-26T03:59:36
nc-0267-03-000032,nc-0267-03-000032.jpg,images/nc-0267-03-000032.jpg,nc,0,coast,,0,640,640,S1_20190926_154755_154935_VV_126,S1B_IW_GRDH_1SDV_20190926T154910_20190926T154935_018211_0224A2_D216.SAFE,2019-09-26T15:47:55
nc-0268-03-000033,nc-0268-03-000033.jpg,images/nc-0268-03-000033.jpg,nc,0,coast,,0,640,640,S1_20191005_033503_033643_VV_51,S1A_IW_GRDH_1SDV_20191005T033528_20191005T033553_029318_035507_EA56.SAFE,2019-10-05T03:35:03
nc-0269-03-000034,nc-0269-03-000034.jpg,images/nc-0269-03-000034.jpg,nc,0,coast,,0,640,640,S1_20191009_154016_154156_VV_8,S1A_IW_GRDH_1SDV_20191009T154106_20191009T154131_029384_035749_F128.SAFE,2019-10-09T15:40:16
nc-0270-03-000035,nc-0270-03-000035.jpg,images/nc-0270-03-000035.jpg,nc,0,coast,,0,640,640,S1_20191020_035936_040116_VV_8,S1A_IW_GRDH_1SDV_20191020T035936_20191020T040001_029537_035C98_C027.SAFE,2019-10-20T03:59:36
nc-0271-03-000036,nc-0271-03-000036.jpg,images/nc-0271-03-000036.jpg,nc,0,coast,,0,640,640,S1_20191021_154016_154156_VV_45,S1A_IW_GRDH_1SDV_20191021T154131_20191021T154156_029559_035D56_1CD1.SAFE,2019-10-21T15:40:16
nc-0272-03-000037,nc-0272-03-000037.jpg,images/nc-0272-03-000037.jpg,nc,0,coast,,0,640,640,S1_20191102_154017_154157_VV_24,S1A_IW_GRDH_1SDV_20191102T154107_20191102T154132_029734_036369_FE5F.SAFE,2019-11-02T15:40:17
nc-0273-03-000038,nc-0273-03-000038.jpg,images/nc-0273-03-000038.jpg,nc,0,coast,,0,640,640,S1_20191104_033417_033557_VV_67,S1B_IW_GRDH_1SDV_20191104T033442_20191104T033507_018772_02361B_B144.SAFE,2019-11-04T03:34:17
nc-0274-03-000039,nc-0274-03-000039.jpg,images/nc-0274-03-000039.jpg,nc,0,coast,,0,640,640,S1_20191107_154845_155025_VV_11,S1A_IW_GRDH_1SDV_20191107T154935_20191107T155000_029807_03660E_C039.SAFE,2019-11-07T15:48:45
nc-0275-03-000040,nc-0275-03-000040.jpg,images/nc-0275-03-000040.jpg,nc,0,coast,,0,640,640,S1_20191107_154845_155025_VV_6,S1A_IW_GRDH_1SDV_20191107T154935_20191107T155000_029807_03660E_C039.SAFE,2019-11-07T15:48:45
nc-0276-03-000041,nc-0276-03-000041.jpg,images/nc-0276-03-000041.jpg,nc,0,coast,,0,640,640,S1_20191109_034227_034407_VV_54,S1B_IW_GRDH_1SDV_20191109T034252_20191109T034317_018845_0238A3_587D.SAFE,2019-11-09T03:42:27
nc-0277-03-000042,nc-0277-03-000042.jpg,images/nc-0277-03-000042.jpg,nc,0,coast,,0,640,640,S1_20191115_034306_034446_VV_13,S1A_IW_GRDH_1SDV_20191115T034306_20191115T034331_029916_0369D3_7586.SAFE,2019-11-15T03:43:06
nc-0278-03-000043,nc-0278-03-000043.jpg,images/nc-0278-03-000043.jpg,nc,0,coast,,0,640,640,S1_20191120_035126_035307_VV_119,S1A_IW_GRDH_1SDV_20191120T035241_20191120T035307_029989_036C5B_5AE1.SAFE,2019-11-20T03:51:26
nc-0279-03-000044,nc-0279-03-000044.jpg,images/nc-0279-03-000044.jpg,nc,0,coast,,0,640,640,S1_20191128_033417_033557_VV_594,S1B_IW_GRDH_1SDV_20191128T033442_20191128T033507_019122_024166_116F.SAFE,2019-11-28T03:34:17
nc-0280-04-000001,nc-0280-04-000001.jpg,images/nc-0280-04-000001.jpg,nc,0,coast,,0,640,640,S1_20190103_160406_160546_VV_6,S1B_IW_GRDH_1SDV_20190103T160431_20190103T160456_014332_01AAA9_8798.SAFE,2019-01-03T16:04:06
nc-0281-04-000002,nc-0281-04-000002.jpg,images/nc-0281-04-000002.jpg,nc,0,coast,,0,640,640,S1_20190105_035928_040108_VV_7,S1A_IW_GRDH_1SDV_20190105T035928_20190105T035953_025337_02CDDA_E728.SAFE,2019-01-05T03:59:28
nc-0282-04-000003,nc-0282-04-000003.jpg,images/nc-0282-04-000003.jpg,nc,0,coast,,0,640,640,S1_20190112_153943_154058_VV_137,S1B_IW_GRDH_1SDV_20190112T154008_20190112T154033_014463_01AEE6_BC6A.SAFE,2019-01-12T15:39:43
nc-0283-04-000004,nc-0283-04-000004.jpg,images/nc-0283-04-000004.jpg,nc,0,coast,,0,640,640,S1_20190117_154746_154926_VV_71,S1B_IW_GRDH_1SDV_20190117T154901_20190117T154926_014536_01B131_70CE.SAFE,2019-01-17T15:47:46
nc-0284-04-000005,nc-0284-04-000005.jpg,images/nc-0284-04-000005.jpg,nc,0,coast,,0,640,640,S1_20190119_034258_034438_VV_100,S1A_IW_GRDH_1SDV_20190119T034413_20190119T034438_025541_02D53C_2811.SAFE,2019-01-19T03:42:58
nc-0285-04-000006,nc-0285-04-000006.jpg,images/nc-0285-04-000006.jpg,nc,0,coast,,0,640,640,S1_20190119_034258_034438_VV_29,S1A_IW_GRDH_1SDV_20190119T034258_20190119T034323_025541_02D53C_2934.SAFE,2019-01-19T03:42:58
nc-0286-04-000007,nc-0286-04-000007.jpg,images/nc-0286-04-000007.jpg,nc,0,coast,,0,640,640,S1_20190124_035117_035258_VV_0,S1A_IW_GRDH_1SDV_20190124T035117_20190124T035142_025614_02D7E5_2D5A.SAFE,2019-01-24T03:51:17
nc-0287-04-000008,nc-0287-04-000008.jpg,images/nc-0287-04-000008.jpg,nc,0,coast,,0,640,640,S1_20190128_155638_155818_VV_15,S1A_IW_GRDH_1SDV_20190128T155703_20190128T155728_025680_02DA53_C5E0.SAFE,2019-01-28T15:56:38
nc-0288-04-000009,nc-0288-04-000009.jpg,images/nc-0288-04-000009.jpg,nc,0,coast,,0,640,640,S1_20190129_035927_040107_VV_29,S1A_IW_GRDH_1SDV_20190129T040042_20190129T040107_025687_02DA92_3072.SAFE,2019-01-29T03:59:27
nc-0289-04-000010,nc-0289-04-000010.jpg,images/nc-0289-04-000010.jpg,nc,0,coast,,0,640,640,S1_20190129_154746_154926_VV_7,S1B_IW_GRDH_1SDV_20190129T154746_20190129T154811_014711_01B6D1_4094.SAFE,2019-01-29T15:47:46
nc-0290-04-000011,nc-0290-04-000011.jpg,images/nc-0290-04-000011.jpg,nc,0,coast,,0,640,640,S1_20190205_153942_154057_VV_60,S1B_IW_GRDH_1SDV_20190205T154032_20190205T154057_014813_01BA3E_F9F0.SAFE,2019-02-05T15:39:42
nc-0291-04-000012,nc-0291-04-000012.jpg,images/nc-0291-04-000012.jpg,nc,0,coast,,0,640,640,S1_20190307_035039_035218_VV_12,S1B_IW_GRDH_1SDV_20190307T035039_20190307T035104_015243_01C850_B7FD.SAFE,2019-03-07T03:50:39
nc-0292-04-000013,nc-0292-04-000013.jpg,images/nc-0292-04-000013.jpg,nc,0,coast,,0,640,640,S1_20190307_154007_154147_VV_59,S1A_IW_GRDH_1SDV_20190307T154057_20190307T154122_026234_02EE1A_1E1A.SAFE,2019-03-07T15:40:07
nc-0293-04-000014,nc-0293-04-000014.jpg,images/nc-0293-04-000014.jpg,nc,0,coast,,0,640,640,S1_20190319_035039_035218_VV_127,S1B_IW_GRDH_1SDV_20190319T035129_20190319T035154_015418_01CDFB_0728.SAFE,2019-03-19T03:50:39
nc-0294-04-000015,nc-0294-04-000015.jpg,images/nc-0294-04-000015.jpg,nc,0,coast,,0,640,640,S1_20190401_153127_153307_VV_352,S1B_IW_GRDH_1SDV_20190401T153217_20190401T153242_015615_01D46B_9048.SAFE,2019-04-01T15:31:27
nc-0295-04-000016,nc-0295-04-000016.jpg,images/nc-0295-04-000016.jpg,nc,0,coast,,0,640,640,S1_20190402_033408_033548_VV_51,S1B_IW_GRDH_1SDV_20190402T033458_20190402T033523_015622_01D4A4_26AF.SAFE,2019-04-02T03:34:08
nc-0296-04-000017,nc-0296-04-000017.jpg,images/nc-0296-04-000017.jpg,nc,0,coast,,0,640,640,S1_20190404_155610_155635_VV_19,S1B_IW_GRDH_1SDV_20190404T155610_20190404T155635_015659_01D5E2_CCBC.SAFE,2019-04-04T15:56:10
nc-0297-04-000018,nc-0297-04-000018.jpg,images/nc-0297-04-000018.jpg,nc,0,coast,,0,640,640,S1_20190411_035927_040107_VV_0,S1A_IW_GRDH_1SDV_20190411T035927_20190411T035952_026737_0300A0_9A6C.SAFE,2019-04-11T03:59:27
nc-0298-04-000019,nc-0298-04-000019.jpg,images/nc-0298-04-000019.jpg,nc,0,coast,,0,640,640,S1_20190412_035040_035219_VV_196,S1B_IW_GRDH_1SDV_20190412T035130_20190412T035155_015768_01D985_E914.SAFE,2019-04-12T03:50:40
nc-0299-04-000020,nc-0299-04-000020.jpg,images/nc-0299-04-000020.jpg,nc,0,coast,,0,640,640,S1_20190423_035928_040108_VV_12,S1A_IW_GRDH_1SDV_20190423T035928_20190423T035953_026912_0306F7_0E0A.SAFE,2019-04-23T03:59:28
nc-0300-04-000021,nc-0300-04-000021.jpg,images/nc-0300-04-000021.jpg,nc,0,coast,,0,640,640,S1_20190424_154008_154148_VV_92,S1A_IW_GRDH_1SDV_20190424T154123_20190424T154148_026934_0307C2_8DFF.SAFE,2019-04-24T15:40:08
nc-0301-04-000022,nc-0301-04-000022.jpg,images/nc-0301-04-000022.jpg,nc,0,coast,,0,640,640,S1_20190425_034258_034438_VV_115,S1A_IW_GRDH_1SDV_20190425T034258_20190425T034323_026941_030806_D45F.SAFE,2019-04-25T03:42:58
nc-0302-04-000023,nc-0302-04-000023.jpg,images/nc-0302-04-000023.jpg,nc,0,coast,,0,640,640,S1_20190430_035118_035259_VV_67,S1A_IW_GRDH_1SDV_20190430T035118_20190430T035143_027014_030AB6_614C.SAFE,2019-04-30T03:51:18
nc-0303-04-000024,nc-0303-04-000024.jpg,images/nc-0303-04-000024.jpg,nc,0,coast,,0,640,640,S1_20190506_035041_035220_VV_19,S1B_IW_GRDH_1SDV_20190506T035041_20190506T035106_016118_01E530_502E.SAFE,2019-05-06T03:50:41
nc-0304-04-000025,nc-0304-04-000025.jpg,images/nc-0304-04-000025.jpg,nc,0,coast,,0,640,640,S1_20190507_034258_034438_VV_38,S1A_IW_GRDH_1SDV_20190507T034258_20190507T034323_027116_030E69_363D.SAFE,2019-05-07T03:42:58
nc-0305-04-000026,nc-0305-04-000026.jpg,images/nc-0305-04-000026.jpg,nc,0,coast,,0,640,640,S1_20190525_034220_034400_VV_63,S1B_IW_GRDH_1SDV_20190525T034220_20190525T034245_016395_01EDD2_8B9B.SAFE,2019-05-25T03:42:20
nc-0306-04-000027,nc-0306-04-000027.jpg,images/nc-0306-04-000027.jpg,nc,0,coast,,0,640,640,S1_20190529_154748_154928_VV_62,S1B_IW_GRDH_1SDV_20190529T154903_20190529T154928_016461_01EFC4_CD23.SAFE,2019-05-29T15:47:48
nc-0307-04-000028,nc-0307-04-000028.jpg,images/nc-0307-04-000028.jpg,nc,0,coast,,0,640,640,S1_20190529_154748_154928_VV_85,S1B_IW_GRDH_1SDV_20190529T154748_20190529T154813_016461_01EFC4_EB6A.SAFE,2019-05-29T15:47:48
nc-0308-04-000029,nc-0308-04-000029.jpg,images/nc-0308-04-000029.jpg,nc,0,coast,,0,640,640,S1_20190530_035042_035221_VV_202,S1B_IW_GRDH_1SDV_20190530T035157_20190530T035221_016468_01EFFB_DEAB.SAFE,2019-05-30T03:50:42
nc-0309-04-000030,nc-0309-04-000030.jpg,images/nc-0309-04-000030.jpg,nc,0,coast,,0,640,640,S1_20190612_034300_034440_VV_24,S1A_IW_GRDH_1SDV_20190612T034300_20190612T034325_027641_031EA9_7D1B.SAFE,2019-06-12T03:43:00
nc-0310-04-000031,nc-0310-04-000031.jpg,images/nc-0310-04-000031.jpg,nc,0,coast,,0,640,640,S1_20190614_160452_160632_VV_17,S1A_IW_GRDH_1SDV_20190614T160517_20190614T160542_027678_031FC6_6583.SAFE;S1A_IW_GRDH_1SDV_20190614T160452_20190614T160517_027678_031FC6_B592.SAFE,2019-06-14T16:04:52
nc-0311-04-000032,nc-0311-04-000032.jpg,images/nc-0311-04-000032.jpg,nc,0,coast,,0,640,640,S1_20190622_154749_154929_VV_72,S1B_IW_GRDH_1SDV_20190622T154904_20190622T154929_016811_01FA2F_B265.SAFE,2019-06-22T15:47:49
nc-0312-04-000033,nc-0312-04-000033.jpg,images/nc-0312-04-000033.jpg,nc,0,coast,,0,640,640,S1_20190705_154012_154152_VV_50,S1A_IW_GRDH_1SDV_20190705T154127_20190705T154152_027984_0328EF_A372.SAFE,2019-07-05T15:40:12
nc-0313-04-000034,nc-0313-04-000034.jpg,images/nc-0313-04-000034.jpg,nc,0,coast,,0,640,640,S1_20190728_035933_040113_VV_16,S1A_IW_GRDH_1SDV_20190728T035933_20190728T035958_028312_0332E7_D8BB.SAFE,2019-07-28T03:59:33
nc-0314-04-000035,nc-0314-04-000035.jpg,images/nc-0314-04-000035.jpg,nc,0,coast,,0,640,640,S1_20190730_034303_034443_VV_59,S1A_IW_GRDH_1SDV_20190730T034328_20190730T034353_028341_0333D2_4C47.SAFE;S1A_IW_GRDH_1SDV_20190730T034303_20190730T034328_028341_0333D2_2F03.SAFE,2019-07-30T03:43:03
nc-0315-04-000036,nc-0315-04-000036.jpg,images/nc-0315-04-000036.jpg,nc,0,coast,,0,640,640,S1_20190809_035934_040114_VV_7,S1A_IW_GRDH_1SDV_20190809T035934_20190809T035959_028487_03384A_CBB4.SAFE,2019-08-09T03:59:34
nc-0316-04-000037,nc-0316-04-000037.jpg,images/nc-0316-04-000037.jpg,nc,0,coast,,0,640,640,S1_20190811_034304_034444_VV_34,S1A_IW_GRDH_1SDV_20190811T034329_20190811T034354_028516_03394F_7B91.SAFE,2019-08-11T03:43:04
nc-0317-04-000038,nc-0317-04-000038.jpg,images/nc-0317-04-000038.jpg,nc,0,coast,,0,640,640,S1_20190816_153949_154104_VV_47,S1B_IW_GRDH_1SDV_20190816T154039_20190816T154104_017613_02122C_F471.SAFE,2019-08-16T15:39:49
nc-0318-04-000039,nc-0318-04-000039.jpg,images/nc-0318-04-000039.jpg,nc,0,coast,,0,640,640,S1_20190817_034225_034405_VV_0,S1B_IW_GRDH_1SDV_20190817T034225_20190817T034250_017620_021260_4222.SAFE,2019-08-17T03:42:25
nc-0319-04-000040,nc-0319-04-000040.jpg,images/nc-0319-04-000040.jpg,nc,0,coast,,0,640,640,S1_20190820_155645_155825_VV_18,S1A_IW_GRDH_1SDV_20190820T155710_20190820T155735_028655_033E24_AFFA.SAFE,2019-08-20T15:56:45
nc-0320-04-000041,nc-0320-04-000041.jpg,images/nc-0320-04-000041.jpg,nc,0,coast,,0,640,640,S1_20190820_155645_155825_VV_49,S1A_IW_GRDH_1SDV_20190820T155710_20190820T155735_028655_033E24_AFFA.SAFE,2019-08-20T15:56:45
nc-0321-04-000042,nc-0321-04-000042.jpg,images/nc-0321-04-000042.jpg,nc,0,coast,,0,640,640,S1_20190821_154753_154933_VV_21,S1B_IW_GRDH_1SDV_20190821T154908_20190821T154933_017686_021461_D50E.SAFE,2019-08-21T15:47:53
nc-0322-04-000043,nc-0322-04-000043.jpg,images/nc-0322-04-000043.jpg,nc,0,coast,,0,640,640,S1_20190822_035047_035226_VV_20,S1B_IW_GRDH_1SDV_20190822T035047_20190822T035112_017693_021497_D54D.SAFE,2019-08-22T03:50:47
nc-0323-04-000044,nc-0323-04-000044.jpg,images/nc-0323-04-000044.jpg,nc,0,coast,,0,640,640,S1_20190822_035047_035226_VV_83,S1B_IW_GRDH_1SDV_20190822T035202_20190822T035226_017693_021497_FA4C.SAFE,2019-08-22T03:50:47
nc-0324-04-000045,nc-0324-04-000045.jpg,images/nc-0324-04-000045.jpg,nc,0,coast,,0,640,640,S1_20190908_035858_040037_VV_4,S1B_IW_GRDH_1SDV_20190908T035948_20190908T040013_017941_021C58_528D.SAFE,2019-09-08T03:58:58
nc-0325-04-000046,nc-0325-04-000046.jpg,images/nc-0325-04-000046.jpg,nc,0,coast,,0,640,640,S1_20190909_035125_035306_VV_38,S1A_IW_GRDH_1SDV_20190909T035125_20190909T035150_028939_034806_F874.SAFE,2019-09-09T03:51:25
nc-0326-04-000047,nc-0326-04-000047.jpg,images/nc-0326-04-000047.jpg,nc,0,coast,,0,640,640,S1_20190909_035125_035306_VV_56,S1A_IW_GRDH_1SDV_20190909T035125_20190909T035150_028939_034806_F874.SAFE,2019-09-09T03:51:25
nc-0327-04-000048,nc-0327-04-000048.jpg,images/nc-0327-04-000048.jpg,nc,0,coast,,0,640,640,S1_20190910_034226_034406_VV_32,S1B_IW_GRDH_1SDV_20190910T034226_20190910T034251_017970_021D4F_6F7A.SAFE,2019-09-10T03:42:26
nc-0328-04-000049,nc-0328-04-000049.jpg,images/nc-0328-04-000049.jpg,nc,0,coast,,0,640,640,S1_20190913_155646_155826_VV_20,S1A_IW_GRDH_1SDV_20190913T155711_20190913T155736_029005_034A50_BA8D.SAFE,2019-09-13T15:56:46
nc-0329-04-000050,nc-0329-04-000050.jpg,images/nc-0329-04-000050.jpg,nc,0,coast,,0,640,640,S1_20190920_154844_155024_VV_35,S1A_IW_GRDH_1SDV_20190920T154844_20190920T154909_029107_034DCE_58F5.SAFE,2019-09-20T15:48:44
nc-0330-04-000051,nc-0330-04-000051.jpg,images/nc-0330-04-000051.jpg,nc,0,coast,,0,640,640,S1_20191014_154845_155025_VV_101,S1A_IW_GRDH_1SDV_20191014T155000_20191014T155025_029457_0359DE_FB77.SAFE,2019-10-14T15:48:45
nc-0331-04-000052,nc-0331-04-000052.jpg,images/nc-0331-04-000052.jpg,nc,0,coast,,0,640,640,S1_20191029_033458_033638_VV_87,S1A_IW_GRDH_1SDV_20191029T033548_20191029T033613_029668_036124_E7A8.SAFE,2019-10-29T03:34:58
nc-0332-04-000053,nc-0332-04-000053.jpg,images/nc-0332-04-000053.jpg,nc,0,coast,,0,640,640,S1_20191104_033417_033557_VV_65,S1B_IW_GRDH_1SDV_20191104T033417_20191104T033442_018772_02361B_C2FF.SAFE,2019-11-04T03:34:17
nc-0333-04-000054,nc-0333-04-000054.jpg,images/nc-0333-04-000054.jpg,nc,0,coast,,0,640,640,S1_20191109_034227_034407_VV_0,S1B_IW_GRDH_1SDV_20191109T034227_20191109T034252_018845_0238A3_55F3.SAFE,2019-11-09T03:42:27
nc-0334-04-000055,nc-0334-04-000055.jpg,images/nc-0334-04-000055.jpg,nc,0,coast,,0,640,640,S1_20191113_154755_154935_VV_15,S1B_IW_GRDH_1SDV_20191113T154820_20191113T154845_018911_023AAD_38BC.SAFE;S1B_IW_GRDH_1SDV_20191113T154755_20191113T154820_018911_023AAD_92E8.SAFE,2019-11-13T15:47:55
nc-0335-04-000056,nc-0335-04-000056.jpg,images/nc-0335-04-000056.jpg,nc,0,coast,,0,640,640,S1_20191115_034306_034446_VV_82,S1A_IW_GRDH_1SDV_20191115T034421_20191115T034446_029916_0369D3_9DE6.SAFE,2019-11-15T03:43:06
nc-0336-04-000057,nc-0336-04-000057.jpg,images/nc-0336-04-000057.jpg,nc,0,coast,,0,640,640,S1_20191118_155619_155644_VV_12,S1B_IW_GRDH_1SDV_20191118T155619_20191118T155644_018984_023D0A_7060.SAFE,2019-11-18T15:56:19
nc-0337-04-000058,nc-0337-04-000058.jpg,images/nc-0337-04-000058.jpg,nc,0,coast,,0,640,640,S1_20191118_155619_155644_VV_38,S1B_IW_GRDH_1SDV_20191118T155619_20191118T155644_018984_023D0A_7060.SAFE,2019-11-18T15:56:19
nc-0338-04-000059,nc-0338-04-000059.jpg,images/nc-0338-04-000059.jpg,nc,0,coast,,0,640,640,S1_20191120_035126_035307_VV_0,S1A_IW_GRDH_1SDV_20191120T035126_20191120T035151_029989_036C5B_1AC3.SAFE,2019-11-20T03:51:26
nc-0339-04-000060,nc-0339-04-000060.jpg,images/nc-0339-04-000060.jpg,nc,0,coast,,0,640,640,S1_20191127_034306_034446_VV_57,S1A_IW_GRDH_1SDV_20191127T034331_20191127T034356_030091_036FE7_55A3.SAFE,2019-11-27T03:43:06
nc-0340-04-000061,nc-0340-04-000061.jpg,images/nc-0340-04-000061.jpg,nc,0,coast,,0,640,640,S1_20191205_160413_160553_VV_135,S1B_IW_GRDH_1SDV_20191205T160438_20191205T160503_019232_0244F5_5369.SAFE,2019-12-05T16:04:13
nc-0341-04-000062,nc-0341-04-000062.jpg,images/nc-0341-04-000062.jpg,nc,0,coast,,0,640,640,S1_20191207_154754_154934_VV_120,S1B_IW_GRDH_1SDV_20191207T154819_20191207T154844_019261_0245D7_02A3.SAFE;S1B_IW_GRDH_1SDV_20191207T154754_20191207T154819_019261_0245D7_1E9F.SAFE,2019-12-07T15:47:54
nc-0342-04-000063,nc-0342-04-000063.jpg,images/nc-0342-04-000063.jpg,nc,0,coast,,0,640,640,S1_20191209_153136_153316_VV_459,S1B_IW_GRDH_1SDV_20191209T153226_20191209T153251_019290_0246C0_89B6.SAFE,2019-12-09T15:31:36
nc-0343-04-000064,nc-0343-04-000064.jpg,images/nc-0343-04-000064.jpg,nc,0,coast,,0,640,640,S1_20191212_155618_155643_VV_172,S1B_IW_GRDH_1SDV_20191212T155618_20191212T155643_019334_02482D_8FCC.SAFE,2019-12-12T15:56:18
nc-0344-04-000065,nc-0344-04-000065.jpg,images/nc-0344-04-000065.jpg,nc,0,coast,,0,640,640,S1_20191213_154844_155024_VV_101,S1A_IW_GRDH_1SDV_20191213T154844_20191213T154909_030332_03783C_3747.SAFE,2019-12-13T15:48:44
nc-0345-04-000066,nc-0345-04-000066.jpg,images/nc-0345-04-000066.jpg,nc,0,coast,,0,640,640,S1_20191214_035125_035306_VV_70,S1A_IW_GRDH_1SDV_20191214T035125_20191214T035150_030339_037875_3C8E.SAFE,2019-12-14T03:51:25
nc-0346-04-000067,nc-0346-04-000067.jpg,images/nc-0346-04-000067.jpg,nc,0,coast,,0,640,640,S1_20191214_153950_154105_VV_233,S1B_IW_GRDH_1SDV_20191214T154040_20191214T154105_019363_02492E_2DD8.SAFE,2019-12-14T15:39:50
nc-0347-04-000068,nc-0347-04-000068.jpg,images/nc-0347-04-000068.jpg,nc,0,coast,,0,640,640,S1_20191215_034226_034406_VV_174,S1B_IW_GRDH_1SDV_20191215T034341_20191215T034406_019370_024965_2ED6.SAFE,2019-12-15T03:42:26
nc-0348-04-000069,nc-0348-04-000069.jpg,images/nc-0348-04-000069.jpg,nc,0,coast,,0,640,640,S1_20191218_155645_155825_VV_46,S1A_IW_GRDH_1SDV_20191218T155645_20191218T155710_030405_037AC0_57F0.SAFE,2019-12-18T15:56:45
nc-0349-04-000070,nc-0349-04-000070.jpg,images/nc-0349-04-000070.jpg,nc,0,coast,,0,640,640,S1_20191219_035935_040115_VV_199,S1A_IW_GRDH_1SDV_20191219T040050_20191219T040115_030412_037AF3_9162.SAFE,2019-12-19T03:59:35
nc-0350-04-000071,nc-0350-04-000071.jpg,images/nc-0350-04-000071.jpg,nc,0,coast,,0,640,640,S1_20191223_160456_160636_VV_183,S1A_IW_GRDH_1SDV_20191223T160521_20191223T160546_030478_037D4D_5BF3.SAFE,2019-12-23T16:04:56
nc-0351-04-000072,nc-0351-04-000072.jpg,images/nc-0351-04-000072.jpg,nc,0,coast,,0,640,640,S1_20191231_154753_154933_VV_13,S1B_IW_GRDH_1SDV_20191231T154753_20191231T154818_019611_025103_D6A6.SAFE,2019-12-31T15:47:53
nw-0001-00-000001,nw-0001-00-000001.jpg,images/nw-0001-00-000001.jpg,nw,0,water,,0,640,640,S1_20190101_034235_034350_VV_79,S1B_IW_GRDH_1SDV_20190101T034300_20190101T034325_014295_01A97E_39B8.SAFE,2019-01-01T03:42:35
nw-0002-00-000002,nw-0002-00-000002.jpg,images/nw-0002-00-000002.jpg,nw,0,water,,0,640,640,S1_20190104_155638_155818_VV_85,S1A_IW_GRDH_1SDV_20190104T155728_20190104T155753_025330_02CD9D_B67E.SAFE,2019-01-04T15:56:38
nw-0003-00-000003,nw-0003-00-000003.jpg,images/nw-0003-00-000003.jpg,nw,0,water,,0,640,640,S1_20190104_155638_155818_VV_87,S1A_IW_GRDH_1SDV_20190104T155753_20190104T155818_025330_02CD9D_5240.SAFE;S1A_IW_GRDH_1SDV_20190104T155728_20190104T155753_025330_02CD9D_B67E.SAFE,2019-01-04T15:56:38
nw-0004-00-000004,nw-0004-00-000004.jpg,images/nw-0004-00-000004.jpg,nw,0,water,,0,640,640,S1_20190111_035851_040030_VV_116,S1B_IW_GRDH_1SDV_20190111T035941_20190111T040006_014441_01AE2F_B933.SAFE,2019-01-11T03:58:51
nw-0005-00-000005,nw-0005-00-000005.jpg,images/nw-0005-00-000005.jpg,nw,0,water,,0,640,640,S1_20190111_035851_040030_VV_23,S1B_IW_GRDH_1SDV_20190111T035916_20190111T035941_014441_01AE2F_A0C2.SAFE;S1B_IW_GRDH_1SDV_20190111T035851_20190111T035916_014441_01AE2F_C0D7.SAFE,2019-01-11T03:58:51
nw-0006-00-000006,nw-0006-00-000006.jpg,images/nw-0006-00-000006.jpg,nw,0,water,,0,640,640,S1_20190111_035851_040030_VV_26,S1B_IW_GRDH_1SDV_20190111T035916_20190111T035941_014441_01AE2F_A0C2.SAFE,2019-01-11T03:58:51
nw-0007-00-000007,nw-0007-00-000007.jpg,images/nw-0007-00-000007.jpg,nw,0,water,,0,640,640,S1_20190111_035851_040030_VV_83,S1B_IW_GRDH_1SDV_20190111T035941_20190111T040006_014441_01AE2F_B933.SAFE,2019-01-11T03:58:51
nw-0008-00-000008,nw-0008-00-000008.jpg,images/nw-0008-00-000008.jpg,nw,0,water,,0,640,640,S1_20190111_154836_155016_VV_22,S1A_IW_GRDH_1SDV_20190111T154836_20190111T154901_025432_02D14A_E884.SAFE,2019-01-11T15:48:36
nw-0009-00-000009,nw-0009-00-000009.jpg,images/nw-0009-00-000009.jpg,nw,0,water,,0,640,640,S1_20190111_154836_155016_VV_23,S1A_IW_GRDH_1SDV_20190111T154836_20190111T154901_025432_02D14A_E884.SAFE,2019-01-11T15:48:36
nw-0010-00-000010,nw-0010-00-000010.jpg,images/nw-0010-00-000010.jpg,nw,0,water,,0,640,640,S1_20190111_154836_155016_VV_30,S1A_IW_GRDH_1SDV_20190111T154836_20190111T154901_025432_02D14A_E884.SAFE,2019-01-11T15:48:36
nw-0011-00-000011,nw-0011-00-000011.jpg,images/nw-0011-00-000011.jpg,nw,0,water,,0,640,640,S1_20190111_154836_155016_VV_55,S1A_IW_GRDH_1SDV_20190111T154836_20190111T154901_025432_02D14A_E884.SAFE,2019-01-11T15:48:36
nw-0012-00-000012,nw-0012-00-000012.jpg,images/nw-0012-00-000012.jpg,nw,0,water,,0,640,640,S1_20190111_154836_155016_VV_69,S1A_IW_GRDH_1SDV_20190111T154926_20190111T154951_025432_02D14A_113A.SAFE,2019-01-11T15:48:36
nw-0013-00-000013,nw-0013-00-000013.jpg,images/nw-0013-00-000013.jpg,nw,0,water,,0,640,640,S1_20190111_154836_155016_VV_88,S1A_IW_GRDH_1SDV_20190111T154951_20190111T155016_025432_02D14A_C237.SAFE,2019-01-11T15:48:36
nw-0014-00-000014,nw-0014-00-000014.jpg,images/nw-0014-00-000014.jpg,nw,0,water,,0,640,640,S1_20190112_153943_154058_VV_145,S1B_IW_GRDH_1SDV_20190112T154008_20190112T154033_014463_01AEE6_BC6A.SAFE,2019-01-12T15:39:43
nw-0015-00-000015,nw-0015-00-000015.jpg,images/nw-0015-00-000015.jpg,nw,0,water,,0,640,640,S1_20190112_153943_154058_VV_97,S1B_IW_GRDH_1SDV_20190112T154033_20190112T154058_014463_01AEE6_B38F.SAFE,2019-01-12T15:39:43
nw-0016-00-000016,nw-0016-00-000016.jpg,images/nw-0016-00-000016.jpg,nw,0,water,,0,640,640,S1_20190113_034235_034350_VV_79,S1B_IW_GRDH_1SDV_20190113T034235_20190113T034300_014470_01AF20_B0E8.SAFE,2019-01-13T03:42:35
nw-0017-00-000017,nw-0017-00-000017.jpg,images/nw-0017-00-000017.jpg,nw,0,water,,0,640,640,S1_20190117_154746_154926_VV_35,S1B_IW_GRDH_1SDV_20190117T154836_20190117T154901_014536_01B131_45B2.SAFE,2019-01-17T15:47:46
nw-0018-00-000018,nw-0018-00-000018.jpg,images/nw-0018-00-000018.jpg,nw,0,water,,0,640,640,S1_20190117_154746_154926_VV_88,S1B_IW_GRDH_1SDV_20190117T154901_20190117T154926_014536_01B131_70CE.SAFE,2019-01-17T15:47:46
nw-0019-00-000019,nw-0019-00-000019.jpg,images/nw-0019-00-000019.jpg,nw,0,water,,0,640,640,S1_20190118_035040_035219_VV_127,S1B_IW_GRDH_1SDV_20190118T035040_20190118T035105_014543_01B170_CD8E.SAFE,2019-01-18T03:50:40
nw-0020-00-000020,nw-0020-00-000020.jpg,images/nw-0020-00-000020.jpg,nw,0,water,,0,640,640,S1_20190118_035040_035219_VV_147,S1B_IW_GRDH_1SDV_20190118T035130_20190118T035155_014543_01B170_BFCE.SAFE,2019-01-18T03:50:40
nw-0021-00-000021,nw-0021-00-000021.jpg,images/nw-0021-00-000021.jpg,nw,0,water,,0,640,640,S1_20190118_035040_035219_VV_44,S1B_IW_GRDH_1SDV_20190118T035040_20190118T035105_014543_01B170_CD8E.SAFE,2019-01-18T03:50:40
nw-0022-00-000022,nw-0022-00-000022.jpg,images/nw-0022-00-000022.jpg,nw,0,water,,0,640,640,S1_20190118_035040_035219_VV_60,S1B_IW_GRDH_1SDV_20190118T035040_20190118T035105_014543_01B170_CD8E.SAFE,2019-01-18T03:50:40
nw-0023-00-000023,nw-0023-00-000023.jpg,images/nw-0023-00-000023.jpg,nw,0,water,,0,640,640,S1_20190118_154008_154148_VV_40,S1A_IW_GRDH_1SDV_20190118T154058_20190118T154123_025534_02D4F3_3A0C.SAFE,2019-01-18T15:40:08
nw-0024-00-000024,nw-0024-00-000024.jpg,images/nw-0024-00-000024.jpg,nw,0,water,,0,640,640,S1_20190118_154008_154148_VV_62,S1A_IW_GRDH_1SDV_20190118T154123_20190118T154148_025534_02D4F3_FFE7.SAFE,2019-01-18T15:40:08
nw-0025-00-000025,nw-0025-00-000025.jpg,images/nw-0025-00-000025.jpg,nw,0,water,,0,640,640,S1_20190118_154008_154148_VV_87,S1A_IW_GRDH_1SDV_20190118T154123_20190118T154148_025534_02D4F3_FFE7.SAFE;S1A_IW_GRDH_1SDV_20190118T154058_20190118T154123_025534_02D4F3_3A0C.SAFE,2019-01-18T15:40:08
nw-0026-00-000026,nw-0026-00-000026.jpg,images/nw-0026-00-000026.jpg,nw,0,water,,0,640,640,S1_20190118_154008_154148_VV_97,S1A_IW_GRDH_1SDV_20190118T154123_20190118T154148_025534_02D4F3_FFE7.SAFE,2019-01-18T15:40:08
nw-0027-00-000027,nw-0027-00-000027.jpg,images/nw-0027-00-000027.jpg,nw,0,water,,0,640,640,S1_20190119_034258_034438_VV_31,S1A_IW_GRDH_1SDV_20190119T034258_20190119T034323_025541_02D53C_2934.SAFE,2019-01-19T03:42:58
nw-0028-00-000028,nw-0028-00-000028.jpg,images/nw-0028-00-000028.jpg,nw,0,water,,0,640,640,S1_20190123_035850_040029_VV_66,S1B_IW_GRDH_1SDV_20190123T035915_20190123T035940_014616_01B3CB_38CE.SAFE,2019-01-23T03:58:50
nw-0029-00-000029,nw-0029-00-000029.jpg,images/nw-0029-00-000029.jpg,nw,0,water,,0,640,640,S1_20190202_160449_160629_VV_61,S1A_IW_GRDH_1SDV_20190202T160539_20190202T160604_025753_02DD0D_1EB4.SAFE,2019-02-02T16:04:49
nw-0030-00-000030,nw-0030-00-000030.jpg,images/nw-0030-00-000030.jpg,nw,0,water,,0,640,640,S1_20190210_154745_154925_VV_37,S1B_IW_GRDH_1SDV_20190210T154900_20190210T154925_014886_01BC91_48D5.SAFE,2019-02-10T15:47:45
nw-0031-00-000031,nw-0031-00-000031.jpg,images/nw-0031-00-000031.jpg,nw,0,water,,0,640,640,S1_20190210_154745_154925_VV_44,S1B_IW_GRDH_1SDV_20190210T154900_20190210T154925_014886_01BC91_48D5.SAFE,2019-02-10T15:47:45
nw-0032-00-000032,nw-0032-00-000032.jpg,images/nw-0032-00-000032.jpg,nw,0,water,,0,640,640,S1_20190211_035040_035219_VV_35,S1B_IW_GRDH_1SDV_20190211T035040_20190211T035105_014893_01BCCD_3B74.SAFE,2019-02-11T03:50:40
nw-0033-00-000033,nw-0033-00-000033.jpg,images/nw-0033-00-000033.jpg,nw,0,water,,0,640,640,S1_20190211_035040_035219_VV_63,S1B_IW_GRDH_1SDV_20190211T035040_20190211T035105_014893_01BCCD_3B74.SAFE,2019-02-11T03:50:40
nw-0034-00-000034,nw-0034-00-000034.jpg,images/nw-0034-00-000034.jpg,nw,0,water,,0,640,640,S1_20190217_035116_035258_VV_29,S1A_IW_GRDH_1SDV_20190217T035116_20190217T035141_025964_02E473_BCD6.SAFE,2019-02-17T03:51:16
nw-0035-00-000035,nw-0035-00-000035.jpg,images/nw-0035-00-000035.jpg,nw,0,water,,0,640,640,S1_20190217_035116_035258_VV_71,S1A_IW_GRDH_1SDV_20190217T035141_20190217T035206_025964_02E473_41AA.SAFE,2019-02-17T03:51:16
nw-0036-00-000036,nw-0036-00-000036.jpg,images/nw-0036-00-000036.jpg,nw,0,water,,0,640,640,S1_20190217_035116_035258_VV_73,S1A_IW_GRDH_1SDV_20190217T035141_20190217T035206_025964_02E473_41AA.SAFE,2019-02-17T03:51:16
nw-0037-00-000037,nw-0037-00-000037.jpg,images/nw-0037-00-000037.jpg,nw,0,water,,0,640,640,S1_20190217_153942_154057_VV_69,S1B_IW_GRDH_1SDV_20190217T154032_20190217T154057_014988_01BFFD_6BFC.SAFE,2019-02-17T15:39:42
nw-0038-00-000038,nw-0038-00-000038.jpg,images/nw-0038-00-000038.jpg,nw,0,water,,0,640,640,S1_20190217_153942_154057_VV_92,S1B_IW_GRDH_1SDV_20190217T154032_20190217T154057_014988_01BFFD_6BFC.SAFE,2019-02-17T15:39:42
nw-0039-00-000039,nw-0039-00-000039.jpg,images/nw-0039-00-000039.jpg,nw,0,water,,0,640,640,S1_20190218_034234_034349_VV_131,S1B_IW_GRDH_1SDV_20190218T034234_20190218T034259_014995_01C035_8F1B.SAFE,2019-02-18T03:42:34
nw-0040-00-000040,nw-0040-00-000040.jpg,images/nw-0040-00-000040.jpg,nw,0,water,,0,640,640,S1_20190218_034234_034349_VV_81,S1B_IW_GRDH_1SDV_20190218T034259_20190218T034324_014995_01C035_58C9.SAFE;S1B_IW_GRDH_1SDV_20190218T034234_20190218T034259_014995_01C035_8F1B.SAFE,2019-02-18T03:42:34
nw-0041-00-000041,nw-0041-00-000041.jpg,images/nw-0041-00-000041.jpg,nw,0,water,,0,640,640,S1_20190221_155637_155817_VV_131,S1A_IW_GRDH_1SDV_20190221T155752_20190221T155817_026030_02E6CF_6EBE.SAFE,2019-02-21T15:56:37
nw-0042-00-000042,nw-0042-00-000042.jpg,images/nw-0042-00-000042.jpg,nw,0,water,,0,640,640,S1_20190221_155637_155817_VV_147,S1A_IW_GRDH_1SDV_20190221T155752_20190221T155817_026030_02E6CF_6EBE.SAFE,2019-02-21T15:56:37
nw-0043-00-000043,nw-0043-00-000043.jpg,images/nw-0043-00-000043.jpg,nw,0,water,,0,640,640,S1_20190222_035926_040106_VV_108,S1A_IW_GRDH_1SDV_20190222T035951_20190222T040016_026037_02E70F_6632.SAFE,2019-02-22T03:59:26
nw-0044-00-000044,nw-0044-00-000044.jpg,images/nw-0044-00-000044.jpg,nw,0,water,,0,640,640,S1_20190222_035926_040106_VV_31,S1A_IW_GRDH_1SDV_20190222T035926_20190222T035951_026037_02E70F_1C4A.SAFE,2019-02-22T03:59:26
nw-0045-00-000045,nw-0045-00-000045.jpg,images/nw-0045-00-000045.jpg,nw,0,water,,0,640,640,S1_20190223_035040_035219_VV_18,S1B_IW_GRDH_1SDV_20190223T035040_20190223T035105_015068_01C287_5EB6.SAFE,2019-02-23T03:50:40
nw-0046-00-000046,nw-0046-00-000046.jpg,images/nw-0046-00-000046.jpg,nw,0,water,,0,640,640,S1_20190223_035040_035219_VV_205,S1B_IW_GRDH_1SDV_20190223T035130_20190223T035155_015068_01C287_0DC8.SAFE,2019-02-23T03:50:40
nw-0047-00-000047,nw-0047-00-000047.jpg,images/nw-0047-00-000047.jpg,nw,0,water,,0,640,640,S1_20190223_035040_035219_VV_212,S1B_IW_GRDH_1SDV_20190223T035130_20190223T035155_015068_01C287_0DC8.SAFE,2019-02-23T03:50:40
nw-0048-00-000048,nw-0048-00-000048.jpg,images/nw-0048-00-000048.jpg,nw,0,water,,0,640,640,S1_20190223_154007_154147_VV_12,S1A_IW_GRDH_1SDV_20190223T154057_20190223T154122_026059_02E7D6_A9E6.SAFE,2019-02-23T15:40:07
nw-0049-00-000049,nw-0049-00-000049.jpg,images/nw-0049-00-000049.jpg,nw,0,water,,0,640,640,S1_20190223_154007_154147_VV_59,S1A_IW_GRDH_1SDV_20190223T154122_20190223T154147_026059_02E7D6_5BFC.SAFE,2019-02-23T15:40:07
nw-0050-00-000050,nw-0050-00-000050.jpg,images/nw-0050-00-000050.jpg,nw,0,water,,0,640,640,S1_20190224_034257_034437_VV_85,S1A_IW_GRDH_1SDV_20190224T034322_20190224T034347_026066_02E816_1321.SAFE,2019-02-24T03:42:57
nw-0051-00-000051,nw-0051-00-000051.jpg,images/nw-0051-00-000051.jpg,nw,0,water,,0,640,640,S1_20190306_035926_040106_VV_133,S1A_IW_GRDH_1SDV_20190306T035951_20190306T040016_026212_02ED51_0951.SAFE,2019-03-06T03:59:26
nw-0052-00-000052,nw-0052-00-000052.jpg,images/nw-0052-00-000052.jpg,nw,0,water,,0,640,640,S1_20190306_035926_040106_VV_151,S1A_IW_GRDH_1SDV_20190306T035951_20190306T040016_026212_02ED51_0951.SAFE,2019-03-06T03:59:26
nw-0053-00-000053,nw-0053-00-000053.jpg,images/nw-0053-00-000053.jpg,nw,0,water,,0,640,640,S1_20190306_035926_040106_VV_166,S1A_IW_GRDH_1SDV_20190306T040016_20190306T040041_026212_02ED51_9536.SAFE;S1A_IW_GRDH_1SDV_20190306T035951_20190306T040016_026212_02ED51_0951.SAFE,2019-03-06T03:59:26
nw-0054-00-000054,nw-0054-00-000054.jpg,images/nw-0054-00-000054.jpg,nw,0,water,,0,640,640,S1_20190306_035926_040106_VV_30,S1A_IW_GRDH_1SDV_20190306T035926_20190306T035951_026212_02ED51_1D32.SAFE,2019-03-06T03:59:26
nw-0055-00-000055,nw-0055-00-000055.jpg,images/nw-0055-00-000055.jpg,nw,0,water,,0,640,640,S1_20190306_035926_040106_VV_33,S1A_IW_GRDH_1SDV_20190306T035926_20190306T035951_026212_02ED51_1D32.SAFE,2019-03-06T03:59:26
nw-0056-00-000056,nw-0056-00-000056.jpg,images/nw-0056-00-000056.jpg,nw,0,water,,0,640,640,S1_20190306_035926_040106_VV_58,S1A_IW_GRDH_1SDV_20190306T035926_20190306T035951_026212_02ED51_1D32.SAFE,2019-03-06T03:59:26
nw-0057-00-000057,nw-0057-00-000057.jpg,images/nw-0057-00-000057.jpg,nw,0,water,,0,640,640,S1_20190306_035926_040106_VV_74,S1A_IW_GRDH_1SDV_20190306T035951_20190306T040016_026212_02ED51_0951.SAFE,2019-03-06T03:59:26
nw-0058-00-000058,nw-0058-00-000058.jpg,images/nw-0058-00-000058.jpg,nw,0,water,,0,640,640,S1_20190306_035926_040106_VV_8,S1A_IW_GRDH_1SDV_20190306T035926_20190306T035951_026212_02ED51_1D32.SAFE,2019-03-06T03:59:26
nw-0059-00-000059,nw-0059-00-000059.jpg,images/nw-0059-00-000059.jpg,nw,0,water,,0,640,640,S1_20190307_035039_035218_VV_90,S1B_IW_GRDH_1SDV_20190307T035129_20190307T035154_015243_01C850_97F9.SAFE,2019-03-07T03:50:39
nw-0060-00-000060,nw-0060-00-000060.jpg,images/nw-0060-00-000060.jpg,nw,0,water,,0,640,640,S1_20190318_154745_154925_VV_54,S1B_IW_GRDH_1SDV_20190318T154810_20190318T154835_015411_01CDBD_41F5.SAFE,2019-03-18T15:47:45
nw-0061-00-000061,nw-0061-00-000061.jpg,images/nw-0061-00-000061.jpg,nw,0,water,,0,640,640,S1_20190318_154745_154925_VV_56,S1B_IW_GRDH_1SDV_20190318T154810_20190318T154835_015411_01CDBD_41F5.SAFE,2019-03-18T15:47:45
nw-0062-00-000062,nw-0062-00-000062.jpg,images/nw-0062-00-000062.jpg,nw,0,water,,0,640,640,S1_20190319_035039_035218_VV_84,S1B_IW_GRDH_1SDV_20190319T035104_20190319T035129_015418_01CDFB_86C8.SAFE,2019-03-19T03:50:39
nw-0063-00-000063,nw-0063-00-000063.jpg,images/nw-0063-00-000063.jpg,nw,0,water,,0,640,640,S1_20190405_154836_155016_VV_84,S1A_IW_GRDH_1SDV_20190405T154926_20190405T154951_026657_02FDC3_6F15.SAFE,2019-04-05T15:48:36
nw-0064-00-000064,nw-0064-00-000064.jpg,images/nw-0064-00-000064.jpg,nw,0,water,,0,640,640,S1_20190411_035927_040107_VV_33,S1A_IW_GRDH_1SDV_20190411T040017_20190411T040042_026737_0300A0_6CE0.SAFE,2019-04-11T03:59:27
nw-0065-00-000065,nw-0065-00-000065.jpg,images/nw-0065-00-000065.jpg,nw,0,water,,0,640,640,S1_20190412_035040_035219_VV_15,S1B_IW_GRDH_1SDV_20190412T035040_20190412T035105_015768_01D985_9F88.SAFE,2019-04-12T03:50:40
nw-0066-00-000066,nw-0066-00-000066.jpg,images/nw-0066-00-000066.jpg,nw,0,water,,0,640,640,S1_20190429_035851_040030_VV_57,S1B_IW_GRDH_1SDV_20190429T035941_20190429T040006_016016_01E1C8_58C8.SAFE,2019-04-29T03:58:51
nw-0067-00-000067,nw-0067-00-000067.jpg,images/nw-0067-00-000067.jpg,nw,0,water,,0,640,640,S1_20190429_035851_040030_VV_58,S1B_IW_GRDH_1SDV_20190429T035941_20190429T040006_016016_01E1C8_58C8.SAFE,2019-04-29T03:58:51
nw-0068-00-000068,nw-0068-00-000068.jpg,images/nw-0068-00-000068.jpg,nw,0,water,,0,640,640,S1_20190429_154837_155017_VV_62,S1A_IW_GRDH_1SDV_20190429T154927_20190429T154952_027007_030A73_C58E.SAFE,2019-04-29T15:48:37
nw-0069-00-000069,nw-0069-00-000069.jpg,images/nw-0069-00-000069.jpg,nw,0,water,,0,640,640,S1_20190510_155642_155736_VV_20,S1B_IW_GRDH_1SDV_20190510T155642_20190510T155711_016184_01E73D_7764.SAFE,2019-05-10T15:56:42
nw-0070-00-000070,nw-0070-00-000070.jpg,images/nw-0070-00-000070.jpg,nw,0,water,,0,640,640,S1_20190511_035851_040030_VV_24,S1B_IW_GRDH_1SDV_20190511T035851_20190511T035916_016191_01E77E_ECCB.SAFE,2019-05-11T03:58:51
nw-0071-00-000071,nw-0071-00-000071.jpg,images/nw-0071-00-000071.jpg,nw,0,water,,0,640,640,S1_20190511_035851_040030_VV_54,S1B_IW_GRDH_1SDV_20190511T035851_20190511T035916_016191_01E77E_ECCB.SAFE,2019-05-11T03:58:51
nw-0072-00-000072,nw-0072-00-000072.jpg,images/nw-0072-00-000072.jpg,nw,0,water,,0,640,640,S1_20190511_154837_155017_VV_134,S1A_IW_GRDH_1SDV_20190511T154952_20190511T155017_027182_031070_90C8.SAFE,2019-05-11T15:48:37
nw-0073-00-000073,nw-0073-00-000073.jpg,images/nw-0073-00-000073.jpg,nw,0,water,,0,640,640,S1_20190511_154837_155017_VV_33,S1A_IW_GRDH_1SDV_20190511T154927_20190511T154952_027182_031070_998B.SAFE,2019-05-11T15:48:37
nw-0074-00-000074,nw-0074-00-000074.jpg,images/nw-0074-00-000074.jpg,nw,0,water,,0,640,640,S1_20190519_034259_034439_VV_124,S1A_IW_GRDH_1SDV_20190519T034259_20190519T034324_027291_0313E1_D2CA.SAFE,2019-05-19T03:42:59
nw-0075-00-000075,nw-0075-00-000075.jpg,images/nw-0075-00-000075.jpg,nw,0,water,,0,640,640,S1_20190609_155640_155820_VV_140,S1A_IW_GRDH_1SDV_20190609T155755_20190609T155820_027605_031D91_0B06.SAFE,2019-06-09T15:56:40
nw-0076-00-000076,nw-0076-00-000076.jpg,images/nw-0076-00-000076.jpg,nw,0,water,,0,640,640,S1_20190609_155640_155820_VV_177,S1A_IW_GRDH_1SDV_20190609T155730_20190609T155755_027605_031D91_51DD.SAFE,2019-06-09T15:56:40
nw-0077-00-000077,nw-0077-00-000077.jpg,images/nw-0077-00-000077.jpg,nw,0,water,,0,640,640,S1_20190609_155640_155820_VV_31,S1A_IW_GRDH_1SDV_20190609T155730_20190609T155755_027605_031D91_51DD.SAFE,2019-06-09T15:56:40
nw-0078-00-000078,nw-0078-00-000078.jpg,images/nw-0078-00-000078.jpg,nw,0,water,,0,640,640,S1_20190609_155640_155820_VV_36,S1A_IW_GRDH_1SDV_20190609T155730_20190609T155755_027605_031D91_51DD.SAFE,2019-06-09T15:56:40
nw-0079-00-000079,nw-0079-00-000079.jpg,images/nw-0079-00-000079.jpg,nw,0,water,,0,640,640,S1_20190610_154748_154928_VV_72,S1B_IW_GRDH_1SDV_20190610T154903_20190610T154928_016636_01F4FD_9997.SAFE;S1B_IW_GRDH_1SDV_20190610T154838_20190610T154903_016636_01F4FD_6C1D.SAFE,2019-06-10T15:47:48
nw-0080-00-000080,nw-0080-00-000080.jpg,images/nw-0080-00-000080.jpg,nw,0,water,,0,640,640,S1_20190611_035043_035222_VV_145,S1B_IW_GRDH_1SDV_20190611T035133_20190611T035158_016643_01F530_8193.SAFE,2019-06-11T03:50:43
nw-0081-00-000081,nw-0081-00-000081.jpg,images/nw-0081-00-000081.jpg,nw,0,water,,0,640,640,S1_20190612_034300_034440_VV_83,S1A_IW_GRDH_1SDV_20190612T034325_20190612T034350_027641_031EA9_55D4.SAFE,2019-06-12T03:43:00
nw-0082-00-000082,nw-0082-00-000082.jpg,images/nw-0082-00-000082.jpg,nw,0,water,,0,640,640,S1_20190615_155644_155738_VV_22,S1B_IW_GRDH_1SDV_20190615T155713_20190615T155738_016709_01F72A_DCE9.SAFE,2019-06-15T15:56:44
nw-0083-00-000083,nw-0083-00-000083.jpg,images/nw-0083-00-000083.jpg,nw,0,water,,0,640,640,S1_20190618_034221_034401_VV_133,S1B_IW_GRDH_1SDV_20190618T034336_20190618T034401_016745_01F848_6273.SAFE,2019-06-18T03:42:21
nw-0084-00-000084,nw-0084-00-000084.jpg,images/nw-0084-00-000084.jpg,nw,0,water,,0,640,640,S1_20190623_035044_035223_VV_134,S1B_IW_GRDH_1SDV_20190623T035134_20190623T035159_016818_01FA62_D8E1.SAFE,2019-06-23T03:50:44
nw-0085-00-000085,nw-0085-00-000085.jpg,images/nw-0085-00-000085.jpg,nw,0,water,,0,640,640,S1_20190623_035044_035223_VV_141,S1B_IW_GRDH_1SDV_20190623T035134_20190623T035159_016818_01FA62_D8E1.SAFE,2019-06-23T03:50:44
nw-0086-00-000086,nw-0086-00-000086.jpg,images/nw-0086-00-000086.jpg,nw,0,water,,0,640,640,S1_20190623_035044_035223_VV_158,S1B_IW_GRDH_1SDV_20190623T035134_20190623T035159_016818_01FA62_D8E1.SAFE,2019-06-23T03:50:44
nw-0087-00-000087,nw-0087-00-000087.jpg,images/nw-0087-00-000087.jpg,nw,0,water,,0,640,640,S1_20190623_154011_154151_VV_75,S1A_IW_GRDH_1SDV_20190623T154126_20190623T154151_027809_0323A6_DF6C.SAFE,2019-06-23T15:40:11
nw-0088-00-000088,nw-0088-00-000088.jpg,images/nw-0088-00-000088.jpg,nw,0,water,,0,640,640,S1_20190624_034301_034441_VV_152,S1A_IW_GRDH_1SDV_20190624T034351_20190624T034416_027816_0323DB_253E.SAFE,2019-06-24T03:43:01
nw-0089-00-000089,nw-0089-00-000089.jpg,images/nw-0089-00-000089.jpg,nw,0,water,,0,640,640,S1_20190716_035932_040112_VV_46,S1A_IW_GRDH_1SDV_20190716T040022_20190716T040047_028137_032D90_2975.SAFE,2019-07-16T03:59:32
nw-0090-00-000090,nw-0090-00-000090.jpg,images/nw-0090-00-000090.jpg,nw,0,water,,0,640,640,S1_20190716_035932_040112_VV_58,S1A_IW_GRDH_1SDV_20190716T040022_20190716T040047_028137_032D90_2975.SAFE,2019-07-16T03:59:32
nw-0091-00-000091,nw-0091-00-000091.jpg,images/nw-0091-00-000091.jpg,nw,0,water,,0,640,640,S1_20190729_035046_035225_VV_1,S1B_IW_GRDH_1SDV_20190729T035046_20190729T035111_017343_0209D6_0255.SAFE,2019-07-29T03:50:46
nw-0092-00-000092,nw-0092-00-000092.jpg,images/nw-0092-00-000092.jpg,nw,0,water,,0,640,640,S1_20190730_034303_034443_VV_163,S1A_IW_GRDH_1SDV_20190730T034353_20190730T034418_028341_0333D2_2D41.SAFE,2019-07-30T03:43:03
nw-0093-00-000093,nw-0093-00-000093.jpg,images/nw-0093-00-000093.jpg,nw,0,water,,0,640,640,S1_20190730_034303_034443_VV_28,S1A_IW_GRDH_1SDV_20190730T034303_20190730T034328_028341_0333D2_2F03.SAFE,2019-07-30T03:43:03
nw-0094-00-000094,nw-0094-00-000094.jpg,images/nw-0094-00-000094.jpg,nw,0,water,,0,640,640,S1_20190811_034304_034444_VV_17,S1A_IW_GRDH_1SDV_20190811T034304_20190811T034329_028516_03394F_1357.SAFE,2019-08-11T03:43:04
nw-0095-00-000095,nw-0095-00-000095.jpg,images/nw-0095-00-000095.jpg,nw,0,water,,0,640,640,S1_20190821_035934_040114_VV_62,S1A_IW_GRDH_1SDV_20190821T040024_20190821T040049_028662_033E63_3BDB.SAFE,2019-08-21T03:59:34
nw-0096-00-000096,nw-0096-00-000096.jpg,images/nw-0096-00-000096.jpg,nw,0,water,,0,640,640,S1_20190822_154015_154155_VV_41,S1A_IW_GRDH_1SDV_20190822T154130_20190822T154155_028684_033F1B_7F0B.SAFE,2019-08-22T15:40:15
nw-0097-00-000097,nw-0097-00-000097.jpg,images/nw-0097-00-000097.jpg,nw,0,water,,0,640,640,S1_20190827_035858_040037_VV_59,S1B_IW_GRDH_1SDV_20190827T035948_20190827T040013_017766_0216ED_1CA7.SAFE,2019-08-27T03:58:58
nw-0098-00-000098,nw-0098-00-000098.jpg,images/nw-0098-00-000098.jpg,nw,0,water,,0,640,640,S1_20190827_035858_040037_VV_93,S1B_IW_GRDH_1SDV_20190827T035948_20190827T040013_017766_0216ED_1CA7.SAFE,2019-08-27T03:58:58
nw-0099-00-000099,nw-0099-00-000099.jpg,images/nw-0099-00-000099.jpg,nw,0,water,,0,640,640,S1_20190828_153950_154105_VV_47,S1B_IW_GRDH_1SDV_20190828T154040_20190828T154105_017788_02179A_9F35.SAFE,2019-08-28T15:39:50
nw-0100-00-000100,nw-0100-00-000100.jpg,images/nw-0100-00-000100.jpg,nw,0,water,,0,640,640,S1_20190902_035935_040115_VV_48,S1A_IW_GRDH_1SDV_20190902T035935_20190902T040000_028837_03447B_7C6D.SAFE,2019-09-02T03:59:35
nw-0101-00-000101,nw-0101-00-000101.jpg,images/nw-0101-00-000101.jpg,nw,0,water,,0,640,640,S1_20190903_035048_035227_VV_14,S1B_IW_GRDH_1SDV_20190903T035048_20190903T035113_017868_021A04_F4FB.SAFE,2019-09-03T03:50:48
nw-0102-00-000102,nw-0102-00-000102.jpg,images/nw-0102-00-000102.jpg,nw,0,water,,0,640,640,S1_20190904_034305_034445_VV_114,S1A_IW_GRDH_1SDV_20190904T034420_20190904T034445_028866_034579_337E.SAFE,2019-09-04T03:43:05
nw-0103-00-000103,nw-0103-00-000103.jpg,images/nw-0103-00-000103.jpg,nw,0,water,,0,640,640,S1_20190904_034305_034445_VV_58,S1A_IW_GRDH_1SDV_20190904T034330_20190904T034355_028866_034579_E422.SAFE,2019-09-04T03:43:05
nw-0104-00-000104,nw-0104-00-000104.jpg,images/nw-0104-00-000104.jpg,nw,0,water,,0,640,640,S1_20190904_034305_034445_VV_64,S1A_IW_GRDH_1SDV_20190904T034330_20190904T034355_028866_034579_E422.SAFE,2019-09-04T03:43:05
nw-0105-00-000105,nw-0105-00-000105.jpg,images/nw-0105-00-000105.jpg,nw,0,water,,0,640,640,S1_20190904_034305_034445_VV_71,S1A_IW_GRDH_1SDV_20190904T034330_20190904T034355_028866_034579_E422.SAFE,2019-09-04T03:43:05
nw-0106-00-000106,nw-0106-00-000106.jpg,images/nw-0106-00-000106.jpg,nw,0,water,,0,640,640,S1_20190910_034226_034406_VV_113,S1B_IW_GRDH_1SDV_20190910T034341_20190910T034406_017970_021D4F_51B0.SAFE,2019-09-10T03:42:26
nw-0107-00-000107,nw-0107-00-000107.jpg,images/nw-0107-00-000107.jpg,nw,0,water,,0,640,640,S1_20190910_034226_034406_VV_193,S1B_IW_GRDH_1SDV_20190910T034341_20190910T034406_017970_021D4F_51B0.SAFE,2019-09-10T03:42:26
nw-0108-00-000108,nw-0108-00-000108.jpg,images/nw-0108-00-000108.jpg,nw,0,water,,0,640,640,S1_20190910_034226_034406_VV_72,S1B_IW_GRDH_1SDV_20190910T034251_20190910T034316_017970_021D4F_07F7.SAFE,2019-09-10T03:42:26
nw-0109-00-000109,nw-0109-00-000109.jpg,images/nw-0109-00-000109.jpg,nw,0,water,,0,640,640,S1_20190926_035936_040116_VV_4,S1A_IW_GRDH_1SDV_20190926T035936_20190926T040001_029187_035080_891A.SAFE,2019-09-26T03:59:36
nw-0110-00-000110,nw-0110-00-000110.jpg,images/nw-0110-00-000110.jpg,nw,0,water,,0,640,640,S1_20190926_035936_040116_VV_78,S1A_IW_GRDH_1SDV_20190926T040001_20190926T040026_029187_035080_FDB2.SAFE;S1A_IW_GRDH_1SDV_20190926T035936_20190926T040001_029187_035080_891A.SAFE,2019-09-26T03:59:36
nw-0111-00-000111,nw-0111-00-000111.jpg,images/nw-0111-00-000111.jpg,nw,0,water,,0,640,640,S1_20190926_154755_154935_VV_100,S1B_IW_GRDH_1SDV_20190926T154845_20190926T154910_018211_0224A2_64E7.SAFE,2019-09-26T15:47:55
nw-0112-00-000112,nw-0112-00-000112.jpg,images/nw-0112-00-000112.jpg,nw,0,water,,0,640,640,S1_20190926_154755_154935_VV_32,S1B_IW_GRDH_1SDV_20190926T154820_20190926T154845_018211_0224A2_1533.SAFE,2019-09-26T15:47:55
nw-0113-00-000113,nw-0113-00-000113.jpg,images/nw-0113-00-000113.jpg,nw,0,water,,0,640,640,S1_20190928_034306_034446_VV_63,S1A_IW_GRDH_1SDV_20190928T034306_20190928T034331_029216_035188_C68D.SAFE,2019-09-28T03:43:06
nw-0114-00-000114,nw-0114-00-000114.jpg,images/nw-0114-00-000114.jpg,nw,0,water,,0,640,640,S1_20190930_160458_160638_VV_9,S1A_IW_GRDH_1SDV_20190930T160548_20190930T160613_029253_0352E1_E2DE.SAFE,2019-09-30T16:04:58
nw-0115-00-000115,nw-0115-00-000115.jpg,images/nw-0115-00-000115.jpg,nw,0,water,,0,640,640,S1_20191002_035859_040038_VV_112,S1B_IW_GRDH_1SDV_20191002T035949_20191002T040014_018291_022738_5054.SAFE,2019-10-02T03:58:59
nw-0116-00-000116,nw-0116-00-000116.jpg,images/nw-0116-00-000116.jpg,nw,0,water,,0,640,640,S1_20191002_035859_040038_VV_143,S1B_IW_GRDH_1SDV_20191002T040014_20191002T040038_018291_022738_7985.SAFE,2019-10-02T03:58:59
nw-0117-00-000117,nw-0117-00-000117.jpg,images/nw-0117-00-000117.jpg,nw,0,water,,0,640,640,S1_20191002_035859_040038_VV_157,S1B_IW_GRDH_1SDV_20191002T035859_20191002T035924_018291_022738_414F.SAFE,2019-10-02T03:58:59
nw-0118-00-000118,nw-0118-00-000118.jpg,images/nw-0118-00-000118.jpg,nw,0,water,,0,640,640,S1_20191002_035859_040038_VV_80,S1B_IW_GRDH_1SDV_20191002T035949_20191002T040014_018291_022738_5054.SAFE,2019-10-02T03:58:59
nw-0119-00-000119,nw-0119-00-000119.jpg,images/nw-0119-00-000119.jpg,nw,0,water,,0,640,640,S1_20191002_035859_040038_VV_96,S1B_IW_GRDH_1SDV_20191002T035949_20191002T040014_018291_022738_5054.SAFE,2019-10-02T03:58:59
nw-0120-00-000120,nw-0120-00-000120.jpg,images/nw-0120-00-000120.jpg,nw,0,water,,0,640,640,S1_20191002_154845_155025_VV_62,S1A_IW_GRDH_1SDV_20191002T154935_20191002T155000_029282_0353D1_AD9D.SAFE,2019-10-02T15:48:45
nw-0121-00-000121,nw-0121-00-000121.jpg,images/nw-0121-00-000121.jpg,nw,0,water,,0,640,640,S1_20191003_035126_035307_VV_111,S1A_IW_GRDH_1SDV_20191003T035216_20191003T035241_029289_035408_850A.SAFE,2019-10-03T03:51:26
nw-0122-00-000122,nw-0122-00-000122.jpg,images/nw-0122-00-000122.jpg,nw,0,water,,0,640,640,S1_20191003_035126_035307_VV_53,S1A_IW_GRDH_1SDV_20191003T035241_20191003T035307_029289_035408_5AB5.SAFE;S1A_IW_GRDH_1SDV_20191003T035216_20191003T035241_029289_035408_850A.SAFE,2019-10-03T03:51:26
nw-0123-00-000123,nw-0123-00-000123.jpg,images/nw-0123-00-000123.jpg,nw,0,water,,0,640,640,S1_20191004_034227_034407_VV_119,S1B_IW_GRDH_1SDV_20191004T034317_20191004T034342_018320_02282B_4A6D.SAFE,2019-10-04T03:42:27
nw-0124-00-000124,nw-0124-00-000124.jpg,images/nw-0124-00-000124.jpg,nw,0,water,,0,640,640,S1_20191004_034227_034407_VV_153,S1B_IW_GRDH_1SDV_20191004T034317_20191004T034342_018320_02282B_4A6D.SAFE,2019-10-04T03:42:27
nw-0125-00-000125,nw-0125-00-000125.jpg,images/nw-0125-00-000125.jpg,nw,0,water,,0,640,640,S1_20191004_034227_034407_VV_156,S1B_IW_GRDH_1SDV_20191004T034317_20191004T034342_018320_02282B_4A6D.SAFE,2019-10-04T03:42:27
nw-0126-00-000126,nw-0126-00-000126.jpg,images/nw-0126-00-000126.jpg,nw,0,water,,0,640,640,S1_20191004_034227_034407_VV_170,S1B_IW_GRDH_1SDV_20191004T034317_20191004T034342_018320_02282B_4A6D.SAFE,2019-10-04T03:42:27
nw-0127-00-000127,nw-0127-00-000127.jpg,images/nw-0127-00-000127.jpg,nw,0,water,,0,640,640,S1_20191004_034227_034407_VV_190,S1B_IW_GRDH_1SDV_20191004T034227_20191004T034252_018320_02282B_0F0F.SAFE,2019-10-04T03:42:27
nw-0128-00-000128,nw-0128-00-000128.jpg,images/nw-0128-00-000128.jpg,nw,0,water,,0,640,640,S1_20191007_155647_155827_VV_29,S1A_IW_GRDH_1SDV_20191007T155712_20191007T155737_029355_035652_8FCF.SAFE,2019-10-07T15:56:47
nw-0129-00-000129,nw-0129-00-000129.jpg,images/nw-0129-00-000129.jpg,nw,0,water,,0,640,640,S1_20191007_155647_155827_VV_38,S1A_IW_GRDH_1SDV_20191007T155712_20191007T155737_029355_035652_8FCF.SAFE,2019-10-07T15:56:47
nw-0130-00-000130,nw-0130-00-000130.jpg,images/nw-0130-00-000130.jpg,nw,0,water,,0,640,640,S1_20191007_155647_155827_VV_66,S1A_IW_GRDH_1SDV_20191007T155737_20191007T155802_029355_035652_1009.SAFE,2019-10-07T15:56:47
nw-0131-00-000131,nw-0131-00-000131.jpg,images/nw-0131-00-000131.jpg,nw,0,water,,0,640,640,S1_20191009_035049_035228_VV_32,S1B_IW_GRDH_1SDV_20191009T035114_20191009T035139_018393_022A5F_B79F.SAFE,2019-10-09T03:50:49
nw-0132-00-000132,nw-0132-00-000132.jpg,images/nw-0132-00-000132.jpg,nw,0,water,,0,640,640,S1_20191010_034306_034446_VV_54,S1A_IW_GRDH_1SDV_20191010T034331_20191010T034356_029391_035788_7CA8.SAFE,2019-10-10T03:43:06
nw-0133-00-000133,nw-0133-00-000133.jpg,images/nw-0133-00-000133.jpg,nw,0,water,,0,640,640,S1_20191010_034306_034446_VV_57,S1A_IW_GRDH_1SDV_20191010T034331_20191010T034356_029391_035788_7CA8.SAFE,2019-10-10T03:43:06
nw-0134-00-000134,nw-0134-00-000134.jpg,images/nw-0134-00-000134.jpg,nw,0,water,,0,640,640,S1_20191014_154845_155025_VV_20,S1A_IW_GRDH_1SDV_20191014T154910_20191014T154935_029457_0359DE_77C2.SAFE;S1A_IW_GRDH_1SDV_20191014T154845_20191014T154910_029457_0359DE_D1AE.SAFE,2019-10-14T15:48:45
nw-0135-00-000135,nw-0135-00-000135.jpg,images/nw-0135-00-000135.jpg,nw,0,water,,0,640,640,S1_20191021_035049_035228_VV_148,S1B_IW_GRDH_1SDV_20191021T035049_20191021T035114_018568_022FC0_D1AC.SAFE,2019-10-21T03:50:49
nw-0136-00-000136,nw-0136-00-000136.jpg,images/nw-0136-00-000136.jpg,nw,0,water,,0,640,640,S1_20191027_035126_035307_VV_29,S1A_IW_GRDH_1SDV_20191027T035126_20191027T035151_029639_036018_5E0C.SAFE,2019-10-27T03:51:26
nw-0137-00-000137,nw-0137-00-000137.jpg,images/nw-0137-00-000137.jpg,nw,0,water,,0,640,640,S1_20191029_033458_033638_VV_13,S1A_IW_GRDH_1SDV_20191029T033458_20191029T033523_029668_036124_BC57.SAFE,2019-10-29T03:34:58
nw-0138-00-000138,nw-0138-00-000138.jpg,images/nw-0138-00-000138.jpg,nw,0,water,,0,640,640,S1_20191030_160414_160554_VV_161,S1B_IW_GRDH_1SDV_20191030T160529_20191030T160554_018707_023425_8B2A.SAFE,2019-10-30T16:04:14
nw-0139-00-000139,nw-0139-00-000139.jpg,images/nw-0139-00-000139.jpg,nw,0,water,,0,640,640,S1_20191102_154017_154157_VV_112,S1A_IW_GRDH_1SDV_20191102T154132_20191102T154157_029734_036369_DF53.SAFE,2019-11-02T15:40:17
nw-0140-00-000140,nw-0140-00-000140.jpg,images/nw-0140-00-000140.jpg,nw,0,water,,0,640,640,S1_20191102_154017_154157_VV_90,S1A_IW_GRDH_1SDV_20191102T154042_20191102T154107_029734_036369_8794.SAFE,2019-11-02T15:40:17
nw-0141-00-000141,nw-0141-00-000141.jpg,images/nw-0141-00-000141.jpg,nw,0,water,,0,640,640,S1_20191119_154845_155025_VV_79,S1A_IW_GRDH_1SDV_20191119T155000_20191119T155025_029982_036C1D_0E50.SAFE,2019-11-19T15:48:45
nw-0142-00-000142,nw-0142-00-000142.jpg,images/nw-0142-00-000142.jpg,nw,0,water,,0,640,640,S1_20191120_035126_035307_VV_16,S1A_IW_GRDH_1SDV_20191120T035126_20191120T035151_029989_036C5B_1AC3.SAFE,2019-11-20T03:51:26
nw-0143-00-000143,nw-0143-00-000143.jpg,images/nw-0143-00-000143.jpg,nw,0,water,,0,640,640,S1_20191120_035126_035307_VV_38,S1A_IW_GRDH_1SDV_20191120T035126_20191120T035151_029989_036C5B_1AC3.SAFE,2019-11-20T03:51:26
nw-0144-00-000144,nw-0144-00-000144.jpg,images/nw-0144-00-000144.jpg,nw,0,water,,0,640,640,S1_20191120_035126_035307_VV_68,S1A_IW_GRDH_1SDV_20191120T035126_20191120T035151_029989_036C5B_1AC3.SAFE,2019-11-20T03:51:26
nw-0145-00-000145,nw-0145-00-000145.jpg,images/nw-0145-00-000145.jpg,nw,0,water,,0,640,640,S1_20191120_153951_154106_VV_84,S1B_IW_GRDH_1SDV_20191120T154041_20191120T154106_019013_023E0F_D976.SAFE,2019-11-20T15:39:51
nw-0146-00-000146,nw-0146-00-000146.jpg,images/nw-0146-00-000146.jpg,nw,0,water,,0,640,640,S1_20191121_034227_034407_VV_6,S1B_IW_GRDH_1SDV_20191121T034227_20191121T034252_019020_023E45_EAB3.SAFE,2019-11-21T03:42:27
nw-0147-00-000147,nw-0147-00-000147.jpg,images/nw-0147-00-000147.jpg,nw,0,water,,0,640,640,S1_20191123_160414_160554_VV_168,S1B_IW_GRDH_1SDV_20191123T160529_20191123T160554_019057_023F6D_872B.SAFE,2019-11-23T16:04:14
nw-0148-00-000148,nw-0148-00-000148.jpg,images/nw-0148-00-000148.jpg,nw,0,water,,0,640,640,S1_20191123_160414_160554_VV_201,S1B_IW_GRDH_1SDV_20191123T160529_20191123T160554_019057_023F6D_872B.SAFE,2019-11-23T16:04:14
nw-0149-00-000149,nw-0149-00-000149.jpg,images/nw-0149-00-000149.jpg,nw,0,water,,0,640,640,S1_20191123_160414_160554_VV_43,S1B_IW_GRDH_1SDV_20191123T160439_20191123T160504_019057_023F6D_FB3B.SAFE,2019-11-23T16:04:14
nw-0150-00-000150,nw-0150-00-000150.jpg,images/nw-0150-00-000150.jpg,nw,0,water,,0,640,640,S1_20191203_034226_034406_VV_150,S1B_IW_GRDH_1SDV_20191203T034316_20191203T034341_019195_0243D6_6D71.SAFE,2019-12-03T03:42:26
nw-0151-00-000151,nw-0151-00-000151.jpg,images/nw-0151-00-000151.jpg,nw,0,water,,0,640,640,S1_20191203_034226_034406_VV_167,S1B_IW_GRDH_1SDV_20191203T034316_20191203T034341_019195_0243D6_6D71.SAFE,2019-12-03T03:42:26
nw-0152-00-000152,nw-0152-00-000152.jpg,images/nw-0152-00-000152.jpg,nw,0,water,,0,640,640,S1_20191203_034226_034406_VV_18,S1B_IW_GRDH_1SDV_20191203T034226_20191203T034251_019195_0243D6_C23B.SAFE,2019-12-03T03:42:26
nw-0153-00-000153,nw-0153-00-000153.jpg,images/nw-0153-00-000153.jpg,nw,0,water,,0,640,640,S1_20191203_034226_034406_VV_183,S1B_IW_GRDH_1SDV_20191203T034316_20191203T034341_019195_0243D6_6D71.SAFE,2019-12-03T03:42:26
nw-0154-00-000154,nw-0154-00-000154.jpg,images/nw-0154-00-000154.jpg,nw,0,water,,0,640,640,S1_20191203_034226_034406_VV_19,S1B_IW_GRDH_1SDV_20191203T034226_20191203T034251_019195_0243D6_C23B.SAFE,2019-12-03T03:42:26
nw-0155-00-000155,nw-0155-00-000155.jpg,images/nw-0155-00-000155.jpg,nw,0,water,,0,640,640,S1_20191203_034226_034406_VV_70,S1B_IW_GRDH_1SDV_20191203T034226_20191203T034251_019195_0243D6_C23B.SAFE,2019-12-03T03:42:26
nw-0156-00-000156,nw-0156-00-000156.jpg,images/nw-0156-00-000156.jpg,nw,0,water,,0,640,640,S1_20191204_033502_033642_VV_34,S1A_IW_GRDH_1SDV_20191204T033502_20191204T033527_030193_037365_9BAB.SAFE,2019-12-04T03:35:02
nw-0157-00-000157,nw-0157-00-000157.jpg,images/nw-0157-00-000157.jpg,nw,0,water,,0,640,640,S1_20191206_155646_155826_VV_267,S1A_IW_GRDH_1SDV_20191206T155801_20191206T155826_030230_0374B1_B398.SAFE,2019-12-06T15:56:46
nw-0158-00-000158,nw-0158-00-000158.jpg,images/nw-0158-00-000158.jpg,nw,0,water,,0,640,640,S1_20191206_155646_155826_VV_272,S1A_IW_GRDH_1SDV_20191206T155801_20191206T155826_030230_0374B1_B398.SAFE,2019-12-06T15:56:46
nw-0159-00-000159,nw-0159-00-000159.jpg,images/nw-0159-00-000159.jpg,nw,0,water,,0,640,640,S1_20191206_155646_155826_VV_274,S1A_IW_GRDH_1SDV_20191206T155801_20191206T155826_030230_0374B1_B398.SAFE,2019-12-06T15:56:46
nw-0160-00-000160,nw-0160-00-000160.jpg,images/nw-0160-00-000160.jpg,nw,0,water,,0,640,640,S1_20191209_034306_034446_VV_17,S1A_IW_GRDH_1SDV_20191209T034306_20191209T034331_030266_0375E5_975E.SAFE,2019-12-09T03:43:06
nw-0161-00-000161,nw-0161-00-000161.jpg,images/nw-0161-00-000161.jpg,nw,0,water,,0,640,640,S1_20191218_155645_155825_VV_177,S1A_IW_GRDH_1SDV_20191218T155800_20191218T155825_030405_037AC0_AAC3.SAFE,2019-12-18T15:56:45
nw-0162-00-000162,nw-0162-00-000162.jpg,images/nw-0162-00-000162.jpg,nw,0,water,,0,640,640,S1_20191219_035935_040115_VV_70,S1A_IW_GRDH_1SDV_20191219T040000_20191219T040025_030412_037AF3_C394.SAFE,2019-12-19T03:59:35
nw-0163-00-000163,nw-0163-00-000163.jpg,images/nw-0163-00-000163.jpg,nw,0,water,,0,640,640,S1_20191219_035935_040115_VV_76,S1A_IW_GRDH_1SDV_20191219T040000_20191219T040025_030412_037AF3_C394.SAFE,2019-12-19T03:59:35
nw-0164-00-000164,nw-0164-00-000164.jpg,images/nw-0164-00-000164.jpg,nw,0,water,,0,640,640,S1_20191219_154753_154933_VV_243,S1B_IW_GRDH_1SDV_20191219T154908_20191219T154933_019436_024B6B_E2BB.SAFE,2019-12-19T15:47:53
nw-0165-00-000165,nw-0165-00-000165.jpg,images/nw-0165-00-000165.jpg,nw,0,water,,0,640,640,S1_20191220_035048_035227_VV_101,S1B_IW_GRDH_1SDV_20191220T035048_20191220T035113_019443_024BA5_28B4.SAFE,2019-12-20T03:50:48
nw-0166-00-000166,nw-0166-00-000166.jpg,images/nw-0166-00-000166.jpg,nw,0,water,,0,640,640,S1_20191220_154015_154155_VV_222,S1A_IW_GRDH_1SDV_20191220T154130_20191220T154155_030434_037BB3_2D8A.SAFE,2019-12-20T15:40:15
nw-0167-00-000167,nw-0167-00-000167.jpg,images/nw-0167-00-000167.jpg,nw,0,water,,0,640,640,S1_20191220_154015_154155_VV_239,S1A_IW_GRDH_1SDV_20191220T154130_20191220T154155_030434_037BB3_2D8A.SAFE,2019-12-20T15:40:15
nw-0168-00-000168,nw-0168-00-000168.jpg,images/nw-0168-00-000168.jpg,nw,0,water,,0,640,640,S1_20191220_154015_154155_VV_260,S1A_IW_GRDH_1SDV_20191220T154130_20191220T154155_030434_037BB3_2D8A.SAFE,2019-12-20T15:40:15
nw-0169-00-000169,nw-0169-00-000169.jpg,images/nw-0169-00-000169.jpg,nw,0,water,,0,640,640,S1_20191221_034305_034445_VV_117,S1A_IW_GRDH_1SDV_20191221T034330_20191221T034355_030441_037BF3_5BD0.SAFE,2019-12-21T03:43:05
nw-0170-00-000170,nw-0170-00-000170.jpg,images/nw-0170-00-000170.jpg,nw,0,water,,0,640,640,S1_20191221_034305_034445_VV_148,S1A_IW_GRDH_1SDV_20191221T034355_20191221T034420_030441_037BF3_EAD0.SAFE,2019-12-21T03:43:05
nw-0171-00-000171,nw-0171-00-000171.jpg,images/nw-0171-00-000171.jpg,nw,0,water,,0,640,640,S1_20191221_034305_034445_VV_157,S1A_IW_GRDH_1SDV_20191221T034420_20191221T034445_030441_037BF3_B34A.SAFE,2019-12-21T03:43:05
nw-0172-00-000172,nw-0172-00-000172.jpg,images/nw-0172-00-000172.jpg,nw,0,water,,0,640,640,S1_20191221_034305_034445_VV_50,S1A_IW_GRDH_1SDV_20191221T034305_20191221T034330_030441_037BF3_7BCE.SAFE,2019-12-21T03:43:05
nw-0173-01-000001,nw-0173-01-000001.jpg,images/nw-0173-01-000001.jpg,nw,0,water,,0,640,640,S1_20190101_034235_034350_VV_29,S1B_IW_GRDH_1SDV_20190101T034300_20190101T034325_014295_01A97E_39B8.SAFE;S1B_IW_GRDH_1SDV_20190101T034235_20190101T034300_014295_01A97E_458A.SAFE,2019-01-01T03:42:35
nw-0174-01-000002,nw-0174-01-000002.jpg,images/nw-0174-01-000002.jpg,nw,0,water,,0,640,640,S1_20190101_034235_034350_VV_30,S1B_IW_GRDH_1SDV_20190101T034300_20190101T034325_014295_01A97E_39B8.SAFE;S1B_IW_GRDH_1SDV_20190101T034235_20190101T034300_014295_01A97E_458A.SAFE,2019-01-01T03:42:35
nw-0175-01-000003,nw-0175-01-000003.jpg,images/nw-0175-01-000003.jpg,nw,0,water,,0,640,640,S1_20190104_155638_155818_VV_121,S1A_IW_GRDH_1SDV_20190104T155753_20190104T155818_025330_02CD9D_5240.SAFE,2019-01-04T15:56:38
nw-0176-01-000004,nw-0176-01-000004.jpg,images/nw-0176-01-000004.jpg,nw,0,water,,0,640,640,S1_20190107_034258_034438_VV_10,S1A_IW_GRDH_1SDV_20190107T034258_20190107T034323_025366_02CEEB_0BC0.SAFE,2019-01-07T03:42:58
nw-0177-01-000005,nw-0177-01-000005.jpg,images/nw-0177-01-000005.jpg,nw,0,water,,0,640,640,S1_20190107_034258_034438_VV_50,S1A_IW_GRDH_1SDV_20190107T034258_20190107T034323_025366_02CEEB_0BC0.SAFE,2019-01-07T03:42:58
nw-0178-01-000006,nw-0178-01-000006.jpg,images/nw-0178-01-000006.jpg,nw,0,water,,0,640,640,S1_20190112_035117_035259_VV_104,S1A_IW_GRDH_1SDV_20190112T035207_20190112T035232_025439_02D183_4040.SAFE,2019-01-12T03:51:17
nw-0179-01-000007,nw-0179-01-000007.jpg,images/nw-0179-01-000007.jpg,nw,0,water,,0,640,640,S1_20190117_154746_154926_VV_91,S1B_IW_GRDH_1SDV_20190117T154901_20190117T154926_014536_01B131_70CE.SAFE,2019-01-17T15:47:46
nw-0180-01-000008,nw-0180-01-000008.jpg,images/nw-0180-01-000008.jpg,nw,0,water,,0,640,640,S1_20190118_035040_035219_VV_137,S1B_IW_GRDH_1SDV_20190118T035105_20190118T035130_014543_01B170_C9E7.SAFE,2019-01-18T03:50:40
nw-0181-01-000009,nw-0181-01-000009.jpg,images/nw-0181-01-000009.jpg,nw,0,water,,0,640,640,S1_20190118_035040_035219_VV_64,S1B_IW_GRDH_1SDV_20190118T035040_20190118T035105_014543_01B170_CD8E.SAFE,2019-01-18T03:50:40
nw-0182-01-000010,nw-0182-01-000010.jpg,images/nw-0182-01-000010.jpg,nw,0,water,,0,640,640,S1_20190118_035040_035219_VV_69,S1B_IW_GRDH_1SDV_20190118T035040_20190118T035105_014543_01B170_CD8E.SAFE,2019-01-18T03:50:40
nw-0183-01-000011,nw-0183-01-000011.jpg,images/nw-0183-01-000011.jpg,nw,0,water,,0,640,640,S1_20190119_034258_034438_VV_39,S1A_IW_GRDH_1SDV_20190119T034258_20190119T034323_025541_02D53C_2934.SAFE,2019-01-19T03:42:58
nw-0184-01-000012,nw-0184-01-000012.jpg,images/nw-0184-01-000012.jpg,nw,0,water,,0,640,640,S1_20190119_034258_034438_VV_77,S1A_IW_GRDH_1SDV_20190119T034323_20190119T034348_025541_02D53C_8F34.SAFE,2019-01-19T03:42:58
nw-0185-01-000013,nw-0185-01-000013.jpg,images/nw-0185-01-000013.jpg,nw,0,water,,0,640,640,S1_20190121_160449_160629_VV_22,S1A_IW_GRDH_1SDV_20190121T160539_20190121T160604_025578_02D6AC_F0BF.SAFE,2019-01-21T16:04:49
nw-0186-01-000014,nw-0186-01-000014.jpg,images/nw-0186-01-000014.jpg,nw,0,water,,0,640,640,S1_20190121_160449_160629_VV_42,S1A_IW_GRDH_1SDV_20190121T160539_20190121T160604_025578_02D6AC_F0BF.SAFE,2019-01-21T16:04:49
nw-0187-01-000015,nw-0187-01-000015.jpg,images/nw-0187-01-000015.jpg,nw,0,water,,0,640,640,S1_20190122_155641_155735_VV_80,S1B_IW_GRDH_1SDV_20190122T155641_20190122T155710_014609_01B38C_DBD6.SAFE,2019-01-22T15:56:41
nw-0188-01-000016,nw-0188-01-000016.jpg,images/nw-0188-01-000016.jpg,nw,0,water,,0,640,640,S1_20190123_154836_155016_VV_10,S1A_IW_GRDH_1SDV_20190123T154951_20190123T155016_025607_02D7AD_28B7.SAFE,2019-01-23T15:48:36
nw-0189-01-000017,nw-0189-01-000017.jpg,images/nw-0189-01-000017.jpg,nw,0,water,,0,640,640,S1_20190202_160449_160629_VV_127,S1A_IW_GRDH_1SDV_20190202T160604_20190202T160629_025753_02DD0D_834D.SAFE,2019-02-02T16:04:49
nw-0190-01-000018,nw-0190-01-000018.jpg,images/nw-0190-01-000018.jpg,nw,0,water,,0,640,640,S1_20190202_160449_160629_VV_20,S1A_IW_GRDH_1SDV_20190202T160539_20190202T160604_025753_02DD0D_1EB4.SAFE,2019-02-02T16:04:49
nw-0191-01-000019,nw-0191-01-000019.jpg,images/nw-0191-01-000019.jpg,nw,0,water,,0,640,640,S1_20190203_155641_155735_VV_12,S1B_IW_GRDH_1SDV_20190203T155710_20190203T155735_014784_01B937_1B6C.SAFE,2019-02-03T15:56:41
nw-0192-01-000020,nw-0192-01-000020.jpg,images/nw-0192-01-000020.jpg,nw,0,water,,0,640,640,S1_20190208_160405_160545_VV_76,S1B_IW_GRDH_1SDV_20190208T160520_20190208T160545_014857_01BBA6_32E4.SAFE,2019-02-08T16:04:05
nw-0193-01-000021,nw-0193-01-000021.jpg,images/nw-0193-01-000021.jpg,nw,0,water,,0,640,640,S1_20190217_153942_154057_VV_14,S1B_IW_GRDH_1SDV_20190217T154007_20190217T154032_014988_01BFFD_30F0.SAFE,2019-02-17T15:39:42
nw-0194-01-000022,nw-0194-01-000022.jpg,images/nw-0194-01-000022.jpg,nw,0,water,,0,640,640,S1_20190217_153942_154057_VV_15,S1B_IW_GRDH_1SDV_20190217T154007_20190217T154032_014988_01BFFD_30F0.SAFE,2019-02-17T15:39:42
nw-0195-01-000023,nw-0195-01-000023.jpg,images/nw-0195-01-000023.jpg,nw,0,water,,0,640,640,S1_20190218_034234_034349_VV_76,S1B_IW_GRDH_1SDV_20190218T034234_20190218T034259_014995_01C035_8F1B.SAFE,2019-02-18T03:42:34
nw-0196-01-000024,nw-0196-01-000024.jpg,images/nw-0196-01-000024.jpg,nw,0,water,,0,640,640,S1_20190220_160404_160544_VV_77,S1B_IW_GRDH_1SDV_20190220T160519_20190220T160544_015032_01C169_37F7.SAFE,2019-02-20T16:04:04
nw-0197-01-000025,nw-0197-01-000025.jpg,images/nw-0197-01-000025.jpg,nw,0,water,,0,640,640,S1_20190221_155637_155817_VV_62,S1A_IW_GRDH_1SDV_20190221T155727_20190221T155752_026030_02E6CF_E2B0.SAFE,2019-02-21T15:56:37
nw-0198-01-000026,nw-0198-01-000026.jpg,images/nw-0198-01-000026.jpg,nw,0,water,,0,640,640,S1_20190222_154745_154925_VV_182,S1B_IW_GRDH_1SDV_20190222T154835_20190222T154900_015061_01C24C_E464.SAFE,2019-02-22T15:47:45
nw-0199-01-000027,nw-0199-01-000027.jpg,images/nw-0199-01-000027.jpg,nw,0,water,,0,640,640,S1_20190222_154745_154925_VV_329,S1B_IW_GRDH_1SDV_20190222T154810_20190222T154835_015061_01C24C_9BBE.SAFE,2019-02-22T15:47:45
nw-0200-01-000028,nw-0200-01-000028.jpg,images/nw-0200-01-000028.jpg,nw,0,water,,0,640,640,S1_20190223_035040_035219_VV_2,S1B_IW_GRDH_1SDV_20190223T035040_20190223T035105_015068_01C287_5EB6.SAFE,2019-02-23T03:50:40
nw-0201-01-000029,nw-0201-01-000029.jpg,images/nw-0201-01-000029.jpg,nw,0,water,,0,640,640,S1_20190223_154007_154147_VV_144,S1A_IW_GRDH_1SDV_20190223T154057_20190223T154122_026059_02E7D6_A9E6.SAFE,2019-02-23T15:40:07
nw-0202-01-000030,nw-0202-01-000030.jpg,images/nw-0202-01-000030.jpg,nw,0,water,,0,640,640,S1_20190224_034257_034437_VV_119,S1A_IW_GRDH_1SDV_20190224T034347_20190224T034412_026066_02E816_11C9.SAFE,2019-02-24T03:42:57
nw-0203-01-000031,nw-0203-01-000031.jpg,images/nw-0203-01-000031.jpg,nw,0,water,,0,640,640,S1_20190228_154835_155015_VV_18,S1A_IW_GRDH_1SDV_20190228T154925_20190228T154950_026132_02EA77_CDD9.SAFE,2019-02-28T15:48:35
nw-0204-01-000032,nw-0204-01-000032.jpg,images/nw-0204-01-000032.jpg,nw,0,water,,0,640,640,S1_20190228_154835_155015_VV_8,S1A_IW_GRDH_1SDV_20190228T154835_20190228T154900_026132_02EA77_0A79.SAFE,2019-02-28T15:48:35
nw-0205-01-000033,nw-0205-01-000033.jpg,images/nw-0205-01-000033.jpg,nw,0,water,,0,640,640,S1_20190304_160404_160544_VV_73,S1B_IW_GRDH_1SDV_20190304T160429_20190304T160454_015207_01C72A_60D4.SAFE,2019-03-04T16:04:04
nw-0206-01-000034,nw-0206-01-000034.jpg,images/nw-0206-01-000034.jpg,nw,0,water,,0,640,640,S1_20190306_035926_040106_VV_304,S1A_IW_GRDH_1SDV_20190306T040016_20190306T040041_026212_02ED51_9536.SAFE,2019-03-06T03:59:26
nw-0207-01-000035,nw-0207-01-000035.jpg,images/nw-0207-01-000035.jpg,nw,0,water,,0,640,640,S1_20190306_154745_154925_VV_27,S1B_IW_GRDH_1SDV_20190306T154810_20190306T154835_015236_01C814_5AC6.SAFE,2019-03-06T15:47:45
nw-0208-01-000036,nw-0208-01-000036.jpg,images/nw-0208-01-000036.jpg,nw,0,water,,0,640,640,S1_20190307_035039_035218_VV_73,S1B_IW_GRDH_1SDV_20190307T035129_20190307T035154_015243_01C850_97F9.SAFE,2019-03-07T03:50:39
nw-0209-01-000037,nw-0209-01-000037.jpg,images/nw-0209-01-000037.jpg,nw,0,water,,0,640,640,S1_20190308_034257_034437_VV_34,S1A_IW_GRDH_1SDV_20190308T034257_20190308T034322_026241_02EE61_4F36.SAFE,2019-03-08T03:42:57
nw-0210-01-000038,nw-0210-01-000038.jpg,images/nw-0210-01-000038.jpg,nw,0,water,,0,640,640,S1_20190308_153127_153307_VV_381,S1B_IW_GRDH_1SDV_20190308T153242_20190308T153307_015265_01C8FF_79CB.SAFE,2019-03-08T15:31:27
nw-0211-01-000039,nw-0211-01-000039.jpg,images/nw-0211-01-000039.jpg,nw,0,water,,0,640,640,S1_20190309_033408_033548_VV_49,S1B_IW_GRDH_1SDV_20190309T033433_20190309T033458_015272_01C939_A199.SAFE,2019-03-09T03:34:08
nw-0212-01-000040,nw-0212-01-000040.jpg,images/nw-0212-01-000040.jpg,nw,0,water,,0,640,640,S1_20190319_035039_035218_VV_18,S1B_IW_GRDH_1SDV_20190319T035039_20190319T035104_015418_01CDFB_172B.SAFE,2019-03-19T03:50:39
nw-0213-01-000041,nw-0213-01-000041.jpg,images/nw-0213-01-000041.jpg,nw,0,water,,0,640,640,S1_20190319_154007_154147_VV_92,S1A_IW_GRDH_1SDV_20190319T154122_20190319T154147_026409_02F495_4D5C.SAFE,2019-03-19T15:40:07
nw-0214-01-000042,nw-0214-01-000042.jpg,images/nw-0214-01-000042.jpg,nw,0,water,,0,640,640,S1_20190320_034257_034437_VV_54,S1A_IW_GRDH_1SDV_20190320T034257_20190320T034322_026416_02F4D4_2093.SAFE,2019-03-20T03:42:57
nw-0215-01-000043,nw-0215-01-000043.jpg,images/nw-0215-01-000043.jpg,nw,0,water,,0,640,640,S1_20190323_155640_155734_VV_176,S1B_IW_GRDH_1SDV_20190323T155709_20190323T155734_015484_01D01A_C448.SAFE,2019-03-23T15:56:40
nw-0216-01-000044,nw-0216-01-000044.jpg,images/nw-0216-01-000044.jpg,nw,0,water,,0,640,640,S1_20190324_035850_040029_VV_23,S1B_IW_GRDH_1SDV_20190324T035850_20190324T035915_015491_01D05D_576D.SAFE,2019-03-24T03:58:50
nw-0217-01-000045,nw-0217-01-000045.jpg,images/nw-0217-01-000045.jpg,nw,0,water,,0,640,640,S1_20190324_154836_155016_VV_59,S1A_IW_GRDH_1SDV_20190324T154951_20190324T155016_026482_02F74C_6262.SAFE,2019-03-24T15:48:36
nw-0218-01-000046,nw-0218-01-000046.jpg,images/nw-0218-01-000046.jpg,nw,0,water,,0,640,640,S1_20190325_035117_035258_VV_21,S1A_IW_GRDH_1SDV_20190325T035117_20190325T035142_026489_02F78B_9B72.SAFE,2019-03-25T03:51:17
nw-0219-01-000047,nw-0219-01-000047.jpg,images/nw-0219-01-000047.jpg,nw,0,water,,0,640,640,S1_20190325_035117_035258_VV_9,S1A_IW_GRDH_1SDV_20190325T035117_20190325T035142_026489_02F78B_9B72.SAFE,2019-03-25T03:51:17
nw-0220-01-000048,nw-0220-01-000048.jpg,images/nw-0220-01-000048.jpg,nw,0,water,,0,640,640,S1_20190405_035850_040029_VV_101,S1B_IW_GRDH_1SDV_20190405T035940_20190405T040005_015666_01D628_676F.SAFE,2019-04-05T03:58:50
nw-0221-01-000049,nw-0221-01-000049.jpg,images/nw-0221-01-000049.jpg,nw,0,water,,0,640,640,S1_20190405_154836_155016_VV_180,S1A_IW_GRDH_1SDV_20190405T154901_20190405T154926_026657_02FDC3_00D2.SAFE,2019-04-05T15:48:36
nw-0222-01-000050,nw-0222-01-000050.jpg,images/nw-0222-01-000050.jpg,nw,0,water,,0,640,640,S1_20190405_154836_155016_VV_54,S1A_IW_GRDH_1SDV_20190405T154901_20190405T154926_026657_02FDC3_00D2.SAFE,2019-04-05T15:48:36
nw-0223-01-000051,nw-0223-01-000051.jpg,images/nw-0223-01-000051.jpg,nw,0,water,,0,640,640,S1_20190411_154746_154926_VV_68,S1B_IW_GRDH_1SDV_20190411T154836_20190411T154901_015761_01D947_D398.SAFE,2019-04-11T15:47:46
nw-0224-01-000052,nw-0224-01-000052.jpg,images/nw-0224-01-000052.jpg,nw,0,water,,0,640,640,S1_20190412_035040_035219_VV_103,S1B_IW_GRDH_1SDV_20190412T035105_20190412T035130_015768_01D985_01C9.SAFE,2019-04-12T03:50:40
nw-0225-01-000053,nw-0225-01-000053.jpg,images/nw-0225-01-000053.jpg,nw,0,water,,0,640,640,S1_20190423_035928_040108_VV_104,S1A_IW_GRDH_1SDV_20190423T040018_20190423T040043_026912_0306F7_E21A.SAFE,2019-04-23T03:59:28
nw-0226-01-000054,nw-0226-01-000054.jpg,images/nw-0226-01-000054.jpg,nw,0,water,,0,640,640,S1_20190423_154746_154926_VV_134,S1B_IW_GRDH_1SDV_20190423T154836_20190423T154901_015936_01DF14_E7F4.SAFE,2019-04-23T15:47:46
nw-0227-01-000055,nw-0227-01-000055.jpg,images/nw-0227-01-000055.jpg,nw,0,water,,0,640,640,S1_20190427_160450_160630_VV_89,S1A_IW_GRDH_1SDV_20190427T160540_20190427T160605_026978_03096D_E604.SAFE,2019-04-27T16:04:50
nw-0228-01-000056,nw-0228-01-000056.jpg,images/nw-0228-01-000056.jpg,nw,0,water,,0,640,640,S1_20190429_154837_155017_VV_16,S1A_IW_GRDH_1SDV_20190429T154837_20190429T154902_027007_030A73_8C50.SAFE,2019-04-29T15:48:37
nw-0229-01-000057,nw-0229-01-000057.jpg,images/nw-0229-01-000057.jpg,nw,0,water,,0,640,640,S1_20190429_154837_155017_VV_216,S1A_IW_GRDH_1SDV_20190429T154927_20190429T154952_027007_030A73_C58E.SAFE,2019-04-29T15:48:37
nw-0230-01-000058,nw-0230-01-000058.jpg,images/nw-0230-01-000058.jpg,nw,0,water,,0,640,640,S1_20190509_160450_160630_VV_14,S1A_IW_GRDH_1SDV_20190509T160515_20190509T160540_027153_030F91_9213.SAFE,2019-05-09T16:04:50
nw-0231-01-000059,nw-0231-01-000059.jpg,images/nw-0231-01-000059.jpg,nw,0,water,,0,640,640,S1_20190511_154837_155017_VV_81,S1A_IW_GRDH_1SDV_20190511T154952_20190511T155017_027182_031070_90C8.SAFE,2019-05-11T15:48:37
nw-0232-01-000060,nw-0232-01-000060.jpg,images/nw-0232-01-000060.jpg,nw,0,water,,0,640,640,S1_20190523_035852_040031_VV_0,S1B_IW_GRDH_1SDV_20190523T035852_20190523T035917_016366_01ECE8_CA6C.SAFE,2019-05-23T03:58:52
nw-0233-01-000061,nw-0233-01-000061.jpg,images/nw-0233-01-000061.jpg,nw,0,water,,0,640,640,S1_20190604_154838_155018_VV_76,S1A_IW_GRDH_1SDV_20190604T154928_20190604T154953_027532_031B5A_1FA3.SAFE,2019-06-04T15:48:38
nw-0234-01-000062,nw-0234-01-000062.jpg,images/nw-0234-01-000062.jpg,nw,0,water,,0,640,640,S1_20190611_035043_035222_VV_16,S1B_IW_GRDH_1SDV_20190611T035043_20190611T035108_016643_01F530_F253.SAFE,2019-06-11T03:50:43
nw-0235-01-000063,nw-0235-01-000063.jpg,images/nw-0235-01-000063.jpg,nw,0,water,,0,640,640,S1_20190611_154010_154150_VV_54,S1A_IW_GRDH_1SDV_20190611T154125_20190611T154150_027634_031E6E_BCB3.SAFE,2019-06-11T15:40:10
nw-0236-01-000064,nw-0236-01-000064.jpg,images/nw-0236-01-000064.jpg,nw,0,water,,0,640,640,S1_20190611_154010_154150_VV_90,S1A_IW_GRDH_1SDV_20190611T154125_20190611T154150_027634_031E6E_BCB3.SAFE,2019-06-11T15:40:10
nw-0237-01-000065,nw-0237-01-000065.jpg,images/nw-0237-01-000065.jpg,nw,0,water,,0,640,640,S1_20190616_035853_040032_VV_40,S1B_IW_GRDH_1SDV_20190616T035918_20190616T035943_016716_01F766_2E45.SAFE,2019-06-16T03:58:53
nw-0238-01-000066,nw-0238-01-000066.jpg,images/nw-0238-01-000066.jpg,nw,0,water,,0,640,640,S1_20190616_035853_040032_VV_41,S1B_IW_GRDH_1SDV_20190616T035918_20190616T035943_016716_01F766_2E45.SAFE,2019-06-16T03:58:53
nw-0239-01-000067,nw-0239-01-000067.jpg,images/nw-0239-01-000067.jpg,nw,0,water,,0,640,640,S1_20190616_035853_040032_VV_49,S1B_IW_GRDH_1SDV_20190616T035918_20190616T035943_016716_01F766_2E45.SAFE,2019-06-16T03:58:53
nw-0240-01-000068,nw-0240-01-000068.jpg,images/nw-0240-01-000068.jpg,nw,0,water,,0,640,640,S1_20190616_035853_040032_VV_52,S1B_IW_GRDH_1SDV_20190616T035918_20190616T035943_016716_01F766_2E45.SAFE,2019-06-16T03:58:53
nw-0241-01-000069,nw-0241-01-000069.jpg,images/nw-0241-01-000069.jpg,nw,0,water,,0,640,640,S1_20190616_154839_155019_VV_77,S1A_IW_GRDH_1SDV_20190616T154954_20190616T155019_027707_0320A3_41EC.SAFE,2019-06-16T15:48:39
nw-0242-01-000070,nw-0242-01-000070.jpg,images/nw-0242-01-000070.jpg,nw,0,water,,0,640,640,S1_20190617_035120_035301_VV_159,S1A_IW_GRDH_1SDV_20190617T035145_20190617T035210_027714_0320D5_4009.SAFE,2019-06-17T03:51:20
nw-0243-01-000071,nw-0243-01-000071.jpg,images/nw-0243-01-000071.jpg,nw,0,water,,0,640,640,S1_20190618_034221_034401_VV_64,S1B_IW_GRDH_1SDV_20190618T034311_20190618T034336_016745_01F848_5E80.SAFE,2019-06-18T03:42:21
nw-0244-01-000072,nw-0244-01-000072.jpg,images/nw-0244-01-000072.jpg,nw,0,water,,0,640,640,S1_20190623_035044_035223_VV_202,S1B_IW_GRDH_1SDV_20190623T035109_20190623T035134_016818_01FA62_8B22.SAFE,2019-06-23T03:50:44
nw-0245-01-000073,nw-0245-01-000073.jpg,images/nw-0245-01-000073.jpg,nw,0,water,,0,640,640,S1_20190623_035044_035223_VV_204,S1B_IW_GRDH_1SDV_20190623T035109_20190623T035134_016818_01FA62_8B22.SAFE,2019-06-23T03:50:44
nw-0246-01-000074,nw-0246-01-000074.jpg,images/nw-0246-01-000074.jpg,nw,0,water,,0,640,640,S1_20190628_035854_040033_VV_13,S1B_IW_GRDH_1SDV_20190628T035854_20190628T035919_016891_01FC8F_151B.SAFE,2019-06-28T03:58:54
nw-0247-01-000075,nw-0247-01-000075.jpg,images/nw-0247-01-000075.jpg,nw,0,water,,0,640,640,S1_20190709_155646_155740_VV_32,S1B_IW_GRDH_1SDV_20190709T155715_20190709T155740_017059_020187_FF25.SAFE,2019-07-09T15:56:46
nw-0248-01-000076,nw-0248-01-000076.jpg,images/nw-0248-01-000076.jpg,nw,0,water,,0,640,640,S1_20190716_035932_040112_VV_103,S1A_IW_GRDH_1SDV_20190716T040022_20190716T040047_028137_032D90_2975.SAFE,2019-07-16T03:59:32
nw-0249-01-000077,nw-0249-01-000077.jpg,images/nw-0249-01-000077.jpg,nw,0,water,,0,640,640,S1_20190718_034303_034443_VV_108,S1A_IW_GRDH_1SDV_20190718T034418_20190718T034443_028166_032E76_B00A.SAFE,2019-07-18T03:43:03
nw-0250-01-000078,nw-0250-01-000078.jpg,images/nw-0250-01-000078.jpg,nw,0,water,,0,640,640,S1_20190723_035122_035304_VV_79,S1A_IW_GRDH_1SDV_20190723T035212_20190723T035237_028239_0330A7_A061.SAFE,2019-07-23T03:51:22
nw-0251-01-000079,nw-0251-01-000079.jpg,images/nw-0251-01-000079.jpg,nw,0,water,,0,640,640,S1_20190724_034223_034403_VV_85,S1B_IW_GRDH_1SDV_20190724T034313_20190724T034338_017270_0207B2_7A9C.SAFE,2019-07-24T03:42:23
nw-0252-01-000080,nw-0252-01-000080.jpg,images/nw-0252-01-000080.jpg,nw,0,water,,0,640,640,S1_20190806_033501_033641_VV_9,S1A_IW_GRDH_1SDV_20190806T033501_20190806T033526_028443_0336DB_6632.SAFE,2019-08-06T03:35:01
nw-0253-01-000081,nw-0253-01-000081.jpg,images/nw-0253-01-000081.jpg,nw,0,water,,0,640,640,S1_20190810_035047_035226_VV_101,S1B_IW_GRDH_1SDV_20190810T035047_20190810T035112_017518_020F20_4C8A.SAFE,2019-08-10T03:50:47
nw-0254-01-000082,nw-0254-01-000082.jpg,images/nw-0254-01-000082.jpg,nw,0,water,,0,640,640,S1_20190811_034304_034444_VV_22,S1A_IW_GRDH_1SDV_20190811T034304_20190811T034329_028516_03394F_1357.SAFE,2019-08-11T03:43:04
nw-0255-01-000083,nw-0255-01-000083.jpg,images/nw-0255-01-000083.jpg,nw,0,water,,0,640,640,S1_20190814_155648_155742_VV_9,S1B_IW_GRDH_1SDV_20190814T155648_20190814T155717_017584_021134_3F1E.SAFE,2019-08-14T15:56:48
nw-0256-01-000084,nw-0256-01-000084.jpg,images/nw-0256-01-000084.jpg,nw,0,water,,0,640,640,S1_20190815_154843_155023_VV_17,S1A_IW_GRDH_1SDV_20190815T154908_20190815T154933_028582_033B99_01B4.SAFE,2019-08-15T15:48:43
nw-0257-01-000085,nw-0257-01-000085.jpg,images/nw-0257-01-000085.jpg,nw,0,water,,0,640,640,S1_20190816_035124_035305_VV_53,S1A_IW_GRDH_1SDV_20190816T035149_20190816T035214_028589_033BD4_FE5C.SAFE,2019-08-16T03:51:24
nw-0258-01-000086,nw-0258-01-000086.jpg,images/nw-0258-01-000086.jpg,nw,0,water,,0,640,640,S1_20190816_035124_035305_VV_62,S1A_IW_GRDH_1SDV_20190816T035214_20190816T035239_028589_033BD4_B8FD.SAFE,2019-08-16T03:51:24
nw-0259-01-000087,nw-0259-01-000087.jpg,images/nw-0259-01-000087.jpg,nw,0,water,,0,640,640,S1_20190817_034225_034405_VV_117,S1B_IW_GRDH_1SDV_20190817T034340_20190817T034405_017620_021260_79A2.SAFE,2019-08-17T03:42:25
nw-0260-01-000088,nw-0260-01-000088.jpg,images/nw-0260-01-000088.jpg,nw,0,water,,0,640,640,S1_20190821_035934_040114_VV_98,S1A_IW_GRDH_1SDV_20190821T040049_20190821T040114_028662_033E63_B88E.SAFE,2019-08-21T03:59:34
nw-0261-01-000089,nw-0261-01-000089.jpg,images/nw-0261-01-000089.jpg,nw,0,water,,0,640,640,S1_20190823_153135_153315_VV_409,S1B_IW_GRDH_1SDV_20190823T153225_20190823T153250_017715_021546_92F3.SAFE,2019-08-23T15:31:35
nw-0262-01-000090,nw-0262-01-000090.jpg,images/nw-0262-01-000090.jpg,nw,0,water,,0,640,640,S1_20190828_153950_154105_VV_74,S1B_IW_GRDH_1SDV_20190828T154040_20190828T154105_017788_02179A_9F35.SAFE,2019-08-28T15:39:50
nw-0263-01-000091,nw-0263-01-000091.jpg,images/nw-0263-01-000091.jpg,nw,0,water,,0,640,640,S1_20190902_035935_040115_VV_29,S1A_IW_GRDH_1SDV_20190902T035935_20190902T040000_028837_03447B_7C6D.SAFE,2019-09-02T03:59:35
nw-0264-01-000092,nw-0264-01-000092.jpg,images/nw-0264-01-000092.jpg,nw,0,water,,0,640,640,S1_20190902_035935_040115_VV_35,S1A_IW_GRDH_1SDV_20190902T035935_20190902T040000_028837_03447B_7C6D.SAFE,2019-09-02T03:59:35
nw-0265-01-000093,nw-0265-01-000093.jpg,images/nw-0265-01-000093.jpg,nw,0,water,,0,640,640,S1_20190903_035048_035227_VV_46,S1B_IW_GRDH_1SDV_20190903T035048_20190903T035113_017868_021A04_F4FB.SAFE,2019-09-03T03:50:48
nw-0266-01-000094,nw-0266-01-000094.jpg,images/nw-0266-01-000094.jpg,nw,0,water,,0,640,640,S1_20190903_035048_035227_VV_56,S1B_IW_GRDH_1SDV_20190903T035138_20190903T035203_017868_021A04_85C3.SAFE,2019-09-03T03:50:48
nw-0267-01-000095,nw-0267-01-000095.jpg,images/nw-0267-01-000095.jpg,nw,0,water,,0,640,640,S1_20190903_035048_035227_VV_57,S1B_IW_GRDH_1SDV_20190903T035138_20190903T035203_017868_021A04_85C3.SAFE,2019-09-03T03:50:48
nw-0268-01-000096,nw-0268-01-000096.jpg,images/nw-0268-01-000096.jpg,nw,0,water,,0,640,640,S1_20190904_034305_034445_VV_119,S1A_IW_GRDH_1SDV_20190904T034420_20190904T034445_028866_034579_337E.SAFE,2019-09-04T03:43:05
nw-0269-01-000097,nw-0269-01-000097.jpg,images/nw-0269-01-000097.jpg,nw,0,water,,0,640,640,S1_20190904_034305_034445_VV_155,S1A_IW_GRDH_1SDV_20190904T034330_20190904T034355_028866_034579_E422.SAFE,2019-09-04T03:43:05
nw-0270-01-000098,nw-0270-01-000098.jpg,images/nw-0270-01-000098.jpg,nw,0,water,,0,640,640,S1_20190904_034305_034445_VV_98,S1A_IW_GRDH_1SDV_20190904T034355_20190904T034420_028866_034579_B50C.SAFE,2019-09-04T03:43:05
nw-0271-01-000099,nw-0271-01-000099.jpg,images/nw-0271-01-000099.jpg,nw,0,water,,0,640,640,S1_20190920_035859_040038_VV_10,S1B_IW_GRDH_1SDV_20190920T035949_20190920T040014_018116_0221CA_4A44.SAFE,2019-09-20T03:58:59
nw-0272-01-000100,nw-0272-01-000100.jpg,images/nw-0272-01-000100.jpg,nw,0,water,,0,640,640,S1_20190920_035859_040038_VV_5,S1B_IW_GRDH_1SDV_20190920T035949_20190920T040014_018116_0221CA_4A44.SAFE,2019-09-20T03:58:59
nw-0273-01-000101,nw-0273-01-000101.jpg,images/nw-0273-01-000101.jpg,nw,0,water,,0,640,640,S1_20190921_153951_154106_VV_32,S1B_IW_GRDH_1SDV_20190921T154041_20190921T154106_018138_022283_3509.SAFE,2019-09-21T15:39:51
nw-0274-01-000102,nw-0274-01-000102.jpg,images/nw-0274-01-000102.jpg,nw,0,water,,0,640,640,S1_20190925_155647_155827_VV_60,S1A_IW_GRDH_1SDV_20190925T155712_20190925T155737_029180_035045_0057.SAFE,2019-09-25T15:56:47
nw-0275-01-000103,nw-0275-01-000103.jpg,images/nw-0275-01-000103.jpg,nw,0,water,,0,640,640,S1_20190925_155647_155827_VV_86,S1A_IW_GRDH_1SDV_20190925T155712_20190925T155737_029180_035045_0057.SAFE,2019-09-25T15:56:47
nw-0276-01-000104,nw-0276-01-000104.jpg,images/nw-0276-01-000104.jpg,nw,0,water,,0,640,640,S1_20190926_154755_154935_VV_13,S1B_IW_GRDH_1SDV_20190926T154820_20190926T154845_018211_0224A2_1533.SAFE,2019-09-26T15:47:55
nw-0277-01-000105,nw-0277-01-000105.jpg,images/nw-0277-01-000105.jpg,nw,0,water,,0,640,640,S1_20190926_154755_154935_VV_137,S1B_IW_GRDH_1SDV_20190926T154910_20190926T154935_018211_0224A2_D216.SAFE,2019-09-26T15:47:55
nw-0278-01-000106,nw-0278-01-000106.jpg,images/nw-0278-01-000106.jpg,nw,0,water,,0,640,640,S1_20190926_154755_154935_VV_175,S1B_IW_GRDH_1SDV_20190926T154820_20190926T154845_018211_0224A2_1533.SAFE,2019-09-26T15:47:55
nw-0279-01-000107,nw-0279-01-000107.jpg,images/nw-0279-01-000107.jpg,nw,0,water,,0,640,640,S1_20190930_160458_160638_VV_10,S1A_IW_GRDH_1SDV_20190930T160548_20190930T160613_029253_0352E1_E2DE.SAFE,2019-09-30T16:04:58
nw-0280-01-000108,nw-0280-01-000108.jpg,images/nw-0280-01-000108.jpg,nw,0,water,,0,640,640,S1_20191001_155650_155744_VV_27,S1B_IW_GRDH_1SDV_20191001T155650_20191001T155719_018284_0226F3_A521.SAFE,2019-10-01T15:56:50
nw-0281-01-000109,nw-0281-01-000109.jpg,images/nw-0281-01-000109.jpg,nw,0,water,,0,640,640,S1_20191001_155650_155744_VV_47,S1B_IW_GRDH_1SDV_20191001T155650_20191001T155719_018284_0226F3_A521.SAFE,2019-10-01T15:56:50
nw-0282-01-000110,nw-0282-01-000110.jpg,images/nw-0282-01-000110.jpg,nw,0,water,,0,640,640,S1_20191002_035859_040038_VV_125,S1B_IW_GRDH_1SDV_20191002T040014_20191002T040038_018291_022738_7985.SAFE;S1B_IW_GRDH_1SDV_20191002T035949_20191002T040014_018291_022738_5054.SAFE,2019-10-02T03:58:59
nw-0283-01-000111,nw-0283-01-000111.jpg,images/nw-0283-01-000111.jpg,nw,0,water,,0,640,640,S1_20191002_035859_040038_VV_13,S1B_IW_GRDH_1SDV_20191002T035859_20191002T035924_018291_022738_414F.SAFE,2019-10-02T03:58:59
nw-0284-01-000112,nw-0284-01-000112.jpg,images/nw-0284-01-000112.jpg,nw,0,water,,0,640,640,S1_20191002_035859_040038_VV_22,S1B_IW_GRDH_1SDV_20191002T035924_20191002T035949_018291_022738_4C40.SAFE;S1B_IW_GRDH_1SDV_20191002T035859_20191002T035924_018291_022738_414F.SAFE,2019-10-02T03:58:59
nw-0285-01-000113,nw-0285-01-000113.jpg,images/nw-0285-01-000113.jpg,nw,0,water,,0,640,640,S1_20191002_035859_040038_VV_242,S1B_IW_GRDH_1SDV_20191002T035949_20191002T040014_018291_022738_5054.SAFE,2019-10-02T03:58:59
nw-0286-01-000114,nw-0286-01-000114.jpg,images/nw-0286-01-000114.jpg,nw,0,water,,0,640,640,S1_20191002_035859_040038_VV_272,S1B_IW_GRDH_1SDV_20191002T035949_20191002T040014_018291_022738_5054.SAFE,2019-10-02T03:58:59
nw-0287-01-000115,nw-0287-01-000115.jpg,images/nw-0287-01-000115.jpg,nw,0,water,,0,640,640,S1_20191002_035859_040038_VV_85,S1B_IW_GRDH_1SDV_20191002T035949_20191002T040014_018291_022738_5054.SAFE,2019-10-02T03:58:59
nw-0288-01-000116,nw-0288-01-000116.jpg,images/nw-0288-01-000116.jpg,nw,0,water,,0,640,640,S1_20191002_154845_155025_VV_24,S1A_IW_GRDH_1SDV_20191002T154910_20191002T154935_029282_0353D1_55BD.SAFE,2019-10-02T15:48:45
nw-0289-01-000117,nw-0289-01-000117.jpg,images/nw-0289-01-000117.jpg,nw,0,water,,0,640,640,S1_20191003_035126_035307_VV_101,S1A_IW_GRDH_1SDV_20191003T035151_20191003T035216_029289_035408_EF44.SAFE,2019-10-03T03:51:26
nw-0290-01-000118,nw-0290-01-000118.jpg,images/nw-0290-01-000118.jpg,nw,0,water,,0,640,640,S1_20191005_033503_033643_VV_27,S1A_IW_GRDH_1SDV_20191005T033503_20191005T033528_029318_035507_57C3.SAFE,2019-10-05T03:35:03
nw-0291-01-000119,nw-0291-01-000119.jpg,images/nw-0291-01-000119.jpg,nw,0,water,,0,640,640,S1_20191008_035936_040116_VV_58,S1A_IW_GRDH_1SDV_20191008T040001_20191008T040026_029362_03568A_1887.SAFE,2019-10-08T03:59:36
nw-0292-01-000120,nw-0292-01-000120.jpg,images/nw-0292-01-000120.jpg,nw,0,water,,0,640,640,S1_20191008_154754_154934_VV_156,S1B_IW_GRDH_1SDV_20191008T154844_20191008T154909_018386_022A2C_1FB0.SAFE,2019-10-08T15:47:54
nw-0293-01-000121,nw-0293-01-000121.jpg,images/nw-0293-01-000121.jpg,nw,0,water,,0,640,640,S1_20191008_154754_154934_VV_191,S1B_IW_GRDH_1SDV_20191008T154909_20191008T154934_018386_022A2C_AF1F.SAFE,2019-10-08T15:47:54
nw-0294-01-000122,nw-0294-01-000122.jpg,images/nw-0294-01-000122.jpg,nw,0,water,,0,640,640,S1_20191010_034306_034446_VV_61,S1A_IW_GRDH_1SDV_20191010T034331_20191010T034356_029391_035788_7CA8.SAFE,2019-10-10T03:43:06
nw-0295-01-000123,nw-0295-01-000123.jpg,images/nw-0295-01-000123.jpg,nw,0,water,,0,640,640,S1_20191019_155647_155827_VV_73,S1A_IW_GRDH_1SDV_20191019T155737_20191019T155802_029530_035C5B_E72A.SAFE,2019-10-19T15:56:47
nw-0296-01-000124,nw-0296-01-000124.jpg,images/nw-0296-01-000124.jpg,nw,0,water,,0,640,640,S1_20191020_035936_040116_VV_82,S1A_IW_GRDH_1SDV_20191020T040026_20191020T040051_029537_035C98_A5AA.SAFE,2019-10-20T03:59:36
nw-0297-01-000125,nw-0297-01-000125.jpg,images/nw-0297-01-000125.jpg,nw,0,water,,0,640,640,S1_20191021_035049_035228_VV_78,S1B_IW_GRDH_1SDV_20191021T035114_20191021T035139_018568_022FC0_0980.SAFE,2019-10-21T03:50:49
nw-0298-01-000126,nw-0298-01-000126.jpg,images/nw-0298-01-000126.jpg,nw,0,water,,0,640,640,S1_20191021_035049_035228_VV_86,S1B_IW_GRDH_1SDV_20191021T035114_20191021T035139_018568_022FC0_0980.SAFE,2019-10-21T03:50:49
nw-0299-01-000127,nw-0299-01-000127.jpg,images/nw-0299-01-000127.jpg,nw,0,water,,0,640,640,S1_20191021_154016_154156_VV_56,S1A_IW_GRDH_1SDV_20191021T154131_20191021T154156_029559_035D56_1CD1.SAFE,2019-10-21T15:40:16
nw-0300-01-000128,nw-0300-01-000128.jpg,images/nw-0300-01-000128.jpg,nw,0,water,,0,640,640,S1_20191022_034306_034446_VV_121,S1A_IW_GRDH_1SDV_20191022T034331_20191022T034356_029566_035D93_9262.SAFE,2019-10-22T03:43:06
nw-0301-01-000129,nw-0301-01-000129.jpg,images/nw-0301-01-000129.jpg,nw,0,water,,0,640,640,S1_20191029_033458_033638_VV_32,S1A_IW_GRDH_1SDV_20191029T033458_20191029T033523_029668_036124_BC57.SAFE,2019-10-29T03:34:58
nw-0302-01-000130,nw-0302-01-000130.jpg,images/nw-0302-01-000130.jpg,nw,0,water,,0,640,640,S1_20191030_160414_160554_VV_41,S1B_IW_GRDH_1SDV_20191030T160439_20191030T160504_018707_023425_6ED4.SAFE,2019-10-30T16:04:14
nw-0303-01-000131,nw-0303-01-000131.jpg,images/nw-0303-01-000131.jpg,nw,0,water,,0,640,640,S1_20191030_160414_160554_VV_45,S1B_IW_GRDH_1SDV_20191030T160504_20191030T160529_018707_023425_5A68.SAFE,2019-10-30T16:04:14
nw-0304-01-000132,nw-0304-01-000132.jpg,images/nw-0304-01-000132.jpg,nw,0,water,,0,640,640,S1_20191030_160414_160554_VV_60,S1B_IW_GRDH_1SDV_20191030T160504_20191030T160529_018707_023425_5A68.SAFE,2019-10-30T16:04:14
nw-0305-01-000133,nw-0305-01-000133.jpg,images/nw-0305-01-000133.jpg,nw,0,water,,0,640,640,S1_20191030_160414_160554_VV_71,S1B_IW_GRDH_1SDV_20191030T160504_20191030T160529_018707_023425_5A68.SAFE,2019-10-30T16:04:14
nw-0306-01-000134,nw-0306-01-000134.jpg,images/nw-0306-01-000134.jpg,nw,0,water,,0,640,640,S1_20191101_035936_040116_VV_19,S1A_IW_GRDH_1SDV_20191101T040001_20191101T040026_029712_0362AE_2614.SAFE,2019-11-01T03:59:36
nw-0307-01-000135,nw-0307-01-000135.jpg,images/nw-0307-01-000135.jpg,nw,0,water,,0,640,640,S1_20191102_154017_154157_VV_101,S1A_IW_GRDH_1SDV_20191102T154107_20191102T154132_029734_036369_FE5F.SAFE,2019-11-02T15:40:17
nw-0308-01-000136,nw-0308-01-000136.jpg,images/nw-0308-01-000136.jpg,nw,0,water,,0,640,640,S1_20191103_034307_034447_VV_66,S1A_IW_GRDH_1SDV_20191103T034332_20191103T034357_029741_0363B0_BB8A.SAFE,2019-11-03T03:43:07
nw-0309-01-000137,nw-0309-01-000137.jpg,images/nw-0309-01-000137.jpg,nw,0,water,,0,640,640,S1_20191103_034307_034447_VV_79,S1A_IW_GRDH_1SDV_20191103T034332_20191103T034357_029741_0363B0_BB8A.SAFE,2019-11-03T03:43:07
nw-0310-01-000138,nw-0310-01-000138.jpg,images/nw-0310-01-000138.jpg,nw,0,water,,0,640,640,S1_20191107_154845_155025_VV_75,S1A_IW_GRDH_1SDV_20191107T155000_20191107T155025_029807_03660E_E0E7.SAFE,2019-11-07T15:48:45
nw-0311-01-000139,nw-0311-01-000139.jpg,images/nw-0311-01-000139.jpg,nw,0,water,,0,640,640,S1_20191108_035126_035307_VV_57,S1A_IW_GRDH_1SDV_20191108T035151_20191108T035216_029814_03664C_7E30.SAFE;S1A_IW_GRDH_1SDV_20191108T035126_20191108T035151_029814_03664C_FCC5.SAFE,2019-11-08T03:51:26
nw-0312-01-000140,nw-0312-01-000140.jpg,images/nw-0312-01-000140.jpg,nw,0,water,,0,640,640,S1_20191119_154845_155025_VV_16,S1A_IW_GRDH_1SDV_20191119T154935_20191119T155000_029982_036C1D_FC3B.SAFE,2019-11-19T15:48:45
nw-0313-01-000141,nw-0313-01-000141.jpg,images/nw-0313-01-000141.jpg,nw,0,water,,0,640,640,S1_20191119_154845_155025_VV_21,S1A_IW_GRDH_1SDV_20191119T154935_20191119T155000_029982_036C1D_FC3B.SAFE,2019-11-19T15:48:45
nw-0314-01-000142,nw-0314-01-000142.jpg,images/nw-0314-01-000142.jpg,nw,0,water,,0,640,640,S1_20191120_035126_035307_VV_97,S1A_IW_GRDH_1SDV_20191120T035151_20191120T035216_029989_036C5B_72B9.SAFE,2019-11-20T03:51:26
nw-0315-01-000143,nw-0315-01-000143.jpg,images/nw-0315-01-000143.jpg,nw,0,water,,0,640,640,S1_20191123_160414_160554_VV_237,S1B_IW_GRDH_1SDV_20191123T160504_20191123T160529_019057_023F6D_E19E.SAFE,2019-11-23T16:04:14
nw-0316-01-000144,nw-0316-01-000144.jpg,images/nw-0316-01-000144.jpg,nw,0,water,,0,640,640,S1_20191130_155649_155743_VV_25,S1B_IW_GRDH_1SDV_20191130T155649_20191130T155718_019159_02429B_1AD3.SAFE,2019-11-30T15:56:49
nw-0317-01-000145,nw-0317-01-000145.jpg,images/nw-0317-01-000145.jpg,nw,0,water,,0,640,640,S1_20191202_035125_035307_VV_108,S1A_IW_GRDH_1SDV_20191202T035215_20191202T035240_030164_03726A_C5FF.SAFE,2019-12-02T03:51:25
nw-0318-01-000146,nw-0318-01-000146.jpg,images/nw-0318-01-000146.jpg,nw,0,water,,0,640,640,S1_20191202_035125_035307_VV_16,S1A_IW_GRDH_1SDV_20191202T035125_20191202T035150_030164_03726A_F802.SAFE,2019-12-02T03:51:25
nw-0319-01-000147,nw-0319-01-000147.jpg,images/nw-0319-01-000147.jpg,nw,0,water,,0,640,640,S1_20191203_034226_034406_VV_175,S1B_IW_GRDH_1SDV_20191203T034316_20191203T034341_019195_0243D6_6D71.SAFE,2019-12-03T03:42:26
nw-0320-01-000148,nw-0320-01-000148.jpg,images/nw-0320-01-000148.jpg,nw,0,water,,0,640,640,S1_20191204_033502_033642_VV_43,S1A_IW_GRDH_1SDV_20191204T033502_20191204T033527_030193_037365_9BAB.SAFE,2019-12-04T03:35:02
nw-0321-01-000149,nw-0321-01-000149.jpg,images/nw-0321-01-000149.jpg,nw,0,water,,0,640,640,S1_20191205_160413_160553_VV_178,S1B_IW_GRDH_1SDV_20191205T160528_20191205T160553_019232_0244F5_30FC.SAFE,2019-12-05T16:04:13
nw-0322-01-000150,nw-0322-01-000150.jpg,images/nw-0322-01-000150.jpg,nw,0,water,,0,640,640,S1_20191206_155646_155826_VV_224,S1A_IW_GRDH_1SDV_20191206T155736_20191206T155801_030230_0374B1_C453.SAFE;S1A_IW_GRDH_1SDV_20191206T155711_20191206T155736_030230_0374B1_03C9.SAFE,2019-12-06T15:56:46
nw-0323-01-000151,nw-0323-01-000151.jpg,images/nw-0323-01-000151.jpg,nw,0,water,,0,640,640,S1_20191206_155646_155826_VV_229,S1A_IW_GRDH_1SDV_20191206T155736_20191206T155801_030230_0374B1_C453.SAFE,2019-12-06T15:56:46
nw-0324-01-000152,nw-0324-01-000152.jpg,images/nw-0324-01-000152.jpg,nw,0,water,,0,640,640,S1_20191206_155646_155826_VV_232,S1A_IW_GRDH_1SDV_20191206T155736_20191206T155801_030230_0374B1_C453.SAFE,2019-12-06T15:56:46
nw-0325-01-000153,nw-0325-01-000153.jpg,images/nw-0325-01-000153.jpg,nw,0,water,,0,640,640,S1_20191207_154754_154934_VV_139,S1B_IW_GRDH_1SDV_20191207T154819_20191207T154844_019261_0245D7_02A3.SAFE,2019-12-07T15:47:54
nw-0326-01-000154,nw-0326-01-000154.jpg,images/nw-0326-01-000154.jpg,nw,0,water,,0,640,640,S1_20191207_154754_154934_VV_274,S1B_IW_GRDH_1SDV_20191207T154909_20191207T154934_019261_0245D7_07B0.SAFE,2019-12-07T15:47:54
nw-0327-01-000155,nw-0327-01-000155.jpg,images/nw-0327-01-000155.jpg,nw,0,water,,0,640,640,S1_20191207_154754_154934_VV_285,S1B_IW_GRDH_1SDV_20191207T154909_20191207T154934_019261_0245D7_07B0.SAFE,2019-12-07T15:47:54
nw-0328-01-000156,nw-0328-01-000156.jpg,images/nw-0328-01-000156.jpg,nw,0,water,,0,640,640,S1_20191209_034306_034446_VV_96,S1A_IW_GRDH_1SDV_20191209T034331_20191209T034356_030266_0375E5_4006.SAFE,2019-12-09T03:43:06
nw-0329-01-000157,nw-0329-01-000157.jpg,images/nw-0329-01-000157.jpg,nw,0,water,,0,640,640,S1_20191214_035125_035306_VV_302,S1A_IW_GRDH_1SDV_20191214T035150_20191214T035215_030339_037875_1D0E.SAFE,2019-12-14T03:51:25
nw-0330-01-000158,nw-0330-01-000158.jpg,images/nw-0330-01-000158.jpg,nw,0,water,,0,640,640,S1_20191214_035125_035306_VV_78,S1A_IW_GRDH_1SDV_20191214T035150_20191214T035215_030339_037875_1D0E.SAFE;S1A_IW_GRDH_1SDV_20191214T035125_20191214T035150_030339_037875_3C8E.SAFE,2019-12-14T03:51:25
nw-0331-01-000159,nw-0331-01-000159.jpg,images/nw-0331-01-000159.jpg,nw,0,water,,0,640,640,S1_20191215_034226_034406_VV_87,S1B_IW_GRDH_1SDV_20191215T034251_20191215T034316_019370_024965_FD00.SAFE,2019-12-15T03:42:26
nw-0332-01-000160,nw-0332-01-000160.jpg,images/nw-0332-01-000160.jpg,nw,0,water,,0,640,640,S1_20191216_033502_033642_VV_109,S1A_IW_GRDH_1SDV_20191216T033502_20191216T033527_030368_037971_985D.SAFE,2019-12-16T03:35:02
nw-0333-01-000161,nw-0333-01-000161.jpg,images/nw-0333-01-000161.jpg,nw,0,water,,0,640,640,S1_20191218_155645_155825_VV_289,S1A_IW_GRDH_1SDV_20191218T155710_20191218T155735_030405_037AC0_C384.SAFE,2019-12-18T15:56:45
nw-0334-01-000162,nw-0334-01-000162.jpg,images/nw-0334-01-000162.jpg,nw,0,water,,0,640,640,S1_20191218_155645_155825_VV_291,S1A_IW_GRDH_1SDV_20191218T155710_20191218T155735_030405_037AC0_C384.SAFE,2019-12-18T15:56:45
nw-0335-01-000163,nw-0335-01-000163.jpg,images/nw-0335-01-000163.jpg,nw,0,water,,0,640,640,S1_20191218_155645_155825_VV_329,S1A_IW_GRDH_1SDV_20191218T155800_20191218T155825_030405_037AC0_AAC3.SAFE,2019-12-18T15:56:45
nw-0336-01-000164,nw-0336-01-000164.jpg,images/nw-0336-01-000164.jpg,nw,0,water,,0,640,640,S1_20191220_154015_154155_VV_237,S1A_IW_GRDH_1SDV_20191220T154130_20191220T154155_030434_037BB3_2D8A.SAFE,2019-12-20T15:40:15
nw-0337-01-000165,nw-0337-01-000165.jpg,images/nw-0337-01-000165.jpg,nw,0,water,,0,640,640,S1_20191221_034305_034445_VV_165,S1A_IW_GRDH_1SDV_20191221T034420_20191221T034445_030441_037BF3_B34A.SAFE,2019-12-21T03:43:05
nw-0338-01-000166,nw-0338-01-000166.jpg,images/nw-0338-01-000166.jpg,nw,0,water,,0,640,640,S1_20191225_154843_155023_VV_114,S1A_IW_GRDH_1SDV_20191225T154958_20191225T155023_030507_037E47_A28A.SAFE,2019-12-25T15:48:43
nw-0339-01-000167,nw-0339-01-000167.jpg,images/nw-0339-01-000167.jpg,nw,0,water,,0,640,640,S1_20191227_034225_034405_VV_40,S1B_IW_GRDH_1SDV_20191227T034225_20191227T034250_019545_024EF5_F00E.SAFE,2019-12-27T03:42:25
nw-0340-01-000168,nw-0340-01-000168.jpg,images/nw-0340-01-000168.jpg,nw,0,water,,0,640,640,S1_20191229_160412_160552_VV_226,S1B_IW_GRDH_1SDV_20191229T160527_20191229T160552_019582_02501D_988D.SAFE,2019-12-29T16:04:12
nw-0341-01-000169,nw-0341-01-000169.jpg,images/nw-0341-01-000169.jpg,nw,0,water,,0,640,640,S1_20191229_160412_160552_VV_231,S1B_IW_GRDH_1SDV_20191229T160527_20191229T160552_019582_02501D_988D.SAFE,2019-12-29T16:04:12
nw-0342-01-000170,nw-0342-01-000170.jpg,images/nw-0342-01-000170.jpg,nw,0,water,,0,640,640,S1_20191230_155645_155825_VV_254,S1A_IW_GRDH_1SDV_20191230T155710_20191230T155735_030580_0380C4_976A.SAFE,2019-12-30T15:56:45
nw-0343-01-000171,nw-0343-01-000171.jpg,images/nw-0343-01-000171.jpg,nw,0,water,,0,640,640,S1_20191231_035934_040114_VV_19,S1A_IW_GRDH_1SDV_20191231T035934_20191231T035959_030587_038100_BDB9.SAFE,2019-12-31T03:59:34
nw-0344-02-000001,nw-0344-02-000001.jpg,images/nw-0344-02-000001.jpg,nw,0,water,,0,640,640,S1_20190104_155638_155818_VV_58,S1A_IW_GRDH_1SDV_20190104T155728_20190104T155753_025330_02CD9D_B67E.SAFE,2019-01-04T15:56:38
nw-0345-02-000002,nw-0345-02-000002.jpg,images/nw-0345-02-000002.jpg,nw,0,water,,0,640,640,S1_20190105_154746_154926_VV_60,S1B_IW_GRDH_1SDV_20190105T154811_20190105T154836_014361_01AB8D_E799.SAFE,2019-01-05T15:47:46
nw-0346-02-000003,nw-0346-02-000003.jpg,images/nw-0346-02-000003.jpg,nw,0,water,,0,640,640,S1_20190107_034258_034438_VV_103,S1A_IW_GRDH_1SDV_20190107T034348_20190107T034413_025366_02CEEB_2047.SAFE,2019-01-07T03:42:58
nw-0347-02-000004,nw-0347-02-000004.jpg,images/nw-0347-02-000004.jpg,nw,0,water,,0,640,640,S1_20190111_035851_040030_VV_99,S1B_IW_GRDH_1SDV_20190111T035941_20190111T040006_014441_01AE2F_B933.SAFE,2019-01-11T03:58:51
nw-0348-02-000005,nw-0348-02-000005.jpg,images/nw-0348-02-000005.jpg,nw,0,water,,0,640,640,S1_20190112_153943_154058_VV_104,S1B_IW_GRDH_1SDV_20190112T154033_20190112T154058_014463_01AEE6_B38F.SAFE,2019-01-12T15:39:43
nw-0349-02-000006,nw-0349-02-000006.jpg,images/nw-0349-02-000006.jpg,nw,0,water,,0,640,640,S1_20190112_153943_154058_VV_140,S1B_IW_GRDH_1SDV_20190112T154008_20190112T154033_014463_01AEE6_BC6A.SAFE,2019-01-12T15:39:43
nw-0350-02-000007,nw-0350-02-000007.jpg,images/nw-0350-02-000007.jpg,nw,0,water,,0,640,640,S1_20190112_153943_154058_VV_142,S1B_IW_GRDH_1SDV_20190112T154008_20190112T154033_014463_01AEE6_BC6A.SAFE,2019-01-12T15:39:43
nw-0351-02-000008,nw-0351-02-000008.jpg,images/nw-0351-02-000008.jpg,nw,0,water,,0,640,640,S1_20190112_153943_154058_VV_26,S1B_IW_GRDH_1SDV_20190112T154008_20190112T154033_014463_01AEE6_BC6A.SAFE,2019-01-12T15:39:43
nw-0352-02-000009,nw-0352-02-000009.jpg,images/nw-0352-02-000009.jpg,nw,0,water,,0,640,640,S1_20190118_154008_154148_VV_30,S1A_IW_GRDH_1SDV_20190118T154058_20190118T154123_025534_02D4F3_3A0C.SAFE,2019-01-18T15:40:08
nw-0353-02-000010,nw-0353-02-000010.jpg,images/nw-0353-02-000010.jpg,nw,0,water,,0,640,640,S1_20190120_033409_033549_VV_35,S1B_IW_GRDH_1SDV_20190120T033409_20190120T033434_014572_01B258_3D3D.SAFE,2019-01-20T03:34:09
nw-0354-02-000011,nw-0354-02-000011.jpg,images/nw-0354-02-000011.jpg,nw,0,water,,0,640,640,S1_20190122_155641_155735_VV_53,S1B_IW_GRDH_1SDV_20190122T155710_20190122T155735_014609_01B38C_4548.SAFE,2019-01-22T15:56:41
nw-0355-02-000012,nw-0355-02-000012.jpg,images/nw-0355-02-000012.jpg,nw,0,water,,0,640,640,S1_20190123_035850_040029_VV_43,S1B_IW_GRDH_1SDV_20190123T035850_20190123T035915_014616_01B3CB_4179.SAFE,2019-01-23T03:58:50
nw-0356-02-000013,nw-0356-02-000013.jpg,images/nw-0356-02-000013.jpg,nw,0,water,,0,640,640,S1_20190202_160449_160629_VV_124,S1A_IW_GRDH_1SDV_20190202T160604_20190202T160629_025753_02DD0D_834D.SAFE,2019-02-02T16:04:49
nw-0357-02-000014,nw-0357-02-000014.jpg,images/nw-0357-02-000014.jpg,nw,0,water,,0,640,640,S1_20190202_160449_160629_VV_36,S1A_IW_GRDH_1SDV_20190202T160539_20190202T160604_025753_02DD0D_1EB4.SAFE,2019-02-02T16:04:49
nw-0358-02-000015,nw-0358-02-000015.jpg,images/nw-0358-02-000015.jpg,nw,0,water,,0,640,640,S1_20190206_034234_034349_VV_47,S1B_IW_GRDH_1SDV_20190206T034234_20190206T034259_014820_01BA76_DF73.SAFE,2019-02-06T03:42:34
nw-0359-02-000016,nw-0359-02-000016.jpg,images/nw-0359-02-000016.jpg,nw,0,water,,0,640,640,S1_20190209_155637_155817_VV_36,S1A_IW_GRDH_1SDV_20190209T155702_20190209T155727_025855_02E09D_A961.SAFE,2019-02-09T15:56:37
nw-0360-02-000017,nw-0360-02-000017.jpg,images/nw-0360-02-000017.jpg,nw,0,water,,0,640,640,S1_20190210_035926_040106_VV_4,S1A_IW_GRDH_1SDV_20190210T035926_20190210T035951_025862_02E0DD_F8D7.SAFE,2019-02-10T03:59:26
nw-0361-02-000018,nw-0361-02-000018.jpg,images/nw-0361-02-000018.jpg,nw,0,water,,0,640,640,S1_20190210_035926_040106_VV_69,S1A_IW_GRDH_1SDV_20190210T035926_20190210T035951_025862_02E0DD_F8D7.SAFE,2019-02-10T03:59:26
nw-0362-02-000019,nw-0362-02-000019.jpg,images/nw-0362-02-000019.jpg,nw,0,water,,0,640,640,S1_20190212_034257_034437_VV_106,S1A_IW_GRDH_1SDV_20190212T034412_20190212T034437_025891_02E1DC_36F3.SAFE,2019-02-12T03:42:57
nw-0363-02-000020,nw-0363-02-000020.jpg,images/nw-0363-02-000020.jpg,nw,0,water,,0,640,640,S1_20190213_033408_033548_VV_56,S1B_IW_GRDH_1SDV_20190213T033433_20190213T033458_014922_01BDB4_07BD.SAFE,2019-02-13T03:34:08
nw-0364-02-000021,nw-0364-02-000021.jpg,images/nw-0364-02-000021.jpg,nw,0,water,,0,640,640,S1_20190216_035850_040029_VV_14,S1B_IW_GRDH_1SDV_20190216T035850_20190216T035915_014966_01BF36_326E.SAFE,2019-02-16T03:58:50
nw-0365-02-000022,nw-0365-02-000022.jpg,images/nw-0365-02-000022.jpg,nw,0,water,,0,640,640,S1_20190216_035850_040029_VV_68,S1B_IW_GRDH_1SDV_20190216T035850_20190216T035915_014966_01BF36_326E.SAFE,2019-02-16T03:58:50
nw-0366-02-000023,nw-0366-02-000023.jpg,images/nw-0366-02-000023.jpg,nw,0,water,,0,640,640,S1_20190216_035850_040029_VV_78,S1B_IW_GRDH_1SDV_20190216T035850_20190216T035915_014966_01BF36_326E.SAFE,2019-02-16T03:58:50
nw-0367-02-000024,nw-0367-02-000024.jpg,images/nw-0367-02-000024.jpg,nw,0,water,,0,640,640,S1_20190217_035116_035258_VV_70,S1A_IW_GRDH_1SDV_20190217T035141_20190217T035206_025964_02E473_41AA.SAFE,2019-02-17T03:51:16
nw-0368-02-000025,nw-0368-02-000025.jpg,images/nw-0368-02-000025.jpg,nw,0,water,,0,640,640,S1_20190218_034234_034349_VV_11,S1B_IW_GRDH_1SDV_20190218T034234_20190218T034259_014995_01C035_8F1B.SAFE,2019-02-18T03:42:34
nw-0369-02-000026,nw-0369-02-000026.jpg,images/nw-0369-02-000026.jpg,nw,0,water,,0,640,640,S1_20190220_160404_160544_VV_160,S1B_IW_GRDH_1SDV_20190220T160519_20190220T160544_015032_01C169_37F7.SAFE,2019-02-20T16:04:04
nw-0370-02-000027,nw-0370-02-000027.jpg,images/nw-0370-02-000027.jpg,nw,0,water,,0,640,640,S1_20190221_155637_155817_VV_181,S1A_IW_GRDH_1SDV_20190221T155752_20190221T155817_026030_02E6CF_6EBE.SAFE,2019-02-21T15:56:37
nw-0371-02-000028,nw-0371-02-000028.jpg,images/nw-0371-02-000028.jpg,nw,0,water,,0,640,640,S1_20190221_155637_155817_VV_28,S1A_IW_GRDH_1SDV_20190221T155727_20190221T155752_026030_02E6CF_E2B0.SAFE,2019-02-21T15:56:37
nw-0372-02-000029,nw-0372-02-000029.jpg,images/nw-0372-02-000029.jpg,nw,0,water,,0,640,640,S1_20190221_155637_155817_VV_99,S1A_IW_GRDH_1SDV_20190221T155752_20190221T155817_026030_02E6CF_6EBE.SAFE,2019-02-21T15:56:37
nw-0373-02-000030,nw-0373-02-000030.jpg,images/nw-0373-02-000030.jpg,nw,0,water,,0,640,640,S1_20190222_035926_040106_VV_205,S1A_IW_GRDH_1SDV_20190222T035951_20190222T040016_026037_02E70F_6632.SAFE,2019-02-22T03:59:26
nw-0374-02-000031,nw-0374-02-000031.jpg,images/nw-0374-02-000031.jpg,nw,0,water,,0,640,640,S1_20190222_035926_040106_VV_78,S1A_IW_GRDH_1SDV_20190222T035926_20190222T035951_026037_02E70F_1C4A.SAFE,2019-02-22T03:59:26
nw-0375-02-000032,nw-0375-02-000032.jpg,images/nw-0375-02-000032.jpg,nw,0,water,,0,640,640,S1_20190222_154745_154925_VV_150,S1B_IW_GRDH_1SDV_20190222T154835_20190222T154900_015061_01C24C_E464.SAFE,2019-02-22T15:47:45
nw-0376-02-000033,nw-0376-02-000033.jpg,images/nw-0376-02-000033.jpg,nw,0,water,,0,640,640,S1_20190222_154745_154925_VV_213,S1B_IW_GRDH_1SDV_20190222T154900_20190222T154925_015061_01C24C_2830.SAFE,2019-02-22T15:47:45
nw-0377-02-000034,nw-0377-02-000034.jpg,images/nw-0377-02-000034.jpg,nw,0,water,,0,640,640,S1_20190222_154745_154925_VV_217,S1B_IW_GRDH_1SDV_20190222T154900_20190222T154925_015061_01C24C_2830.SAFE,2019-02-22T15:47:45
nw-0378-02-000035,nw-0378-02-000035.jpg,images/nw-0378-02-000035.jpg,nw,0,water,,0,640,640,S1_20190222_154745_154925_VV_310,S1B_IW_GRDH_1SDV_20190222T154810_20190222T154835_015061_01C24C_9BBE.SAFE,2019-02-22T15:47:45
nw-0379-02-000036,nw-0379-02-000036.jpg,images/nw-0379-02-000036.jpg,nw,0,water,,0,640,640,S1_20190223_035040_035219_VV_12,S1B_IW_GRDH_1SDV_20190223T035040_20190223T035105_015068_01C287_5EB6.SAFE,2019-02-23T03:50:40
nw-0380-02-000037,nw-0380-02-000037.jpg,images/nw-0380-02-000037.jpg,nw,0,water,,0,640,640,S1_20190223_035040_035219_VV_281,S1B_IW_GRDH_1SDV_20190223T035040_20190223T035105_015068_01C287_5EB6.SAFE,2019-02-23T03:50:40
nw-0381-02-000038,nw-0381-02-000038.jpg,images/nw-0381-02-000038.jpg,nw,0,water,,0,640,640,S1_20190225_033408_033548_VV_21,S1B_IW_GRDH_1SDV_20190225T033408_20190225T033433_015097_01C374_8457.SAFE,2019-02-25T03:34:08
nw-0382-02-000039,nw-0382-02-000039.jpg,images/nw-0382-02-000039.jpg,nw,0,water,,0,640,640,S1_20190302_034234_034349_VV_24,S1B_IW_GRDH_1SDV_20190302T034259_20190302T034324_015170_01C5ED_B305.SAFE,2019-03-02T03:42:34
nw-0383-02-000040,nw-0383-02-000040.jpg,images/nw-0383-02-000040.jpg,nw,0,water,,0,640,640,S1_20190306_035926_040106_VV_288,S1A_IW_GRDH_1SDV_20190306T035951_20190306T040016_026212_02ED51_0951.SAFE,2019-03-06T03:59:26
nw-0384-02-000041,nw-0384-02-000041.jpg,images/nw-0384-02-000041.jpg,nw,0,water,,0,640,640,S1_20190306_035926_040106_VV_71,S1A_IW_GRDH_1SDV_20190306T035951_20190306T040016_026212_02ED51_0951.SAFE,2019-03-06T03:59:26
nw-0385-02-000042,nw-0385-02-000042.jpg,images/nw-0385-02-000042.jpg,nw,0,water,,0,640,640,S1_20190312_154835_155015_VV_123,S1A_IW_GRDH_1SDV_20190312T154950_20190312T155015_026307_02F0D5_0885.SAFE,2019-03-12T15:48:35
nw-0386-02-000043,nw-0386-02-000043.jpg,images/nw-0386-02-000043.jpg,nw,0,water,,0,640,640,S1_20190312_154835_155015_VV_56,S1A_IW_GRDH_1SDV_20190312T154925_20190312T154950_026307_02F0D5_08E2.SAFE,2019-03-12T15:48:35
nw-0387-02-000044,nw-0387-02-000044.jpg,images/nw-0387-02-000044.jpg,nw,0,water,,0,640,640,S1_20190313_035116_035258_VV_37,S1A_IW_GRDH_1SDV_20190313T035141_20190313T035206_026314_02F112_DA9D.SAFE,2019-03-13T03:51:16
nw-0388-02-000045,nw-0388-02-000045.jpg,images/nw-0388-02-000045.jpg,nw,0,water,,0,640,640,S1_20190318_154745_154925_VV_118,S1B_IW_GRDH_1SDV_20190318T154810_20190318T154835_015411_01CDBD_41F5.SAFE,2019-03-18T15:47:45
nw-0389-02-000046,nw-0389-02-000046.jpg,images/nw-0389-02-000046.jpg,nw,0,water,,0,640,640,S1_20190319_035039_035218_VV_56,S1B_IW_GRDH_1SDV_20190319T035104_20190319T035129_015418_01CDFB_86C8.SAFE;S1B_IW_GRDH_1SDV_20190319T035039_20190319T035104_015418_01CDFB_172B.SAFE,2019-03-19T03:50:39
nw-0390-02-000047,nw-0390-02-000047.jpg,images/nw-0390-02-000047.jpg,nw,0,water,,0,640,640,S1_20190324_154836_155016_VV_18,S1A_IW_GRDH_1SDV_20190324T154901_20190324T154926_026482_02F74C_6168.SAFE,2019-03-24T15:48:36
nw-0391-02-000048,nw-0391-02-000048.jpg,images/nw-0391-02-000048.jpg,nw,0,water,,0,640,640,S1_20190324_154836_155016_VV_70,S1A_IW_GRDH_1SDV_20190324T154951_20190324T155016_026482_02F74C_6262.SAFE,2019-03-24T15:48:36
nw-0392-02-000049,nw-0392-02-000049.jpg,images/nw-0392-02-000049.jpg,nw,0,water,,0,640,640,S1_20190331_154007_154147_VV_68,S1A_IW_GRDH_1SDV_20190331T154122_20190331T154147_026584_02FB04_E6E8.SAFE,2019-03-31T15:40:07
nw-0393-02-000050,nw-0393-02-000050.jpg,images/nw-0393-02-000050.jpg,nw,0,water,,0,640,640,S1_20190407_034234_034349_VV_67,S1B_IW_GRDH_1SDV_20190407T034324_20190407T034349_015695_01D728_35B4.SAFE,2019-04-07T03:42:34
nw-0394-02-000051,nw-0394-02-000051.jpg,images/nw-0394-02-000051.jpg,nw,0,water,,0,640,640,S1_20190412_035040_035219_VV_150,S1B_IW_GRDH_1SDV_20190412T035040_20190412T035105_015768_01D985_9F88.SAFE,2019-04-12T03:50:40
nw-0395-02-000052,nw-0395-02-000052.jpg,images/nw-0395-02-000052.jpg,nw,0,water,,0,640,640,S1_20190412_035040_035219_VV_85,S1B_IW_GRDH_1SDV_20190412T035040_20190412T035105_015768_01D985_9F88.SAFE,2019-04-12T03:50:40
nw-0396-02-000053,nw-0396-02-000053.jpg,images/nw-0396-02-000053.jpg,nw,0,water,,0,640,640,S1_20190412_035040_035219_VV_88,S1B_IW_GRDH_1SDV_20190412T035040_20190412T035105_015768_01D985_9F88.SAFE,2019-04-12T03:50:40
nw-0397-02-000054,nw-0397-02-000054.jpg,images/nw-0397-02-000054.jpg,nw,0,water,,0,640,640,S1_20190412_154008_154148_VV_10,S1A_IW_GRDH_1SDV_20190412T154033_20190412T154057_026759_03016C_4B54.SAFE,2019-04-12T15:40:08
nw-0398-02-000055,nw-0398-02-000055.jpg,images/nw-0398-02-000055.jpg,nw,0,water,,0,640,640,S1_20190413_034257_034437_VV_9,S1A_IW_GRDH_1SDV_20190413T034257_20190413T034322_026766_0301B4_A807.SAFE,2019-04-13T03:42:57
nw-0399-02-000056,nw-0399-02-000056.jpg,images/nw-0399-02-000056.jpg,nw,0,water,,0,640,640,S1_20190413_034257_034437_VV_92,S1A_IW_GRDH_1SDV_20190413T034322_20190413T034347_026766_0301B4_A868.SAFE,2019-04-13T03:42:57
nw-0400-02-000057,nw-0400-02-000057.jpg,images/nw-0400-02-000057.jpg,nw,0,water,,0,640,640,S1_20190419_034234_034349_VV_21,S1B_IW_GRDH_1SDV_20190419T034234_20190419T034259_015870_01DCF1_643E.SAFE,2019-04-19T03:42:34
nw-0401-02-000058,nw-0401-02-000058.jpg,images/nw-0401-02-000058.jpg,nw,0,water,,0,640,640,S1_20190424_154008_154148_VV_62,S1A_IW_GRDH_1SDV_20190424T154123_20190424T154148_026934_0307C2_8DFF.SAFE,2019-04-24T15:40:08
nw-0402-02-000059,nw-0402-02-000059.jpg,images/nw-0402-02-000059.jpg,nw,0,water,,0,640,640,S1_20190424_154008_154148_VV_78,S1A_IW_GRDH_1SDV_20190424T154033_20190424T154058_026934_0307C2_2896.SAFE,2019-04-24T15:40:08
nw-0403-02-000060,nw-0403-02-000060.jpg,images/nw-0403-02-000060.jpg,nw,0,water,,0,640,640,S1_20190425_034258_034438_VV_16,S1A_IW_GRDH_1SDV_20190425T034258_20190425T034323_026941_030806_D45F.SAFE,2019-04-25T03:42:58
nw-0404-02-000061,nw-0404-02-000061.jpg,images/nw-0404-02-000061.jpg,nw,0,water,,0,640,640,S1_20190425_034258_034438_VV_2,S1A_IW_GRDH_1SDV_20190425T034258_20190425T034323_026941_030806_D45F.SAFE,2019-04-25T03:42:58
nw-0405-02-000062,nw-0405-02-000062.jpg,images/nw-0405-02-000062.jpg,nw,0,water,,0,640,640,S1_20190429_154837_155017_VV_102,S1A_IW_GRDH_1SDV_20190429T154952_20190429T155017_027007_030A73_3AD5.SAFE,2019-04-29T15:48:37
nw-0406-02-000063,nw-0406-02-000063.jpg,images/nw-0406-02-000063.jpg,nw,0,water,,0,640,640,S1_20190430_035118_035259_VV_185,S1A_IW_GRDH_1SDV_20190430T035143_20190430T035208_027014_030AB6_4943.SAFE,2019-04-30T03:51:18
nw-0407-02-000064,nw-0407-02-000064.jpg,images/nw-0407-02-000064.jpg,nw,0,water,,0,640,640,S1_20190430_035118_035259_VV_99,S1A_IW_GRDH_1SDV_20190430T035143_20190430T035208_027014_030AB6_4943.SAFE,2019-04-30T03:51:18
nw-0408-02-000065,nw-0408-02-000065.jpg,images/nw-0408-02-000065.jpg,nw,0,water,,0,640,640,S1_20190430_153943_154058_VV_17,S1B_IW_GRDH_1SDV_20190430T154008_20190430T154033_016038_01E28F_DDE9.SAFE,2019-04-30T15:39:43
nw-0409-02-000066,nw-0409-02-000066.jpg,images/nw-0409-02-000066.jpg,nw,0,water,,0,640,640,S1_20190501_034219_034359_VV_81,S1B_IW_GRDH_1SDV_20190501T034244_20190501T034309_016045_01E2CB_793F.SAFE,2019-05-01T03:42:19
nw-0410-02-000067,nw-0410-02-000067.jpg,images/nw-0410-02-000067.jpg,nw,0,water,,0,640,640,S1_20190504_155639_155819_VV_49,S1A_IW_GRDH_1SDV_20190504T155729_20190504T155754_027080_030D1A_9163.SAFE,2019-05-04T15:56:39
nw-0411-02-000068,nw-0411-02-000068.jpg,images/nw-0411-02-000068.jpg,nw,0,water,,0,640,640,S1_20190511_154837_155017_VV_135,S1A_IW_GRDH_1SDV_20190511T154952_20190511T155017_027182_031070_90C8.SAFE,2019-05-11T15:48:37
nw-0412-02-000069,nw-0412-02-000069.jpg,images/nw-0412-02-000069.jpg,nw,0,water,,0,640,640,S1_20190512_035118_035259_VV_7,S1A_IW_GRDH_1SDV_20190512T035118_20190512T035143_027189_0310AB_EEF7.SAFE,2019-05-12T03:51:18
nw-0413-02-000070,nw-0413-02-000070.jpg,images/nw-0413-02-000070.jpg,nw,0,water,,0,640,640,S1_20190513_034219_034359_VV_14,S1B_IW_GRDH_1SDV_20190513T034219_20190513T034244_016220_01E86A_DAE3.SAFE,2019-05-13T03:42:19
nw-0414-02-000071,nw-0414-02-000071.jpg,images/nw-0414-02-000071.jpg,nw,0,water,,0,640,640,S1_20190515_160406_160546_VV_46,S1B_IW_GRDH_1SDV_20190515T160521_20190515T160546_016257_01E988_5FD0.SAFE,2019-05-15T16:04:06
nw-0415-02-000072,nw-0415-02-000072.jpg,images/nw-0415-02-000072.jpg,nw,0,water,,0,640,640,S1_20190516_155639_155819_VV_31,S1A_IW_GRDH_1SDV_20190516T155754_20190516T155819_027255_0312B7_CA7C.SAFE,2019-05-16T15:56:39
nw-0416-02-000073,nw-0416-02-000073.jpg,images/nw-0416-02-000073.jpg,nw,0,water,,0,640,640,S1_20190518_154009_154149_VV_80,S1A_IW_GRDH_1SDV_20190518T154059_20190518T154124_027284_03139E_2F70.SAFE,2019-05-18T15:40:09
nw-0417-02-000074,nw-0417-02-000074.jpg,images/nw-0417-02-000074.jpg,nw,0,water,,0,640,640,S1_20190519_034259_034439_VV_67,S1A_IW_GRDH_1SDV_20190519T034324_20190519T034349_027291_0313E1_6AC9.SAFE,2019-05-19T03:42:59
nw-0418-02-000075,nw-0418-02-000075.jpg,images/nw-0418-02-000075.jpg,nw,0,water,,0,640,640,S1_20190523_154838_155018_VV_112,S1A_IW_GRDH_1SDV_20190523T154903_20190523T154928_027357_0315EA_95BE.SAFE,2019-05-23T15:48:38
nw-0419-02-000076,nw-0419-02-000076.jpg,images/nw-0419-02-000076.jpg,nw,0,water,,0,640,640,S1_20190523_154838_155018_VV_137,S1A_IW_GRDH_1SDV_20190523T154928_20190523T154953_027357_0315EA_D01B.SAFE;S1A_IW_GRDH_1SDV_20190523T154903_20190523T154928_027357_0315EA_95BE.SAFE,2019-05-23T15:48:38
nw-0420-02-000077,nw-0420-02-000077.jpg,images/nw-0420-02-000077.jpg,nw,0,water,,0,640,640,S1_20190523_154838_155018_VV_145,S1A_IW_GRDH_1SDV_20190523T154928_20190523T154953_027357_0315EA_D01B.SAFE,2019-05-23T15:48:38
nw-0421-02-000078,nw-0421-02-000078.jpg,images/nw-0421-02-000078.jpg,nw,0,water,,0,640,640,S1_20190524_035119_035300_VV_203,S1A_IW_GRDH_1SDV_20190524T035209_20190524T035234_027364_031625_B50F.SAFE,2019-05-24T03:51:19
nw-0422-02-000079,nw-0422-02-000079.jpg,images/nw-0422-02-000079.jpg,nw,0,water,,0,640,640,S1_20190524_035119_035300_VV_253,S1A_IW_GRDH_1SDV_20190524T035144_20190524T035209_027364_031625_287A.SAFE,2019-05-24T03:51:19
nw-0423-02-000080,nw-0423-02-000080.jpg,images/nw-0423-02-000080.jpg,nw,0,water,,0,640,640,S1_20190524_153944_154059_VV_21,S1B_IW_GRDH_1SDV_20190524T154009_20190524T154034_016388_01ED9E_4277.SAFE,2019-05-24T15:39:44
nw-0424-02-000081,nw-0424-02-000081.jpg,images/nw-0424-02-000081.jpg,nw,0,water,,0,640,640,S1_20190524_153944_154059_VV_47,S1B_IW_GRDH_1SDV_20190524T154009_20190524T154034_016388_01ED9E_4277.SAFE,2019-05-24T15:39:44
nw-0425-02-000082,nw-0425-02-000082.jpg,images/nw-0425-02-000082.jpg,nw,0,water,,0,640,640,S1_20190529_035929_040109_VV_33,S1A_IW_GRDH_1SDV_20190529T035954_20190529T040019_027437_031860_E8F6.SAFE,2019-05-29T03:59:29
nw-0426-02-000083,nw-0426-02-000083.jpg,images/nw-0426-02-000083.jpg,nw,0,water,,0,640,640,S1_20190529_035929_040109_VV_55,S1A_IW_GRDH_1SDV_20190529T040019_20190529T040044_027437_031860_421A.SAFE,2019-05-29T03:59:29
nw-0427-02-000084,nw-0427-02-000084.jpg,images/nw-0427-02-000084.jpg,nw,0,water,,0,640,640,S1_20190529_035929_040109_VV_67,S1A_IW_GRDH_1SDV_20190529T040019_20190529T040044_027437_031860_421A.SAFE,2019-05-29T03:59:29
nw-0428-02-000085,nw-0428-02-000085.jpg,images/nw-0428-02-000085.jpg,nw,0,water,,0,640,640,S1_20190531_034300_034440_VV_117,S1A_IW_GRDH_1SDV_20190531T034325_20190531T034350_027466_031954_4726.SAFE,2019-05-31T03:43:00
nw-0429-02-000086,nw-0429-02-000086.jpg,images/nw-0429-02-000086.jpg,nw,0,water,,0,640,640,S1_20190531_034300_034440_VV_226,S1A_IW_GRDH_1SDV_20190531T034325_20190531T034350_027466_031954_4726.SAFE,2019-05-31T03:43:00
nw-0430-02-000087,nw-0430-02-000087.jpg,images/nw-0430-02-000087.jpg,nw,0,water,,0,640,640,S1_20190531_034300_034440_VV_62,S1A_IW_GRDH_1SDV_20190531T034300_20190531T034325_027466_031954_5014.SAFE,2019-05-31T03:43:00
nw-0431-02-000088,nw-0431-02-000088.jpg,images/nw-0431-02-000088.jpg,nw,0,water,,0,640,640,S1_20190604_154838_155018_VV_24,S1A_IW_GRDH_1SDV_20190604T154928_20190604T154953_027532_031B5A_1FA3.SAFE,2019-06-04T15:48:38
nw-0432-02-000089,nw-0432-02-000089.jpg,images/nw-0432-02-000089.jpg,nw,0,water,,0,640,640,S1_20190606_034221_034401_VV_53,S1B_IW_GRDH_1SDV_20190606T034221_20190606T034246_016570_01F315_3379.SAFE,2019-06-06T03:42:21
nw-0433-02-000090,nw-0433-02-000090.jpg,images/nw-0433-02-000090.jpg,nw,0,water,,0,640,640,S1_20190609_155640_155820_VV_89,S1A_IW_GRDH_1SDV_20190609T155730_20190609T155755_027605_031D91_51DD.SAFE,2019-06-09T15:56:40
nw-0434-02-000091,nw-0434-02-000091.jpg,images/nw-0434-02-000091.jpg,nw,0,water,,0,640,640,S1_20190611_035043_035222_VV_62,S1B_IW_GRDH_1SDV_20190611T035108_20190611T035133_016643_01F530_8AD0.SAFE,2019-06-11T03:50:43
nw-0435-02-000092,nw-0435-02-000092.jpg,images/nw-0435-02-000092.jpg,nw,0,water,,0,640,640,S1_20190611_035043_035222_VV_68,S1B_IW_GRDH_1SDV_20190611T035108_20190611T035133_016643_01F530_8AD0.SAFE,2019-06-11T03:50:43
nw-0436-02-000093,nw-0436-02-000093.jpg,images/nw-0436-02-000093.jpg,nw,0,water,,0,640,640,S1_20190617_035120_035301_VV_121,S1A_IW_GRDH_1SDV_20190617T035120_20190617T035145_027714_0320D5_DE52.SAFE,2019-06-17T03:51:20
nw-0437-02-000094,nw-0437-02-000094.jpg,images/nw-0437-02-000094.jpg,nw,0,water,,0,640,640,S1_20190618_034221_034401_VV_69,S1B_IW_GRDH_1SDV_20190618T034336_20190618T034401_016745_01F848_6273.SAFE;S1B_IW_GRDH_1SDV_20190618T034311_20190618T034336_016745_01F848_5E80.SAFE,2019-06-18T03:42:21
nw-0438-02-000095,nw-0438-02-000095.jpg,images/nw-0438-02-000095.jpg,nw,0,water,,0,640,640,S1_20190622_035930_040110_VV_33,S1A_IW_GRDH_1SDV_20190622T035930_20190622T035955_027787_0322FB_55D3.SAFE,2019-06-22T03:59:30
nw-0439-02-000096,nw-0439-02-000096.jpg,images/nw-0439-02-000096.jpg,nw,0,water,,0,640,640,S1_20190622_035930_040110_VV_64,S1A_IW_GRDH_1SDV_20190622T035955_20190622T040020_027787_0322FB_5391.SAFE,2019-06-22T03:59:30
nw-0440-02-000097,nw-0440-02-000097.jpg,images/nw-0440-02-000097.jpg,nw,0,water,,0,640,640,S1_20190623_035044_035223_VV_122,S1B_IW_GRDH_1SDV_20190623T035134_20190623T035159_016818_01FA62_D8E1.SAFE,2019-06-23T03:50:44
nw-0441-02-000098,nw-0441-02-000098.jpg,images/nw-0441-02-000098.jpg,nw,0,water,,0,640,640,S1_20190623_035044_035223_VV_130,S1B_IW_GRDH_1SDV_20190623T035134_20190623T035159_016818_01FA62_D8E1.SAFE,2019-06-23T03:50:44
nw-0442-02-000099,nw-0442-02-000099.jpg,images/nw-0442-02-000099.jpg,nw,0,water,,0,640,640,S1_20190624_034301_034441_VV_190,S1A_IW_GRDH_1SDV_20190624T034301_20190624T034326_027816_0323DB_4474.SAFE,2019-06-24T03:43:01
nw-0443-02-000100,nw-0443-02-000100.jpg,images/nw-0443-02-000100.jpg,nw,0,water,,0,640,640,S1_20190624_034301_034441_VV_209,S1A_IW_GRDH_1SDV_20190624T034326_20190624T034351_027816_0323DB_A72A.SAFE,2019-06-24T03:43:01
nw-0444-02-000101,nw-0444-02-000101.jpg,images/nw-0444-02-000101.jpg,nw,0,water,,0,640,640,S1_20190710_035855_040034_VV_0,S1B_IW_GRDH_1SDV_20190710T035855_20190710T035920_017066_0201C0_74E8.SAFE,2019-07-10T03:58:55
nw-0445-02-000102,nw-0445-02-000102.jpg,images/nw-0445-02-000102.jpg,nw,0,water,,0,640,640,S1_20190711_035121_035303_VV_22,S1A_IW_GRDH_1SDV_20190711T035121_20190711T035146_028064_032B5E_8132.SAFE,2019-07-11T03:51:21
nw-0446-02-000103,nw-0446-02-000103.jpg,images/nw-0446-02-000103.jpg,nw,0,water,,0,640,640,S1_20190711_035121_035303_VV_33,S1A_IW_GRDH_1SDV_20190711T035121_20190711T035146_028064_032B5E_8132.SAFE,2019-07-11T03:51:21
nw-0447-02-000104,nw-0447-02-000104.jpg,images/nw-0447-02-000104.jpg,nw,0,water,,0,640,640,S1_20190717_035045_035224_VV_13,S1B_IW_GRDH_1SDV_20190717T035045_20190717T035110_017168_0204B7_F192.SAFE,2019-07-17T03:50:45
nw-0448-02-000105,nw-0448-02-000105.jpg,images/nw-0448-02-000105.jpg,nw,0,water,,0,640,640,S1_20190722_035856_040035_VV_13,S1B_IW_GRDH_1SDV_20190722T035856_20190722T035921_017241_0206D7_728A.SAFE,2019-07-22T03:58:56
nw-0449-02-000106,nw-0449-02-000106.jpg,images/nw-0449-02-000106.jpg,nw,0,water,,0,640,640,S1_20190723_035122_035304_VV_60,S1A_IW_GRDH_1SDV_20190723T035122_20190723T035147_028239_0330A7_4635.SAFE,2019-07-23T03:51:22
nw-0450-02-000107,nw-0450-02-000107.jpg,images/nw-0450-02-000107.jpg,nw,0,water,,0,640,640,S1_20190723_035122_035304_VV_64,S1A_IW_GRDH_1SDV_20190723T035147_20190723T035212_028239_0330A7_B840.SAFE;S1A_IW_GRDH_1SDV_20190723T035122_20190723T035147_028239_0330A7_4635.SAFE,2019-07-23T03:51:22
nw-0451-02-000108,nw-0451-02-000108.jpg,images/nw-0451-02-000108.jpg,nw,0,water,,0,640,640,S1_20190810_035047_035226_VV_46,S1B_IW_GRDH_1SDV_20190810T035047_20190810T035112_017518_020F20_4C8A.SAFE,2019-08-10T03:50:47
nw-0452-02-000109,nw-0452-02-000109.jpg,images/nw-0452-02-000109.jpg,nw,0,water,,0,640,640,S1_20190810_035047_035226_VV_56,S1B_IW_GRDH_1SDV_20190810T035047_20190810T035112_017518_020F20_4C8A.SAFE,2019-08-10T03:50:47
nw-0453-02-000110,nw-0453-02-000110.jpg,images/nw-0453-02-000110.jpg,nw,0,water,,0,640,640,S1_20190811_034304_034444_VV_10,S1A_IW_GRDH_1SDV_20190811T034304_20190811T034329_028516_03394F_1357.SAFE,2019-08-11T03:43:04
nw-0454-02-000111,nw-0454-02-000111.jpg,images/nw-0454-02-000111.jpg,nw,0,water,,0,640,640,S1_20190815_035857_040036_VV_9,S1B_IW_GRDH_1SDV_20190815T035947_20190815T040012_017591_021171_8782.SAFE,2019-08-15T03:58:57
nw-0455-02-000112,nw-0455-02-000112.jpg,images/nw-0455-02-000112.jpg,nw,0,water,,0,640,640,S1_20190821_035934_040114_VV_6,S1A_IW_GRDH_1SDV_20190821T035934_20190821T035959_028662_033E63_CBB0.SAFE,2019-08-21T03:59:34
nw-0456-02-000113,nw-0456-02-000113.jpg,images/nw-0456-02-000113.jpg,nw,0,water,,0,640,640,S1_20190824_033416_033556_VV_60,S1B_IW_GRDH_1SDV_20190824T033416_20190824T033441_017722_021577_195C.SAFE,2019-08-24T03:34:16
nw-0457-02-000114,nw-0457-02-000114.jpg,images/nw-0457-02-000114.jpg,nw,0,water,,0,640,640,S1_20190828_035124_035306_VV_82,S1A_IW_GRDH_1SDV_20190828T035124_20190828T035149_028764_0341F0_DBEB.SAFE,2019-08-28T03:51:24
nw-0458-02-000115,nw-0458-02-000115.jpg,images/nw-0458-02-000115.jpg,nw,0,water,,0,640,640,S1_20190828_035124_035306_VV_98,S1A_IW_GRDH_1SDV_20190828T035149_20190828T035214_028764_0341F0_3C12.SAFE,2019-08-28T03:51:24
nw-0459-02-000116,nw-0459-02-000116.jpg,images/nw-0459-02-000116.jpg,nw,0,water,,0,640,640,S1_20190828_153950_154105_VV_54,S1B_IW_GRDH_1SDV_20190828T154040_20190828T154105_017788_02179A_9F35.SAFE,2019-08-28T15:39:50
nw-0460-02-000117,nw-0460-02-000117.jpg,images/nw-0460-02-000117.jpg,nw,0,water,,0,640,640,S1_20190902_035935_040115_VV_28,S1A_IW_GRDH_1SDV_20190902T035935_20190902T040000_028837_03447B_7C6D.SAFE,2019-09-02T03:59:35
nw-0461-02-000118,nw-0461-02-000118.jpg,images/nw-0461-02-000118.jpg,nw,0,water,,0,640,640,S1_20190904_034305_034445_VV_76,S1A_IW_GRDH_1SDV_20190904T034355_20190904T034420_028866_034579_B50C.SAFE,2019-09-04T03:43:05
nw-0462-02-000119,nw-0462-02-000119.jpg,images/nw-0462-02-000119.jpg,nw,0,water,,0,640,640,S1_20190909_035125_035306_VV_67,S1A_IW_GRDH_1SDV_20190909T035150_20190909T035215_028939_034806_D86D.SAFE;S1A_IW_GRDH_1SDV_20190909T035125_20190909T035150_028939_034806_F874.SAFE,2019-09-09T03:51:25
nw-0463-02-000120,nw-0463-02-000120.jpg,images/nw-0463-02-000120.jpg,nw,0,water,,0,640,640,S1_20190914_154754_154934_VV_0,S1B_IW_GRDH_1SDV_20190914T154754_20190914T154819_018036_021F43_FD90.SAFE,2019-09-14T15:47:54
nw-0464-02-000121,nw-0464-02-000121.jpg,images/nw-0464-02-000121.jpg,nw,0,water,,0,640,640,S1_20190920_035859_040038_VV_0,S1B_IW_GRDH_1SDV_20190920T035859_20190920T035924_018116_0221CA_C24B.SAFE,2019-09-20T03:58:59
nw-0465-02-000122,nw-0465-02-000122.jpg,images/nw-0465-02-000122.jpg,nw,0,water,,0,640,640,S1_20190926_035936_040116_VV_80,S1A_IW_GRDH_1SDV_20190926T040001_20190926T040026_029187_035080_FDB2.SAFE,2019-09-26T03:59:36
nw-0466-02-000123,nw-0466-02-000123.jpg,images/nw-0466-02-000123.jpg,nw,0,water,,0,640,640,S1_20190927_035049_035228_VV_35,S1B_IW_GRDH_1SDV_20190927T035114_20190927T035139_018218_0224DC_067F.SAFE,2019-09-27T03:50:49
nw-0467-02-000124,nw-0467-02-000124.jpg,images/nw-0467-02-000124.jpg,nw,0,water,,0,640,640,S1_20191002_035859_040038_VV_146,S1B_IW_GRDH_1SDV_20191002T040014_20191002T040038_018291_022738_7985.SAFE,2019-10-02T03:58:59
nw-0468-02-000125,nw-0468-02-000125.jpg,images/nw-0468-02-000125.jpg,nw,0,water,,0,640,640,S1_20191008_035936_040116_VV_40,S1A_IW_GRDH_1SDV_20191008T035936_20191008T040001_029362_03568A_4BC2.SAFE,2019-10-08T03:59:36
nw-0469-02-000126,nw-0469-02-000126.jpg,images/nw-0469-02-000126.jpg,nw,0,water,,0,640,640,S1_20191008_154754_154934_VV_51,S1B_IW_GRDH_1SDV_20191008T154909_20191008T154934_018386_022A2C_AF1F.SAFE,2019-10-08T15:47:54
nw-0470-02-000127,nw-0470-02-000127.jpg,images/nw-0470-02-000127.jpg,nw,0,water,,0,640,640,S1_20191009_154016_154156_VV_63,S1A_IW_GRDH_1SDV_20191009T154131_20191009T154156_029384_035749_9F6C.SAFE,2019-10-09T15:40:16
nw-0471-02-000128,nw-0471-02-000128.jpg,images/nw-0471-02-000128.jpg,nw,0,water,,0,640,640,S1_20191014_154845_155025_VV_179,S1A_IW_GRDH_1SDV_20191014T155000_20191014T155025_029457_0359DE_FB77.SAFE,2019-10-14T15:48:45
nw-0472-02-000129,nw-0472-02-000129.jpg,images/nw-0472-02-000129.jpg,nw,0,water,,0,640,640,S1_20191014_154845_155025_VV_40,S1A_IW_GRDH_1SDV_20191014T154910_20191014T154935_029457_0359DE_77C2.SAFE,2019-10-14T15:48:45
nw-0473-02-000130,nw-0473-02-000130.jpg,images/nw-0473-02-000130.jpg,nw,0,water,,0,640,640,S1_20191015_035126_035307_VV_19,S1A_IW_GRDH_1SDV_20191015T035126_20191015T035151_029464_035A19_9F94.SAFE,2019-10-15T03:51:26
nw-0474-02-000131,nw-0474-02-000131.jpg,images/nw-0474-02-000131.jpg,nw,0,water,,0,640,640,S1_20191015_035126_035307_VV_47,S1A_IW_GRDH_1SDV_20191015T035216_20191015T035241_029464_035A19_207B.SAFE,2019-10-15T03:51:26
nw-0475-02-000132,nw-0475-02-000132.jpg,images/nw-0475-02-000132.jpg,nw,0,water,,0,640,640,S1_20191027_153951_154106_VV_69,S1B_IW_GRDH_1SDV_20191027T154041_20191027T154106_018663_0232BF_0AC1.SAFE,2019-10-27T15:39:51
nw-0476-02-000133,nw-0476-02-000133.jpg,images/nw-0476-02-000133.jpg,nw,0,water,,0,640,640,S1_20191028_034227_034407_VV_151,S1B_IW_GRDH_1SDV_20191028T034252_20191028T034317_018670_0232F7_237B.SAFE,2019-10-28T03:42:27
nw-0477-02-000134,nw-0477-02-000134.jpg,images/nw-0477-02-000134.jpg,nw,0,water,,0,640,640,S1_20191101_154754_154934_VV_65,S1B_IW_GRDH_1SDV_20191101T154909_20191101T154934_018736_023509_D85B.SAFE,2019-11-01T15:47:54
nw-0478-02-000135,nw-0478-02-000135.jpg,images/nw-0478-02-000135.jpg,nw,0,water,,0,640,640,S1_20191108_035126_035307_VV_9,S1A_IW_GRDH_1SDV_20191108T035126_20191108T035151_029814_03664C_FCC5.SAFE,2019-11-08T03:51:26
nw-0479-02-000136,nw-0479-02-000136.jpg,images/nw-0479-02-000136.jpg,nw,0,water,,0,640,640,S1_20191108_153951_154106_VV_75,S1B_IW_GRDH_1SDV_20191108T154016_20191108T154041_018838_023867_C951.SAFE,2019-11-08T15:39:51
nw-0480-02-000137,nw-0480-02-000137.jpg,images/nw-0480-02-000137.jpg,nw,0,water,,0,640,640,S1_20191109_034227_034407_VV_108,S1B_IW_GRDH_1SDV_20191109T034252_20191109T034317_018845_0238A3_587D.SAFE,2019-11-09T03:42:27
nw-0481-02-000138,nw-0481-02-000138.jpg,images/nw-0481-02-000138.jpg,nw,0,water,,0,640,640,S1_20191109_034227_034407_VV_20,S1B_IW_GRDH_1SDV_20191109T034227_20191109T034252_018845_0238A3_55F3.SAFE,2019-11-09T03:42:27
nw-0482-02-000139,nw-0482-02-000139.jpg,images/nw-0482-02-000139.jpg,nw,0,water,,0,640,640,S1_20191109_034227_034407_VV_8,S1B_IW_GRDH_1SDV_20191109T034227_20191109T034252_018845_0238A3_55F3.SAFE,2019-11-09T03:42:27
nw-0483-02-000140,nw-0483-02-000140.jpg,images/nw-0483-02-000140.jpg,nw,0,water,,0,640,640,S1_20191113_154755_154935_VV_66,S1B_IW_GRDH_1SDV_20191113T154820_20191113T154845_018911_023AAD_38BC.SAFE,2019-11-13T15:47:55
nw-0484-02-000141,nw-0484-02-000141.jpg,images/nw-0484-02-000141.jpg,nw,0,water,,0,640,640,S1_20191201_154844_155024_VV_90,S1A_IW_GRDH_1SDV_20191201T154909_20191201T154934_030157_03722E_6A79.SAFE,2019-12-01T15:48:44
nw-0485-02-000142,nw-0485-02-000142.jpg,images/nw-0485-02-000142.jpg,nw,0,water,,0,640,640,S1_20191203_034226_034406_VV_121,S1B_IW_GRDH_1SDV_20191203T034251_20191203T034316_019195_0243D6_EC71.SAFE,2019-12-03T03:42:26
nw-0486-02-000143,nw-0486-02-000143.jpg,images/nw-0486-02-000143.jpg,nw,0,water,,0,640,640,S1_20191203_034226_034406_VV_143,S1B_IW_GRDH_1SDV_20191203T034251_20191203T034316_019195_0243D6_EC71.SAFE,2019-12-03T03:42:26
nw-0487-02-000144,nw-0487-02-000144.jpg,images/nw-0487-02-000144.jpg,nw,0,water,,0,640,640,S1_20191203_034226_034406_VV_31,S1B_IW_GRDH_1SDV_20191203T034226_20191203T034251_019195_0243D6_C23B.SAFE,2019-12-03T03:42:26
nw-0488-02-000145,nw-0488-02-000145.jpg,images/nw-0488-02-000145.jpg,nw,0,water,,0,640,640,S1_20191208_154016_154156_VV_314,S1A_IW_GRDH_1SDV_20191208T154131_20191208T154156_030259_0375A0_A790.SAFE,2019-12-08T15:40:16
nw-0489-02-000146,nw-0489-02-000146.jpg,images/nw-0489-02-000146.jpg,nw,0,water,,0,640,640,S1_20191209_034306_034446_VV_136,S1A_IW_GRDH_1SDV_20191209T034331_20191209T034356_030266_0375E5_4006.SAFE,2019-12-09T03:43:06
nw-0490-02-000147,nw-0490-02-000147.jpg,images/nw-0490-02-000147.jpg,nw,0,water,,0,640,640,S1_20191209_034306_034446_VV_139,S1A_IW_GRDH_1SDV_20191209T034331_20191209T034356_030266_0375E5_4006.SAFE,2019-12-09T03:43:06
nw-0491-02-000148,nw-0491-02-000148.jpg,images/nw-0491-02-000148.jpg,nw,0,water,,0,640,640,S1_20191209_034306_034446_VV_31,S1A_IW_GRDH_1SDV_20191209T034306_20191209T034331_030266_0375E5_975E.SAFE,2019-12-09T03:43:06
nw-0492-02-000149,nw-0492-02-000149.jpg,images/nw-0492-02-000149.jpg,nw,0,water,,0,640,640,S1_20191209_153136_153316_VV_683,S1B_IW_GRDH_1SDV_20191209T153251_20191209T153316_019290_0246C0_63C5.SAFE,2019-12-09T15:31:36
nw-0493-02-000150,nw-0493-02-000150.jpg,images/nw-0493-02-000150.jpg,nw,0,water,,0,640,640,S1_20191211_160457_160637_VV_188,S1A_IW_GRDH_1SDV_20191211T160612_20191211T160637_030303_037740_984C.SAFE,2019-12-11T16:04:57
nw-0494-02-000151,nw-0494-02-000151.jpg,images/nw-0494-02-000151.jpg,nw,0,water,,0,640,640,S1_20191213_035858_040037_VV_179,S1B_IW_GRDH_1SDV_20191213T035858_20191213T035923_019341_024871_4AD6.SAFE,2019-12-13T03:58:58
nw-0495-02-000152,nw-0495-02-000152.jpg,images/nw-0495-02-000152.jpg,nw,0,water,,0,640,640,S1_20191214_035125_035306_VV_67,S1A_IW_GRDH_1SDV_20191214T035125_20191214T035150_030339_037875_3C8E.SAFE,2019-12-14T03:51:25
nw-0496-02-000153,nw-0496-02-000153.jpg,images/nw-0496-02-000153.jpg,nw,0,water,,0,640,640,S1_20191219_154753_154933_VV_231,S1B_IW_GRDH_1SDV_20191219T154908_20191219T154933_019436_024B6B_E2BB.SAFE,2019-12-19T15:47:53
nw-0497-02-000154,nw-0497-02-000154.jpg,images/nw-0497-02-000154.jpg,nw,0,water,,0,640,640,S1_20191221_153135_153315_VV_599,S1B_IW_GRDH_1SDV_20191221T153250_20191221T153315_019465_024C52_8DD0.SAFE,2019-12-21T15:31:35
nw-0498-02-000155,nw-0498-02-000155.jpg,images/nw-0498-02-000155.jpg,nw,0,water,,0,640,640,S1_20191221_153135_153315_VV_619,S1B_IW_GRDH_1SDV_20191221T153250_20191221T153315_019465_024C52_8DD0.SAFE,2019-12-21T15:31:35
nw-0499-02-000156,nw-0499-02-000156.jpg,images/nw-0499-02-000156.jpg,nw,0,water,,0,640,640,S1_20191225_154843_155023_VV_154,S1A_IW_GRDH_1SDV_20191225T154958_20191225T155023_030507_037E47_A28A.SAFE,2019-12-25T15:48:43
nw-0500-02-000157,nw-0500-02-000157.jpg,images/nw-0500-02-000157.jpg,nw,0,water,,0,640,640,S1_20191225_154843_155023_VV_215,S1A_IW_GRDH_1SDV_20191225T154933_20191225T154958_030507_037E47_2787.SAFE;S1A_IW_GRDH_1SDV_20191225T154908_20191225T154933_030507_037E47_44CB.SAFE,2019-12-25T15:48:43
nw-0501-02-000158,nw-0501-02-000158.jpg,images/nw-0501-02-000158.jpg,nw,0,water,,0,640,640,S1_20191227_034225_034405_VV_119,S1B_IW_GRDH_1SDV_20191227T034250_20191227T034315_019545_024EF5_7B19.SAFE,2019-12-27T03:42:25
nw-0502-02-000159,nw-0502-02-000159.jpg,images/nw-0502-02-000159.jpg,nw,0,water,,0,640,640,S1_20191229_160412_160552_VV_197,S1B_IW_GRDH_1SDV_20191229T160527_20191229T160552_019582_02501D_988D.SAFE,2019-12-29T16:04:12
nw-0503-02-000160,nw-0503-02-000160.jpg,images/nw-0503-02-000160.jpg,nw,0,water,,0,640,640,S1_20191231_154753_154933_VV_269,S1B_IW_GRDH_1SDV_20191231T154818_20191231T154843_019611_025103_9D8D.SAFE,2019-12-31T15:47:53
nw-0504-03-000001,nw-0504-03-000001.jpg,images/nw-0504-03-000001.jpg,nw,0,water,,0,640,640,S1_20190101_034235_034350_VV_76,S1B_IW_GRDH_1SDV_20190101T034300_20190101T034325_014295_01A97E_39B8.SAFE,2019-01-01T03:42:35
nw-0505-03-000002,nw-0505-03-000002.jpg,images/nw-0505-03-000002.jpg,nw,0,water,,0,640,640,S1_20190105_035928_040108_VV_32,S1A_IW_GRDH_1SDV_20190105T035928_20190105T035953_025337_02CDDA_E728.SAFE,2019-01-05T03:59:28
nw-0506-03-000003,nw-0506-03-000003.jpg,images/nw-0506-03-000003.jpg,nw,0,water,,0,640,640,S1_20190105_035928_040108_VV_43,S1A_IW_GRDH_1SDV_20190105T035928_20190105T035953_025337_02CDDA_E728.SAFE,2019-01-05T03:59:28
nw-0507-03-000004,nw-0507-03-000004.jpg,images/nw-0507-03-000004.jpg,nw,0,water,,0,640,640,S1_20190112_153943_154058_VV_49,S1B_IW_GRDH_1SDV_20190112T154008_20190112T154033_014463_01AEE6_BC6A.SAFE,2019-01-12T15:39:43
nw-0508-03-000005,nw-0508-03-000005.jpg,images/nw-0508-03-000005.jpg,nw,0,water,,0,640,640,S1_20190118_035040_035219_VV_120,S1B_IW_GRDH_1SDV_20190118T035040_20190118T035105_014543_01B170_CD8E.SAFE,2019-01-18T03:50:40
nw-0509-03-000006,nw-0509-03-000006.jpg,images/nw-0509-03-000006.jpg,nw,0,water,,0,640,640,S1_20190127_160405_160545_VV_44,S1B_IW_GRDH_1SDV_20190127T160520_20190127T160545_014682_01B5E9_2D4B.SAFE,2019-01-27T16:04:05
nw-0510-03-000007,nw-0510-03-000007.jpg,images/nw-0510-03-000007.jpg,nw,0,water,,0,640,640,S1_20190130_154007_154147_VV_86,S1A_IW_GRDH_1SDV_20190130T154122_20190130T154147_025709_02DB59_6E7F.SAFE,2019-01-30T15:40:07
nw-0511-03-000008,nw-0511-03-000008.jpg,images/nw-0511-03-000008.jpg,nw,0,water,,0,640,640,S1_20190131_034257_034437_VV_1,S1A_IW_GRDH_1SDV_20190131T034257_20190131T034322_025716_02DBA1_AA0C.SAFE,2019-01-31T03:42:57
nw-0512-03-000009,nw-0512-03-000009.jpg,images/nw-0512-03-000009.jpg,nw,0,water,,0,640,640,S1_20190206_034234_034349_VV_48,S1B_IW_GRDH_1SDV_20190206T034234_20190206T034259_014820_01BA76_DF73.SAFE,2019-02-06T03:42:34
nw-0513-03-000010,nw-0513-03-000010.jpg,images/nw-0513-03-000010.jpg,nw,0,water,,0,640,640,S1_20190216_035850_040029_VV_109,S1B_IW_GRDH_1SDV_20190216T035940_20190216T040005_014966_01BF36_8C52.SAFE,2019-02-16T03:58:50
nw-0514-03-000011,nw-0514-03-000011.jpg,images/nw-0514-03-000011.jpg,nw,0,water,,0,640,640,S1_20190216_035850_040029_VV_117,S1B_IW_GRDH_1SDV_20190216T040005_20190216T040029_014966_01BF36_0C59.SAFE,2019-02-16T03:58:50
nw-0515-03-000012,nw-0515-03-000012.jpg,images/nw-0515-03-000012.jpg,nw,0,water,,0,640,640,S1_20190216_035850_040029_VV_63,S1B_IW_GRDH_1SDV_20190216T035850_20190216T035915_014966_01BF36_326E.SAFE,2019-02-16T03:58:50
nw-0516-03-000013,nw-0516-03-000013.jpg,images/nw-0516-03-000013.jpg,nw,0,water,,0,640,640,S1_20190216_035850_040029_VV_66,S1B_IW_GRDH_1SDV_20190216T035850_20190216T035915_014966_01BF36_326E.SAFE,2019-02-16T03:58:50
nw-0517-03-000014,nw-0517-03-000014.jpg,images/nw-0517-03-000014.jpg,nw,0,water,,0,640,640,S1_20190216_154835_155015_VV_11,S1A_IW_GRDH_1SDV_20190216T154835_20190216T154900_025957_02E43B_132D.SAFE,2019-02-16T15:48:35
nw-0518-03-000015,nw-0518-03-000015.jpg,images/nw-0518-03-000015.jpg,nw,0,water,,0,640,640,S1_20190216_154835_155015_VV_48,S1A_IW_GRDH_1SDV_20190216T154950_20190216T155015_025957_02E43B_182C.SAFE,2019-02-16T15:48:35
nw-0519-03-000016,nw-0519-03-000016.jpg,images/nw-0519-03-000016.jpg,nw,0,water,,0,640,640,S1_20190217_035116_035258_VV_62,S1A_IW_GRDH_1SDV_20190217T035141_20190217T035206_025964_02E473_41AA.SAFE,2019-02-17T03:51:16
nw-0520-03-000017,nw-0520-03-000017.jpg,images/nw-0520-03-000017.jpg,nw,0,water,,0,640,640,S1_20190217_035116_035258_VV_77,S1A_IW_GRDH_1SDV_20190217T035141_20190217T035206_025964_02E473_41AA.SAFE,2019-02-17T03:51:16
nw-0521-03-000018,nw-0521-03-000018.jpg,images/nw-0521-03-000018.jpg,nw,0,water,,0,640,640,S1_20190217_035116_035258_VV_97,S1A_IW_GRDH_1SDV_20190217T035231_20190217T035258_025964_02E473_E80D.SAFE,2019-02-17T03:51:16
nw-0522-03-000019,nw-0522-03-000019.jpg,images/nw-0522-03-000019.jpg,nw,0,water,,0,640,640,S1_20190217_153942_154057_VV_107,S1B_IW_GRDH_1SDV_20190217T154032_20190217T154057_014988_01BFFD_6BFC.SAFE,2019-02-17T15:39:42
nw-0523-03-000020,nw-0523-03-000020.jpg,images/nw-0523-03-000020.jpg,nw,0,water,,0,640,640,S1_20190218_034234_034349_VV_159,S1B_IW_GRDH_1SDV_20190218T034259_20190218T034324_014995_01C035_58C9.SAFE,2019-02-18T03:42:34
nw-0524-03-000021,nw-0524-03-000021.jpg,images/nw-0524-03-000021.jpg,nw,0,water,,0,640,640,S1_20190220_160404_160544_VV_114,S1B_IW_GRDH_1SDV_20190220T160519_20190220T160544_015032_01C169_37F7.SAFE,2019-02-20T16:04:04
nw-0525-03-000022,nw-0525-03-000022.jpg,images/nw-0525-03-000022.jpg,nw,0,water,,0,640,640,S1_20190221_155637_155817_VV_26,S1A_IW_GRDH_1SDV_20190221T155727_20190221T155752_026030_02E6CF_E2B0.SAFE,2019-02-21T15:56:37
nw-0526-03-000023,nw-0526-03-000023.jpg,images/nw-0526-03-000023.jpg,nw,0,water,,0,640,640,S1_20190222_035926_040106_VV_186,S1A_IW_GRDH_1SDV_20190222T035926_20190222T035951_026037_02E70F_1C4A.SAFE,2019-02-22T03:59:26
nw-0527-03-000024,nw-0527-03-000024.jpg,images/nw-0527-03-000024.jpg,nw,0,water,,0,640,640,S1_20190222_035926_040106_VV_212,S1A_IW_GRDH_1SDV_20190222T035951_20190222T040016_026037_02E70F_6632.SAFE,2019-02-22T03:59:26
nw-0528-03-000025,nw-0528-03-000025.jpg,images/nw-0528-03-000025.jpg,nw,0,water,,0,640,640,S1_20190222_035926_040106_VV_62,S1A_IW_GRDH_1SDV_20190222T035926_20190222T035951_026037_02E70F_1C4A.SAFE,2019-02-22T03:59:26
nw-0529-03-000026,nw-0529-03-000026.jpg,images/nw-0529-03-000026.jpg,nw,0,water,,0,640,640,S1_20190222_154745_154925_VV_234,S1B_IW_GRDH_1SDV_20190222T154900_20190222T154925_015061_01C24C_2830.SAFE,2019-02-22T15:47:45
nw-0530-03-000027,nw-0530-03-000027.jpg,images/nw-0530-03-000027.jpg,nw,0,water,,0,640,640,S1_20190222_154745_154925_VV_243,S1B_IW_GRDH_1SDV_20190222T154900_20190222T154925_015061_01C24C_2830.SAFE,2019-02-22T15:47:45
nw-0531-03-000028,nw-0531-03-000028.jpg,images/nw-0531-03-000028.jpg,nw,0,water,,0,640,640,S1_20190223_035040_035219_VV_161,S1B_IW_GRDH_1SDV_20190223T035105_20190223T035130_015068_01C287_AE93.SAFE,2019-02-23T03:50:40
nw-0532-03-000029,nw-0532-03-000029.jpg,images/nw-0532-03-000029.jpg,nw,0,water,,0,640,640,S1_20190223_035040_035219_VV_224,S1B_IW_GRDH_1SDV_20190223T035130_20190223T035155_015068_01C287_0DC8.SAFE,2019-02-23T03:50:40
nw-0533-03-000030,nw-0533-03-000030.jpg,images/nw-0533-03-000030.jpg,nw,0,water,,0,640,640,S1_20190223_035040_035219_VV_62,S1B_IW_GRDH_1SDV_20190223T035040_20190223T035105_015068_01C287_5EB6.SAFE,2019-02-23T03:50:40
nw-0534-03-000031,nw-0534-03-000031.jpg,images/nw-0534-03-000031.jpg,nw,0,water,,0,640,640,S1_20190223_035040_035219_VV_92,S1B_IW_GRDH_1SDV_20190223T035105_20190223T035130_015068_01C287_AE93.SAFE,2019-02-23T03:50:40
nw-0535-03-000032,nw-0535-03-000032.jpg,images/nw-0535-03-000032.jpg,nw,0,water,,0,640,640,S1_20190223_154007_154147_VV_111,S1A_IW_GRDH_1SDV_20190223T154122_20190223T154147_026059_02E7D6_5BFC.SAFE,2019-02-23T15:40:07
nw-0536-03-000033,nw-0536-03-000033.jpg,images/nw-0536-03-000033.jpg,nw,0,water,,0,640,640,S1_20190223_154007_154147_VV_142,S1A_IW_GRDH_1SDV_20190223T154057_20190223T154122_026059_02E7D6_A9E6.SAFE,2019-02-23T15:40:07
nw-0537-03-000034,nw-0537-03-000034.jpg,images/nw-0537-03-000034.jpg,nw,0,water,,0,640,640,S1_20190224_034257_034437_VV_62,S1A_IW_GRDH_1SDV_20190224T034347_20190224T034412_026066_02E816_11C9.SAFE,2019-02-24T03:42:57
nw-0538-03-000035,nw-0538-03-000035.jpg,images/nw-0538-03-000035.jpg,nw,0,water,,0,640,640,S1_20190302_034234_034349_VV_35,S1B_IW_GRDH_1SDV_20190302T034234_20190302T034259_015170_01C5ED_04F5.SAFE,2019-03-02T03:42:34
nw-0539-03-000036,nw-0539-03-000036.jpg,images/nw-0539-03-000036.jpg,nw,0,water,,0,640,640,S1_20190302_034234_034349_VV_45,S1B_IW_GRDH_1SDV_20190302T034259_20190302T034324_015170_01C5ED_B305.SAFE,2019-03-02T03:42:34
nw-0540-03-000037,nw-0540-03-000037.jpg,images/nw-0540-03-000037.jpg,nw,0,water,,0,640,640,S1_20190308_034257_034437_VV_69,S1A_IW_GRDH_1SDV_20190308T034322_20190308T034347_026241_02EE61_CABA.SAFE,2019-03-08T03:42:57
nw-0541-03-000038,nw-0541-03-000038.jpg,images/nw-0541-03-000038.jpg,nw,0,water,,0,640,640,S1_20190309_033408_033548_VV_20,S1B_IW_GRDH_1SDV_20190309T033408_20190309T033433_015272_01C939_E524.SAFE,2019-03-09T03:34:08
nw-0542-03-000039,nw-0542-03-000039.jpg,images/nw-0542-03-000039.jpg,nw,0,water,,0,640,640,S1_20190309_033408_033548_VV_22,S1B_IW_GRDH_1SDV_20190309T033408_20190309T033433_015272_01C939_E524.SAFE,2019-03-09T03:34:08
nw-0543-03-000040,nw-0543-03-000040.jpg,images/nw-0543-03-000040.jpg,nw,0,water,,0,640,640,S1_20190310_160448_160628_VV_22,S1A_IW_GRDH_1SDV_20190310T160603_20190310T160628_026278_02EFD1_3D52.SAFE,2019-03-10T16:04:48
nw-0544-03-000041,nw-0544-03-000041.jpg,images/nw-0544-03-000041.jpg,nw,0,water,,0,640,640,S1_20190312_154835_155015_VV_39,S1A_IW_GRDH_1SDV_20190312T154925_20190312T154950_026307_02F0D5_08E2.SAFE,2019-03-12T15:48:35
nw-0545-03-000042,nw-0545-03-000042.jpg,images/nw-0545-03-000042.jpg,nw,0,water,,0,640,640,S1_20190312_154835_155015_VV_52,S1A_IW_GRDH_1SDV_20190312T154925_20190312T154950_026307_02F0D5_08E2.SAFE,2019-03-12T15:48:35
nw-0546-03-000043,nw-0546-03-000043.jpg,images/nw-0546-03-000043.jpg,nw,0,water,,0,640,640,S1_20190319_035039_035218_VV_177,S1B_IW_GRDH_1SDV_20190319T035104_20190319T035129_015418_01CDFB_86C8.SAFE,2019-03-19T03:50:39
nw-0547-03-000044,nw-0547-03-000044.jpg,images/nw-0547-03-000044.jpg,nw,0,water,,0,640,640,S1_20190319_035039_035218_VV_95,S1B_IW_GRDH_1SDV_20190319T035104_20190319T035129_015418_01CDFB_86C8.SAFE,2019-03-19T03:50:39
nw-0548-03-000045,nw-0548-03-000045.jpg,images/nw-0548-03-000045.jpg,nw,0,water,,0,640,640,S1_20190321_033408_033548_VV_36,S1B_IW_GRDH_1SDV_20190321T033433_20190321T033458_015447_01CEE6_D58A.SAFE,2019-03-21T03:34:08
nw-0549-03-000046,nw-0549-03-000046.jpg,images/nw-0549-03-000046.jpg,nw,0,water,,0,640,640,S1_20190330_154745_154925_VV_36,S1B_IW_GRDH_1SDV_20190330T154810_20190330T154835_015586_01D376_907A.SAFE,2019-03-30T15:47:45
nw-0550-03-000047,nw-0550-03-000047.jpg,images/nw-0550-03-000047.jpg,nw,0,water,,0,640,640,S1_20190331_154007_154147_VV_63,S1A_IW_GRDH_1SDV_20190331T154122_20190331T154147_026584_02FB04_E6E8.SAFE,2019-03-31T15:40:07
nw-0551-03-000048,nw-0551-03-000048.jpg,images/nw-0551-03-000048.jpg,nw,0,water,,0,640,640,S1_20190405_035850_040029_VV_20,S1B_IW_GRDH_1SDV_20190405T035850_20190405T035915_015666_01D628_CFEF.SAFE,2019-04-05T03:58:50
nw-0552-03-000049,nw-0552-03-000049.jpg,images/nw-0552-03-000049.jpg,nw,0,water,,0,640,640,S1_20190405_154836_155016_VV_9,S1A_IW_GRDH_1SDV_20190405T154901_20190405T154926_026657_02FDC3_00D2.SAFE,2019-04-05T15:48:36
nw-0553-03-000050,nw-0553-03-000050.jpg,images/nw-0553-03-000050.jpg,nw,0,water,,0,640,640,S1_20190412_035040_035219_VV_12,S1B_IW_GRDH_1SDV_20190412T035040_20190412T035105_015768_01D985_9F88.SAFE,2019-04-12T03:50:40
nw-0554-03-000051,nw-0554-03-000051.jpg,images/nw-0554-03-000051.jpg,nw,0,water,,0,640,640,S1_20190412_035040_035219_VV_27,S1B_IW_GRDH_1SDV_20190412T035040_20190412T035105_015768_01D985_9F88.SAFE,2019-04-12T03:50:40
nw-0555-03-000052,nw-0555-03-000052.jpg,images/nw-0555-03-000052.jpg,nw,0,water,,0,640,640,S1_20190413_034257_034437_VV_120,S1A_IW_GRDH_1SDV_20190413T034322_20190413T034347_026766_0301B4_A868.SAFE,2019-04-13T03:42:57
nw-0556-03-000053,nw-0556-03-000053.jpg,images/nw-0556-03-000053.jpg,nw,0,water,,0,640,640,S1_20190413_034257_034437_VV_133,S1A_IW_GRDH_1SDV_20190413T034347_20190413T034412_026766_0301B4_092E.SAFE,2019-04-13T03:42:57
nw-0557-03-000054,nw-0557-03-000054.jpg,images/nw-0557-03-000054.jpg,nw,0,water,,0,640,640,S1_20190424_035041_035220_VV_72,S1B_IW_GRDH_1SDV_20190424T035041_20190424T035106_015943_01DF52_4650.SAFE,2019-04-24T03:50:41
nw-0558-03-000055,nw-0558-03-000055.jpg,images/nw-0558-03-000055.jpg,nw,0,water,,0,640,640,S1_20190424_035041_035220_VV_9,S1B_IW_GRDH_1SDV_20190424T035041_20190424T035106_015943_01DF52_4650.SAFE,2019-04-24T03:50:41
nw-0559-03-000056,nw-0559-03-000056.jpg,images/nw-0559-03-000056.jpg,nw,0,water,,0,640,640,S1_20190424_154008_154148_VV_11,S1A_IW_GRDH_1SDV_20190424T154033_20190424T154058_026934_0307C2_2896.SAFE,2019-04-24T15:40:08
nw-0560-03-000057,nw-0560-03-000057.jpg,images/nw-0560-03-000057.jpg,nw,0,water,,0,640,640,S1_20190424_154008_154148_VV_60,S1A_IW_GRDH_1SDV_20190424T154123_20190424T154148_026934_0307C2_8DFF.SAFE,2019-04-24T15:40:08
nw-0561-03-000058,nw-0561-03-000058.jpg,images/nw-0561-03-000058.jpg,nw,0,water,,0,640,640,S1_20190425_034258_034438_VV_104,S1A_IW_GRDH_1SDV_20190425T034258_20190425T034323_026941_030806_D45F.SAFE,2019-04-25T03:42:58
nw-0562-03-000059,nw-0562-03-000059.jpg,images/nw-0562-03-000059.jpg,nw,0,water,,0,640,640,S1_20190425_034258_034438_VV_4,S1A_IW_GRDH_1SDV_20190425T034258_20190425T034323_026941_030806_D45F.SAFE,2019-04-25T03:42:58
nw-0563-03-000060,nw-0563-03-000060.jpg,images/nw-0563-03-000060.jpg,nw,0,water,,0,640,640,S1_20190425_034258_034438_VV_5,S1A_IW_GRDH_1SDV_20190425T034258_20190425T034323_026941_030806_D45F.SAFE,2019-04-25T03:42:58
nw-0564-03-000061,nw-0564-03-000061.jpg,images/nw-0564-03-000061.jpg,nw,0,water,,0,640,640,S1_20190428_155642_155736_VV_55,S1B_IW_GRDH_1SDV_20190428T155711_20190428T155736_016009_01E183_B373.SAFE,2019-04-28T15:56:42
nw-0565-03-000062,nw-0565-03-000062.jpg,images/nw-0565-03-000062.jpg,nw,0,water,,0,640,640,S1_20190429_154837_155017_VV_122,S1A_IW_GRDH_1SDV_20190429T154952_20190429T155017_027007_030A73_3AD5.SAFE,2019-04-29T15:48:37
nw-0566-03-000063,nw-0566-03-000063.jpg,images/nw-0566-03-000063.jpg,nw,0,water,,0,640,640,S1_20190430_035118_035259_VV_200,S1A_IW_GRDH_1SDV_20190430T035208_20190430T035233_027014_030AB6_6298.SAFE,2019-04-30T03:51:18
nw-0567-03-000064,nw-0567-03-000064.jpg,images/nw-0567-03-000064.jpg,nw,0,water,,0,640,640,S1_20190430_153943_154058_VV_117,S1B_IW_GRDH_1SDV_20190430T154033_20190430T154058_016038_01E28F_07FE.SAFE,2019-04-30T15:39:43
nw-0568-03-000065,nw-0568-03-000065.jpg,images/nw-0568-03-000065.jpg,nw,0,water,,0,640,640,S1_20190430_153943_154058_VV_82,S1B_IW_GRDH_1SDV_20190430T154008_20190430T154033_016038_01E28F_DDE9.SAFE,2019-04-30T15:39:43
nw-0569-03-000066,nw-0569-03-000066.jpg,images/nw-0569-03-000066.jpg,nw,0,water,,0,640,640,S1_20190430_153943_154058_VV_87,S1B_IW_GRDH_1SDV_20190430T154008_20190430T154033_016038_01E28F_DDE9.SAFE,2019-04-30T15:39:43
nw-0570-03-000067,nw-0570-03-000067.jpg,images/nw-0570-03-000067.jpg,nw,0,water,,0,640,640,S1_20190501_034219_034359_VV_64,S1B_IW_GRDH_1SDV_20190501T034244_20190501T034309_016045_01E2CB_793F.SAFE;S1B_IW_GRDH_1SDV_20190501T034219_20190501T034244_016045_01E2CB_DAFE.SAFE,2019-05-01T03:42:19
nw-0571-03-000068,nw-0571-03-000068.jpg,images/nw-0571-03-000068.jpg,nw,0,water,,0,640,640,S1_20190501_034219_034359_VV_93,S1B_IW_GRDH_1SDV_20190501T034244_20190501T034309_016045_01E2CB_793F.SAFE,2019-05-01T03:42:19
nw-0572-03-000069,nw-0572-03-000069.jpg,images/nw-0572-03-000069.jpg,nw,0,water,,0,640,640,S1_20190511_154837_155017_VV_70,S1A_IW_GRDH_1SDV_20190511T154927_20190511T154952_027182_031070_998B.SAFE,2019-05-11T15:48:37
nw-0573-03-000070,nw-0573-03-000070.jpg,images/nw-0573-03-000070.jpg,nw,0,water,,0,640,640,S1_20190519_034259_034439_VV_29,S1A_IW_GRDH_1SDV_20190519T034259_20190519T034324_027291_0313E1_D2CA.SAFE,2019-05-19T03:42:59
nw-0574-03-000071,nw-0574-03-000071.jpg,images/nw-0574-03-000071.jpg,nw,0,water,,0,640,640,S1_20190522_155643_155737_VV_289,S1B_IW_GRDH_1SDV_20190522T155712_20190522T155737_016359_01ECA7_BEBC.SAFE,2019-05-22T15:56:43
nw-0575-03-000072,nw-0575-03-000072.jpg,images/nw-0575-03-000072.jpg,nw,0,water,,0,640,640,S1_20190524_035119_035300_VV_85,S1A_IW_GRDH_1SDV_20190524T035144_20190524T035209_027364_031625_287A.SAFE,2019-05-24T03:51:19
nw-0576-03-000073,nw-0576-03-000073.jpg,images/nw-0576-03-000073.jpg,nw,0,water,,0,640,640,S1_20190525_034220_034400_VV_22,S1B_IW_GRDH_1SDV_20190525T034220_20190525T034245_016395_01EDD2_8B9B.SAFE,2019-05-25T03:42:20
nw-0577-03-000074,nw-0577-03-000074.jpg,images/nw-0577-03-000074.jpg,nw,0,water,,0,640,640,S1_20190527_160407_160547_VV_89,S1B_IW_GRDH_1SDV_20190527T160522_20190527T160547_016432_01EEE6_9F08.SAFE,2019-05-27T16:04:07
nw-0578-03-000075,nw-0578-03-000075.jpg,images/nw-0578-03-000075.jpg,nw,0,water,,0,640,640,S1_20190529_035929_040109_VV_196,S1A_IW_GRDH_1SDV_20190529T040044_20190529T040109_027437_031860_7B6B.SAFE;S1A_IW_GRDH_1SDV_20190529T040019_20190529T040044_027437_031860_421A.SAFE,2019-05-29T03:59:29
nw-0579-03-000076,nw-0579-03-000076.jpg,images/nw-0579-03-000076.jpg,nw,0,water,,0,640,640,S1_20190529_035929_040109_VV_91,S1A_IW_GRDH_1SDV_20190529T040019_20190529T040044_027437_031860_421A.SAFE,2019-05-29T03:59:29
nw-0580-03-000077,nw-0580-03-000077.jpg,images/nw-0580-03-000077.jpg,nw,0,water,,0,640,640,S1_20190529_154748_154928_VV_21,S1B_IW_GRDH_1SDV_20190529T154903_20190529T154928_016461_01EFC4_CD23.SAFE;S1B_IW_GRDH_1SDV_20190529T154838_20190529T154903_016461_01EFC4_8B41.SAFE,2019-05-29T15:47:48
nw-0581-03-000078,nw-0581-03-000078.jpg,images/nw-0581-03-000078.jpg,nw,0,water,,0,640,640,S1_20190530_154010_154150_VV_114,S1A_IW_GRDH_1SDV_20190530T154125_20190530T154150_027459_031913_1260.SAFE,2019-05-30T15:40:10
nw-0582-03-000079,nw-0582-03-000079.jpg,images/nw-0582-03-000079.jpg,nw,0,water,,0,640,640,S1_20190530_154010_154150_VV_122,S1A_IW_GRDH_1SDV_20190530T154125_20190530T154150_027459_031913_1260.SAFE,2019-05-30T15:40:10
nw-0583-03-000080,nw-0583-03-000080.jpg,images/nw-0583-03-000080.jpg,nw,0,water,,0,640,640,S1_20190531_034300_034440_VV_52,S1A_IW_GRDH_1SDV_20190531T034300_20190531T034325_027466_031954_5014.SAFE,2019-05-31T03:43:00
nw-0584-03-000081,nw-0584-03-000081.jpg,images/nw-0584-03-000081.jpg,nw,0,water,,0,640,640,S1_20190609_155640_155820_VV_83,S1A_IW_GRDH_1SDV_20190609T155730_20190609T155755_027605_031D91_51DD.SAFE,2019-06-09T15:56:40
nw-0585-03-000082,nw-0585-03-000082.jpg,images/nw-0585-03-000082.jpg,nw,0,water,,0,640,640,S1_20190610_154748_154928_VV_148,S1B_IW_GRDH_1SDV_20190610T154903_20190610T154928_016636_01F4FD_9997.SAFE,2019-06-10T15:47:48
nw-0586-03-000083,nw-0586-03-000083.jpg,images/nw-0586-03-000083.jpg,nw,0,water,,0,640,640,S1_20190610_154748_154928_VV_49,S1B_IW_GRDH_1SDV_20190610T154838_20190610T154903_016636_01F4FD_6C1D.SAFE,2019-06-10T15:47:48
nw-0587-03-000084,nw-0587-03-000084.jpg,images/nw-0587-03-000084.jpg,nw,0,water,,0,640,640,S1_20190611_035043_035222_VV_50,S1B_IW_GRDH_1SDV_20190611T035108_20190611T035133_016643_01F530_8AD0.SAFE,2019-06-11T03:50:43
nw-0588-03-000085,nw-0588-03-000085.jpg,images/nw-0588-03-000085.jpg,nw,0,water,,0,640,640,S1_20190616_035853_040032_VV_96,S1B_IW_GRDH_1SDV_20190616T035918_20190616T035943_016716_01F766_2E45.SAFE,2019-06-16T03:58:53
nw-0589-03-000086,nw-0589-03-000086.jpg,images/nw-0589-03-000086.jpg,nw,0,water,,0,640,640,S1_20190623_035044_035223_VV_189,S1B_IW_GRDH_1SDV_20190623T035044_20190623T035109_016818_01FA62_8090.SAFE,2019-06-23T03:50:44
nw-0590-03-000087,nw-0590-03-000087.jpg,images/nw-0590-03-000087.jpg,nw,0,water,,0,640,640,S1_20190624_034301_034441_VV_110,S1A_IW_GRDH_1SDV_20190624T034326_20190624T034351_027816_0323DB_A72A.SAFE,2019-06-24T03:43:01
nw-0591-03-000088,nw-0591-03-000088.jpg,images/nw-0591-03-000088.jpg,nw,0,water,,0,640,640,S1_20190624_034301_034441_VV_120,S1A_IW_GRDH_1SDV_20190624T034326_20190624T034351_027816_0323DB_A72A.SAFE,2019-06-24T03:43:01
nw-0592-03-000089,nw-0592-03-000089.jpg,images/nw-0592-03-000089.jpg,nw,0,water,,0,640,640,S1_20190624_034301_034441_VV_67,S1A_IW_GRDH_1SDV_20190624T034301_20190624T034326_027816_0323DB_4474.SAFE,2019-06-24T03:43:01
nw-0593-03-000090,nw-0593-03-000090.jpg,images/nw-0593-03-000090.jpg,nw,0,water,,0,640,640,S1_20190625_033412_033552_VV_12,S1B_IW_GRDH_1SDV_20190625T033412_20190625T033437_016847_01FB31_D537.SAFE,2019-06-25T03:34:12
nw-0594-03-000091,nw-0594-03-000091.jpg,images/nw-0594-03-000091.jpg,nw,0,water,,0,640,640,S1_20190705_035045_035224_VV_87,S1B_IW_GRDH_1SDV_20190705T035045_20190705T035110_016993_01FF91_8B48.SAFE,2019-07-05T03:50:45
nw-0595-03-000092,nw-0595-03-000092.jpg,images/nw-0595-03-000092.jpg,nw,0,water,,0,640,640,S1_20190709_155646_155740_VV_17,S1B_IW_GRDH_1SDV_20190709T155715_20190709T155740_017059_020187_FF25.SAFE,2019-07-09T15:56:46
nw-0596-03-000093,nw-0596-03-000093.jpg,images/nw-0596-03-000093.jpg,nw,0,water,,0,640,640,S1_20190709_155646_155740_VV_60,S1B_IW_GRDH_1SDV_20190709T155715_20190709T155740_017059_020187_FF25.SAFE,2019-07-09T15:56:46
nw-0597-03-000094,nw-0597-03-000094.jpg,images/nw-0597-03-000094.jpg,nw,0,water,,0,640,640,S1_20190716_035932_040112_VV_14,S1A_IW_GRDH_1SDV_20190716T035932_20190716T035957_028137_032D90_6BA9.SAFE,2019-07-16T03:59:32
nw-0598-03-000095,nw-0598-03-000095.jpg,images/nw-0598-03-000095.jpg,nw,0,water,,0,640,640,S1_20190723_035122_035304_VV_21,S1A_IW_GRDH_1SDV_20190723T035122_20190723T035147_028239_0330A7_4635.SAFE,2019-07-23T03:51:22
nw-0599-03-000096,nw-0599-03-000096.jpg,images/nw-0599-03-000096.jpg,nw,0,water,,0,640,640,S1_20190725_033500_033640_VV_9,S1A_IW_GRDH_1SDV_20190725T033500_20190725T033525_028268_03317E_1B90.SAFE,2019-07-25T03:35:00
nw-0600-03-000097,nw-0600-03-000097.jpg,images/nw-0600-03-000097.jpg,nw,0,water,,0,640,640,S1_20190728_035933_040113_VV_10,S1A_IW_GRDH_1SDV_20190728T035933_20190728T035958_028312_0332E7_D8BB.SAFE,2019-07-28T03:59:33
nw-0601-03-000098,nw-0601-03-000098.jpg,images/nw-0601-03-000098.jpg,nw,0,water,,0,640,640,S1_20190728_035933_040113_VV_29,S1A_IW_GRDH_1SDV_20190728T035933_20190728T035958_028312_0332E7_D8BB.SAFE,2019-07-28T03:59:33
nw-0602-03-000099,nw-0602-03-000099.jpg,images/nw-0602-03-000099.jpg,nw,0,water,,0,640,640,S1_20190730_034303_034443_VV_116,S1A_IW_GRDH_1SDV_20190730T034418_20190730T034443_028341_0333D2_9F38.SAFE,2019-07-30T03:43:03
nw-0603-03-000100,nw-0603-03-000100.jpg,images/nw-0603-03-000100.jpg,nw,0,water,,0,640,640,S1_20190803_035856_040035_VV_14,S1B_IW_GRDH_1SDV_20190803T035856_20190803T035921_017416_020C16_EF88.SAFE,2019-08-03T03:58:56
nw-0604-03-000101,nw-0604-03-000101.jpg,images/nw-0604-03-000101.jpg,nw,0,water,,0,640,640,S1_20190803_035856_040035_VV_25,S1B_IW_GRDH_1SDV_20190803T035856_20190803T035921_017416_020C16_EF88.SAFE,2019-08-03T03:58:56
nw-0605-03-000102,nw-0605-03-000102.jpg,images/nw-0605-03-000102.jpg,nw,0,water,,0,640,640,S1_20190805_034224_034404_VV_5,S1B_IW_GRDH_1SDV_20190805T034224_20190805T034249_017445_020CF7_1135.SAFE,2019-08-05T03:42:24
nw-0606-03-000103,nw-0606-03-000103.jpg,images/nw-0606-03-000103.jpg,nw,0,water,,0,640,640,S1_20190817_034225_034405_VV_48,S1B_IW_GRDH_1SDV_20190817T034315_20190817T034340_017620_021260_CC88.SAFE,2019-08-17T03:42:25
nw-0607-03-000104,nw-0607-03-000104.jpg,images/nw-0607-03-000104.jpg,nw,0,water,,0,640,640,S1_20190821_035934_040114_VV_126,S1A_IW_GRDH_1SDV_20190821T040024_20190821T040049_028662_033E63_3BDB.SAFE,2019-08-21T03:59:34
nw-0608-03-000105,nw-0608-03-000105.jpg,images/nw-0608-03-000105.jpg,nw,0,water,,0,640,640,S1_20190827_035858_040037_VV_19,S1B_IW_GRDH_1SDV_20190827T035858_20190827T035923_017766_0216ED_C8C4.SAFE,2019-08-27T03:58:58
nw-0609-03-000106,nw-0609-03-000106.jpg,images/nw-0609-03-000106.jpg,nw,0,water,,0,640,640,S1_20190827_035858_040037_VV_21,S1B_IW_GRDH_1SDV_20190827T035858_20190827T035923_017766_0216ED_C8C4.SAFE,2019-08-27T03:58:58
nw-0610-03-000107,nw-0610-03-000107.jpg,images/nw-0610-03-000107.jpg,nw,0,water,,0,640,640,S1_20190827_035858_040037_VV_9,S1B_IW_GRDH_1SDV_20190827T035858_20190827T035923_017766_0216ED_C8C4.SAFE,2019-08-27T03:58:58
nw-0611-03-000108,nw-0611-03-000108.jpg,images/nw-0611-03-000108.jpg,nw,0,water,,0,640,640,S1_20190902_035935_040115_VV_91,S1A_IW_GRDH_1SDV_20190902T040050_20190902T040115_028837_03447B_D2F2.SAFE,2019-09-02T03:59:35
nw-0612-03-000109,nw-0612-03-000109.jpg,images/nw-0612-03-000109.jpg,nw,0,water,,0,640,640,S1_20190904_034305_034445_VV_79,S1A_IW_GRDH_1SDV_20190904T034355_20190904T034420_028866_034579_B50C.SAFE,2019-09-04T03:43:05
nw-0613-03-000110,nw-0613-03-000110.jpg,images/nw-0613-03-000110.jpg,nw,0,water,,0,640,640,S1_20190913_155646_155826_VV_35,S1A_IW_GRDH_1SDV_20190913T155801_20190913T155826_029005_034A50_C207.SAFE,2019-09-13T15:56:46
nw-0614-03-000111,nw-0614-03-000111.jpg,images/nw-0614-03-000111.jpg,nw,0,water,,0,640,640,S1_20190915_035049_035228_VV_32,S1B_IW_GRDH_1SDV_20190915T035049_20190915T035114_018043_021F77_F12E.SAFE,2019-09-15T03:50:49
nw-0615-03-000112,nw-0615-03-000112.jpg,images/nw-0615-03-000112.jpg,nw,0,water,,0,640,640,S1_20190921_035125_035307_VV_24,S1A_IW_GRDH_1SDV_20190921T035125_20190921T035150_029114_034E08_0160.SAFE,2019-09-21T03:51:25
nw-0616-03-000113,nw-0616-03-000113.jpg,images/nw-0616-03-000113.jpg,nw,0,water,,0,640,640,S1_20190926_035936_040116_VV_36,S1A_IW_GRDH_1SDV_20190926T035936_20190926T040001_029187_035080_891A.SAFE,2019-09-26T03:59:36
nw-0617-03-000114,nw-0617-03-000114.jpg,images/nw-0617-03-000114.jpg,nw,0,water,,0,640,640,S1_20190927_035049_035228_VV_71,S1B_IW_GRDH_1SDV_20190927T035139_20190927T035204_018218_0224DC_E6A4.SAFE,2019-09-27T03:50:49
nw-0618-03-000115,nw-0618-03-000115.jpg,images/nw-0618-03-000115.jpg,nw,0,water,,0,640,640,S1_20190928_034306_034446_VV_69,S1A_IW_GRDH_1SDV_20190928T034306_20190928T034331_029216_035188_C68D.SAFE,2019-09-28T03:43:06
nw-0619-03-000116,nw-0619-03-000116.jpg,images/nw-0619-03-000116.jpg,nw,0,water,,0,640,640,S1_20190930_160458_160638_VV_26,S1A_IW_GRDH_1SDV_20190930T160548_20190930T160613_029253_0352E1_E2DE.SAFE,2019-09-30T16:04:58
nw-0620-03-000117,nw-0620-03-000117.jpg,images/nw-0620-03-000117.jpg,nw,0,water,,0,640,640,S1_20190930_160458_160638_VV_3,S1A_IW_GRDH_1SDV_20190930T160523_20190930T160548_029253_0352E1_73A7.SAFE,2019-09-30T16:04:58
nw-0621-03-000118,nw-0621-03-000118.jpg,images/nw-0621-03-000118.jpg,nw,0,water,,0,640,640,S1_20190930_160458_160638_VV_43,S1A_IW_GRDH_1SDV_20190930T160613_20190930T160638_029253_0352E1_768B.SAFE,2019-09-30T16:04:58
nw-0622-03-000119,nw-0622-03-000119.jpg,images/nw-0622-03-000119.jpg,nw,0,water,,0,640,640,S1_20191001_155619_155644_VV_7,S1B_IW_GRDH_1SDV_20191001T155619_20191001T155644_018284_0226F2_D309.SAFE,2019-10-01T15:56:19
nw-0623-03-000120,nw-0623-03-000120.jpg,images/nw-0623-03-000120.jpg,nw,0,water,,0,640,640,S1_20191005_033503_033643_VV_15,S1A_IW_GRDH_1SDV_20191005T033503_20191005T033528_029318_035507_57C3.SAFE,2019-10-05T03:35:03
nw-0624-03-000121,nw-0624-03-000121.jpg,images/nw-0624-03-000121.jpg,nw,0,water,,0,640,640,S1_20191014_035859_040038_VV_10,S1B_IW_GRDH_1SDV_20191014T035859_20191014T035924_018466_022CAA_0B81.SAFE,2019-10-14T03:58:59
nw-0625-03-000122,nw-0625-03-000122.jpg,images/nw-0625-03-000122.jpg,nw,0,water,,0,640,640,S1_20191014_154845_155025_VV_140,S1A_IW_GRDH_1SDV_20191014T154845_20191014T154910_029457_0359DE_D1AE.SAFE,2019-10-14T15:48:45
nw-0626-03-000123,nw-0626-03-000123.jpg,images/nw-0626-03-000123.jpg,nw,0,water,,0,640,640,S1_20191014_154845_155025_VV_81,S1A_IW_GRDH_1SDV_20191014T155000_20191014T155025_029457_0359DE_FB77.SAFE;S1A_IW_GRDH_1SDV_20191014T154935_20191014T155000_029457_0359DE_42F0.SAFE,2019-10-14T15:48:45
nw-0627-03-000124,nw-0627-03-000124.jpg,images/nw-0627-03-000124.jpg,nw,0,water,,0,640,640,S1_20191015_035126_035307_VV_167,S1A_IW_GRDH_1SDV_20191015T035216_20191015T035241_029464_035A19_207B.SAFE,2019-10-15T03:51:26
nw-0628-03-000125,nw-0628-03-000125.jpg,images/nw-0628-03-000125.jpg,nw,0,water,,0,640,640,S1_20191015_035126_035307_VV_57,S1A_IW_GRDH_1SDV_20191015T035216_20191015T035241_029464_035A19_207B.SAFE,2019-10-15T03:51:26
nw-0629-03-000126,nw-0629-03-000126.jpg,images/nw-0629-03-000126.jpg,nw,0,water,,0,640,640,S1_20191016_034227_034407_VV_13,S1B_IW_GRDH_1SDV_20191016T034227_20191016T034252_018495_022D96_DFD2.SAFE,2019-10-16T03:42:27
nw-0630-03-000127,nw-0630-03-000127.jpg,images/nw-0630-03-000127.jpg,nw,0,water,,0,640,640,S1_20191017_033503_033643_VV_7,S1A_IW_GRDH_1SDV_20191017T033503_20191017T033528_029493_035B12_9595.SAFE,2019-10-17T03:35:03
nw-0631-03-000128,nw-0631-03-000128.jpg,images/nw-0631-03-000128.jpg,nw,0,water,,0,640,640,S1_20191019_155647_155827_VV_102,S1A_IW_GRDH_1SDV_20191019T155737_20191019T155802_029530_035C5B_E72A.SAFE;S1A_IW_GRDH_1SDV_20191019T155712_20191019T155737_029530_035C5B_D123.SAFE,2019-10-19T15:56:47
nw-0632-03-000129,nw-0632-03-000129.jpg,images/nw-0632-03-000129.jpg,nw,0,water,,0,640,640,S1_20191020_035936_040116_VV_63,S1A_IW_GRDH_1SDV_20191020T040026_20191020T040051_029537_035C98_A5AA.SAFE,2019-10-20T03:59:36
nw-0633-03-000130,nw-0633-03-000130.jpg,images/nw-0633-03-000130.jpg,nw,0,water,,0,640,640,S1_20191021_035049_035228_VV_44,S1B_IW_GRDH_1SDV_20191021T035114_20191021T035139_018568_022FC0_0980.SAFE,2019-10-21T03:50:49
nw-0634-03-000131,nw-0634-03-000131.jpg,images/nw-0634-03-000131.jpg,nw,0,water,,0,640,640,S1_20191021_154016_154156_VV_83,S1A_IW_GRDH_1SDV_20191021T154131_20191021T154156_029559_035D56_1CD1.SAFE,2019-10-21T15:40:16
nw-0635-03-000132,nw-0635-03-000132.jpg,images/nw-0635-03-000132.jpg,nw,0,water,,0,640,640,S1_20191027_035126_035307_VV_88,S1A_IW_GRDH_1SDV_20191027T035126_20191027T035151_029639_036018_5E0C.SAFE,2019-10-27T03:51:26
nw-0636-03-000133,nw-0636-03-000133.jpg,images/nw-0636-03-000133.jpg,nw,0,water,,0,640,640,S1_20191027_153951_154106_VV_62,S1B_IW_GRDH_1SDV_20191027T154041_20191027T154106_018663_0232BF_0AC1.SAFE,2019-10-27T15:39:51
nw-0637-03-000134,nw-0637-03-000134.jpg,images/nw-0637-03-000134.jpg,nw,0,water,,0,640,640,S1_20191107_035859_040038_VV_33,S1B_IW_GRDH_1SDV_20191107T035859_20191107T035924_018816_0237A1_83D2.SAFE,2019-11-07T03:58:59
nw-0638-03-000135,nw-0638-03-000135.jpg,images/nw-0638-03-000135.jpg,nw,0,water,,0,640,640,S1_20191109_034227_034407_VV_41,S1B_IW_GRDH_1SDV_20191109T034252_20191109T034317_018845_0238A3_587D.SAFE,2019-11-09T03:42:27
nw-0639-03-000136,nw-0639-03-000136.jpg,images/nw-0639-03-000136.jpg,nw,0,water,,0,640,640,S1_20191114_154017_154157_VV_44,S1A_IW_GRDH_1SDV_20191114T154132_20191114T154157_029909_03698D_5D14.SAFE,2019-11-14T15:40:17
nw-0640-03-000137,nw-0640-03-000137.jpg,images/nw-0640-03-000137.jpg,nw,0,water,,0,640,640,S1_20191114_154017_154157_VV_67,S1A_IW_GRDH_1SDV_20191114T154132_20191114T154157_029909_03698D_5D14.SAFE,2019-11-14T15:40:17
nw-0641-03-000138,nw-0641-03-000138.jpg,images/nw-0641-03-000138.jpg,nw,0,water,,0,640,640,S1_20191115_034306_034446_VV_57,S1A_IW_GRDH_1SDV_20191115T034331_20191115T034356_029916_0369D3_4DBE.SAFE,2019-11-15T03:43:06
nw-0642-03-000139,nw-0642-03-000139.jpg,images/nw-0642-03-000139.jpg,nw,0,water,,0,640,640,S1_20191120_035126_035307_VV_74,S1A_IW_GRDH_1SDV_20191120T035151_20191120T035216_029989_036C5B_72B9.SAFE;S1A_IW_GRDH_1SDV_20191120T035126_20191120T035151_029989_036C5B_1AC3.SAFE,2019-11-20T03:51:26
nw-0643-03-000140,nw-0643-03-000140.jpg,images/nw-0643-03-000140.jpg,nw,0,water,,0,640,640,S1_20191201_154844_155024_VV_202,S1A_IW_GRDH_1SDV_20191201T154959_20191201T155024_030157_03722E_5285.SAFE,2019-12-01T15:48:44
nw-0644-03-000141,nw-0644-03-000141.jpg,images/nw-0644-03-000141.jpg,nw,0,water,,0,640,640,S1_20191204_033502_033642_VV_106,S1A_IW_GRDH_1SDV_20191204T033527_20191204T033552_030193_037365_FE53.SAFE,2019-12-04T03:35:02
nw-0645-03-000142,nw-0645-03-000142.jpg,images/nw-0645-03-000142.jpg,nw,0,water,,0,640,640,S1_20191208_154016_154156_VV_289,S1A_IW_GRDH_1SDV_20191208T154131_20191208T154156_030259_0375A0_A790.SAFE,2019-12-08T15:40:16
nw-0646-03-000143,nw-0646-03-000143.jpg,images/nw-0646-03-000143.jpg,nw,0,water,,0,640,640,S1_20191213_035858_040037_VV_27,S1B_IW_GRDH_1SDV_20191213T035858_20191213T035923_019341_024871_4AD6.SAFE,2019-12-13T03:58:58
nw-0647-03-000144,nw-0647-03-000144.jpg,images/nw-0647-03-000144.jpg,nw,0,water,,0,640,640,S1_20191213_035858_040037_VV_40,S1B_IW_GRDH_1SDV_20191213T035858_20191213T035923_019341_024871_4AD6.SAFE,2019-12-13T03:58:58
nw-0648-03-000145,nw-0648-03-000145.jpg,images/nw-0648-03-000145.jpg,nw,0,water,,0,640,640,S1_20191213_154844_155024_VV_197,S1A_IW_GRDH_1SDV_20191213T154959_20191213T155024_030332_03783C_0DB6.SAFE,2019-12-13T15:48:44
nw-0649-03-000146,nw-0649-03-000146.jpg,images/nw-0649-03-000146.jpg,nw,0,water,,0,640,640,S1_20191213_154844_155024_VV_239,S1A_IW_GRDH_1SDV_20191213T154959_20191213T155024_030332_03783C_0DB6.SAFE,2019-12-13T15:48:44
nw-0650-03-000147,nw-0650-03-000147.jpg,images/nw-0650-03-000147.jpg,nw,0,water,,0,640,640,S1_20191214_035125_035306_VV_281,S1A_IW_GRDH_1SDV_20191214T035125_20191214T035150_030339_037875_3C8E.SAFE,2019-12-14T03:51:25
nw-0651-03-000148,nw-0651-03-000148.jpg,images/nw-0651-03-000148.jpg,nw,0,water,,0,640,640,S1_20191214_035125_035306_VV_294,S1A_IW_GRDH_1SDV_20191214T035125_20191214T035150_030339_037875_3C8E.SAFE,2019-12-14T03:51:25
nw-0652-03-000149,nw-0652-03-000149.jpg,images/nw-0652-03-000149.jpg,nw,0,water,,0,640,640,S1_20191214_035125_035306_VV_301,S1A_IW_GRDH_1SDV_20191214T035150_20191214T035215_030339_037875_1D0E.SAFE,2019-12-14T03:51:25
nw-0653-03-000150,nw-0653-03-000150.jpg,images/nw-0653-03-000150.jpg,nw,0,water,,0,640,640,S1_20191214_035125_035306_VV_80,S1A_IW_GRDH_1SDV_20191214T035150_20191214T035215_030339_037875_1D0E.SAFE,2019-12-14T03:51:25
nw-0654-03-000151,nw-0654-03-000151.jpg,images/nw-0654-03-000151.jpg,nw,0,water,,0,640,640,S1_20191215_034226_034406_VV_238,S1B_IW_GRDH_1SDV_20191215T034226_20191215T034251_019370_024965_0DDE.SAFE,2019-12-15T03:42:26
nw-0655-03-000152,nw-0655-03-000152.jpg,images/nw-0655-03-000152.jpg,nw,0,water,,0,640,640,S1_20191219_154753_154933_VV_215,S1B_IW_GRDH_1SDV_20191219T154908_20191219T154933_019436_024B6B_E2BB.SAFE,2019-12-19T15:47:53
nw-0656-03-000153,nw-0656-03-000153.jpg,images/nw-0656-03-000153.jpg,nw,0,water,,0,640,640,S1_20191220_035048_035227_VV_25,S1B_IW_GRDH_1SDV_20191220T035048_20191220T035113_019443_024BA5_28B4.SAFE,2019-12-20T03:50:48
nw-0657-03-000154,nw-0657-03-000154.jpg,images/nw-0657-03-000154.jpg,nw,0,water,,0,640,640,S1_20191225_035858_040037_VV_1,S1B_IW_GRDH_1SDV_20191225T035858_20191225T035923_019516_024E03_DEFF.SAFE,2019-12-25T03:58:58
nw-0658-03-000155,nw-0658-03-000155.jpg,images/nw-0658-03-000155.jpg,nw,0,water,,0,640,640,S1_20191225_035858_040037_VV_173,S1B_IW_GRDH_1SDV_20191225T035858_20191225T035923_019516_024E03_DEFF.SAFE,2019-12-25T03:58:58
nw-0659-03-000156,nw-0659-03-000156.jpg,images/nw-0659-03-000156.jpg,nw,0,water,,0,640,640,S1_20191225_035858_040037_VV_31,S1B_IW_GRDH_1SDV_20191225T035948_20191225T040013_019516_024E03_FD65.SAFE,2019-12-25T03:58:58
nw-0660-03-000157,nw-0660-03-000157.jpg,images/nw-0660-03-000157.jpg,nw,0,water,,0,640,640,S1_20191225_154843_155023_VV_220,S1A_IW_GRDH_1SDV_20191225T154933_20191225T154958_030507_037E47_2787.SAFE,2019-12-25T15:48:43
nw-0661-03-000158,nw-0661-03-000158.jpg,images/nw-0661-03-000158.jpg,nw,0,water,,0,640,640,S1_20191225_154843_155023_VV_85,S1A_IW_GRDH_1SDV_20191225T154908_20191225T154933_030507_037E47_44CB.SAFE,2019-12-25T15:48:43
nw-0662-03-000159,nw-0662-03-000159.jpg,images/nw-0662-03-000159.jpg,nw,0,water,,0,640,640,S1_20191226_035124_035306_VV_17,S1A_IW_GRDH_1SDV_20191226T035124_20191226T035149_030514_037E7E_0626.SAFE,2019-12-26T03:51:24
nw-0663-03-000160,nw-0663-03-000160.jpg,images/nw-0663-03-000160.jpg,nw,0,water,,0,640,640,S1_20191226_035124_035306_VV_93,S1A_IW_GRDH_1SDV_20191226T035239_20191226T035306_030514_037E7E_1518.SAFE;S1A_IW_GRDH_1SDV_20191226T035214_20191226T035239_030514_037E7E_8DF3.SAFE,2019-12-26T03:51:24
nw-0664-03-000161,nw-0664-03-000161.jpg,images/nw-0664-03-000161.jpg,nw,0,water,,0,640,640,S1_20191226_153950_154105_VV_286,S1B_IW_GRDH_1SDV_20191226T154040_20191226T154105_019538_024EBC_8CA8.SAFE,2019-12-26T15:39:50
nw-0665-03-000162,nw-0665-03-000162.jpg,images/nw-0665-03-000162.jpg,nw,0,water,,0,640,640,S1_20191231_154753_154933_VV_134,S1B_IW_GRDH_1SDV_20191231T154818_20191231T154843_019611_025103_9D8D.SAFE,2019-12-31T15:47:53
nw-0666-04-000001,nw-0666-04-000001.jpg,images/nw-0666-04-000001.jpg,nw,0,water,,0,640,640,S1_20190121_160449_160629_VV_77,S1A_IW_GRDH_1SDV_20190121T160539_20190121T160604_025578_02D6AC_F0BF.SAFE,2019-01-21T16:04:49
nw-0667-04-000002,nw-0667-04-000002.jpg,images/nw-0667-04-000002.jpg,nw,0,water,,0,640,640,S1_20190122_155641_155735_VV_67,S1B_IW_GRDH_1SDV_20190122T155641_20190122T155710_014609_01B38C_DBD6.SAFE,2019-01-22T15:56:41
nw-0668-04-000003,nw-0668-04-000003.jpg,images/nw-0668-04-000003.jpg,nw,0,water,,0,640,640,S1_20190203_155641_155735_VV_38,S1B_IW_GRDH_1SDV_20190203T155710_20190203T155735_014784_01B937_1B6C.SAFE,2019-02-03T15:56:41
nw-0669-04-000004,nw-0669-04-000004.jpg,images/nw-0669-04-000004.jpg,nw,0,water,,0,640,640,S1_20190203_155641_155735_VV_42,S1B_IW_GRDH_1SDV_20190203T155710_20190203T155735_014784_01B937_1B6C.SAFE,2019-02-03T15:56:41
nw-0670-04-000005,nw-0670-04-000005.jpg,images/nw-0670-04-000005.jpg,nw,0,water,,0,640,640,S1_20190222_035926_040106_VV_167,S1A_IW_GRDH_1SDV_20190222T040041_20190222T040106_026037_02E70F_5AD5.SAFE;S1A_IW_GRDH_1SDV_20190222T040016_20190222T040041_026037_02E70F_FF4E.SAFE,2019-02-22T03:59:26
nw-0671-04-000006,nw-0671-04-000006.jpg,images/nw-0671-04-000006.jpg,nw,0,water,,0,640,640,S1_20190222_035926_040106_VV_176,S1A_IW_GRDH_1SDV_20190222T035926_20190222T035951_026037_02E70F_1C4A.SAFE,2019-02-22T03:59:26
nw-0672-04-000007,nw-0672-04-000007.jpg,images/nw-0672-04-000007.jpg,nw,0,water,,0,640,640,S1_20190222_154745_154925_VV_307,S1B_IW_GRDH_1SDV_20190222T154810_20190222T154835_015061_01C24C_9BBE.SAFE,2019-02-22T15:47:45
nw-0673-04-000008,nw-0673-04-000008.jpg,images/nw-0673-04-000008.jpg,nw,0,water,,0,640,640,S1_20190224_034257_034437_VV_113,S1A_IW_GRDH_1SDV_20190224T034347_20190224T034412_026066_02E816_11C9.SAFE,2019-02-24T03:42:57
nw-0674-04-000009,nw-0674-04-000009.jpg,images/nw-0674-04-000009.jpg,nw,0,water,,0,640,640,S1_20190306_035926_040106_VV_193,S1A_IW_GRDH_1SDV_20190306T040016_20190306T040041_026212_02ED51_9536.SAFE,2019-03-06T03:59:26
nw-0675-04-000010,nw-0675-04-000010.jpg,images/nw-0675-04-000010.jpg,nw,0,water,,0,640,640,S1_20190306_035926_040106_VV_269,S1A_IW_GRDH_1SDV_20190306T035951_20190306T040016_026212_02ED51_0951.SAFE,2019-03-06T03:59:26
nw-0676-04-000011,nw-0676-04-000011.jpg,images/nw-0676-04-000011.jpg,nw,0,water,,0,640,640,S1_20190312_154835_155015_VV_189,S1A_IW_GRDH_1SDV_20190312T154900_20190312T154925_026307_02F0D5_5A39.SAFE,2019-03-12T15:48:35
nw-0677-04-000012,nw-0677-04-000012.jpg,images/nw-0677-04-000012.jpg,nw,0,water,,0,640,640,S1_20190312_154835_155015_VV_199,S1A_IW_GRDH_1SDV_20190312T154900_20190312T154925_026307_02F0D5_5A39.SAFE,2019-03-12T15:48:35
nw-0678-04-000013,nw-0678-04-000013.jpg,images/nw-0678-04-000013.jpg,nw,0,water,,0,640,640,S1_20190318_154745_154925_VV_119,S1B_IW_GRDH_1SDV_20190318T154810_20190318T154835_015411_01CDBD_41F5.SAFE,2019-03-18T15:47:45
nw-0679-04-000014,nw-0679-04-000014.jpg,images/nw-0679-04-000014.jpg,nw,0,water,,0,640,640,S1_20190318_154745_154925_VV_121,S1B_IW_GRDH_1SDV_20190318T154810_20190318T154835_015411_01CDBD_41F5.SAFE,2019-03-18T15:47:45
nw-0680-04-000015,nw-0680-04-000015.jpg,images/nw-0680-04-000015.jpg,nw,0,water,,0,640,640,S1_20190319_035039_035218_VV_171,S1B_IW_GRDH_1SDV_20190319T035104_20190319T035129_015418_01CDFB_86C8.SAFE,2019-03-19T03:50:39
nw-0681-04-000016,nw-0681-04-000016.jpg,images/nw-0681-04-000016.jpg,nw,0,water,,0,640,640,S1_20190405_035850_040029_VV_72,S1B_IW_GRDH_1SDV_20190405T035940_20190405T040005_015666_01D628_676F.SAFE,2019-04-05T03:58:50
nw-0682-04-000017,nw-0682-04-000017.jpg,images/nw-0682-04-000017.jpg,nw,0,water,,0,640,640,S1_20190405_154836_155016_VV_228,S1A_IW_GRDH_1SDV_20190405T154926_20190405T154951_026657_02FDC3_6F15.SAFE,2019-04-05T15:48:36
nw-0683-04-000018,nw-0683-04-000018.jpg,images/nw-0683-04-000018.jpg,nw,0,water,,0,640,640,S1_20190406_035117_035258_VV_140,S1A_IW_GRDH_1SDV_20190406T035142_20190406T035207_026664_02FE02_BB0A.SAFE,2019-04-06T03:51:17
nw-0684-04-000019,nw-0684-04-000019.jpg,images/nw-0684-04-000019.jpg,nw,0,water,,0,640,640,S1_20190406_035117_035258_VV_180,S1A_IW_GRDH_1SDV_20190406T035117_20190406T035142_026664_02FE02_C5A5.SAFE,2019-04-06T03:51:17
nw-0685-04-000020,nw-0685-04-000020.jpg,images/nw-0685-04-000020.jpg,nw,0,water,,0,640,640,S1_20190406_035117_035258_VV_213,S1A_IW_GRDH_1SDV_20190406T035142_20190406T035207_026664_02FE02_BB0A.SAFE;S1A_IW_GRDH_1SDV_20190406T035117_20190406T035142_026664_02FE02_C5A5.SAFE,2019-04-06T03:51:17
nw-0686-04-000021,nw-0686-04-000021.jpg,images/nw-0686-04-000021.jpg,nw,0,water,,0,640,640,S1_20190406_035117_035258_VV_253,S1A_IW_GRDH_1SDV_20190406T035142_20190406T035207_026664_02FE02_BB0A.SAFE,2019-04-06T03:51:17
nw-0687-04-000022,nw-0687-04-000022.jpg,images/nw-0687-04-000022.jpg,nw,0,water,,0,640,640,S1_20190406_035117_035258_VV_81,S1A_IW_GRDH_1SDV_20190406T035117_20190406T035142_026664_02FE02_C5A5.SAFE,2019-04-06T03:51:17
nw-0688-04-000023,nw-0688-04-000023.jpg,images/nw-0688-04-000023.jpg,nw,0,water,,0,640,640,S1_20190406_035117_035258_VV_87,S1A_IW_GRDH_1SDV_20190406T035142_20190406T035207_026664_02FE02_BB0A.SAFE;S1A_IW_GRDH_1SDV_20190406T035117_20190406T035142_026664_02FE02_C5A5.SAFE,2019-04-06T03:51:17
nw-0689-04-000024,nw-0689-04-000024.jpg,images/nw-0689-04-000024.jpg,nw,0,water,,0,640,640,S1_20190427_160450_160630_VV_239,S1A_IW_GRDH_1SDV_20190427T160515_20190427T160540_026978_03096D_9164.SAFE,2019-04-27T16:04:50
nw-0690-04-000025,nw-0690-04-000025.jpg,images/nw-0690-04-000025.jpg,nw,0,water,,0,640,640,S1_20190427_160450_160630_VV_242,S1A_IW_GRDH_1SDV_20190427T160515_20190427T160540_026978_03096D_9164.SAFE,2019-04-27T16:04:50
nw-0691-04-000026,nw-0691-04-000026.jpg,images/nw-0691-04-000026.jpg,nw,0,water,,0,640,640,S1_20190427_160450_160630_VV_259,S1A_IW_GRDH_1SDV_20190427T160540_20190427T160605_026978_03096D_E604.SAFE,2019-04-27T16:04:50
nw-0692-04-000027,nw-0692-04-000027.jpg,images/nw-0692-04-000027.jpg,nw,0,water,,0,640,640,S1_20190427_160450_160630_VV_318,S1A_IW_GRDH_1SDV_20190427T160605_20190427T160630_026978_03096D_3B92.SAFE,2019-04-27T16:04:50
nw-0693-04-000028,nw-0693-04-000028.jpg,images/nw-0693-04-000028.jpg,nw,0,water,,0,640,640,S1_20190429_035851_040030_VV_42,S1B_IW_GRDH_1SDV_20190429T035851_20190429T035916_016016_01E1C8_1C16.SAFE,2019-04-29T03:58:51
nw-0694-04-000029,nw-0694-04-000029.jpg,images/nw-0694-04-000029.jpg,nw,0,water,,0,640,640,S1_20190429_154837_155017_VV_205,S1A_IW_GRDH_1SDV_20190429T154902_20190429T154927_027007_030A73_CA6D.SAFE,2019-04-29T15:48:37
nw-0695-04-000030,nw-0695-04-000030.jpg,images/nw-0695-04-000030.jpg,nw,0,water,,0,640,640,S1_20190429_154837_155017_VV_244,S1A_IW_GRDH_1SDV_20190429T154952_20190429T155017_027007_030A73_3AD5.SAFE,2019-04-29T15:48:37
nw-0696-04-000031,nw-0696-04-000031.jpg,images/nw-0696-04-000031.jpg,nw,0,water,,0,640,640,S1_20190430_035118_035259_VV_109,S1A_IW_GRDH_1SDV_20190430T035143_20190430T035208_027014_030AB6_4943.SAFE,2019-04-30T03:51:18
nw-0697-04-000032,nw-0697-04-000032.jpg,images/nw-0697-04-000032.jpg,nw,0,water,,0,640,640,S1_20190430_035118_035259_VV_159,S1A_IW_GRDH_1SDV_20190430T035118_20190430T035143_027014_030AB6_614C.SAFE,2019-04-30T03:51:18
nw-0698-04-000033,nw-0698-04-000033.jpg,images/nw-0698-04-000033.jpg,nw,0,water,,0,640,640,S1_20190501_034219_034359_VV_143,S1B_IW_GRDH_1SDV_20190501T034244_20190501T034309_016045_01E2CB_793F.SAFE,2019-05-01T03:42:19
nw-0699-04-000034,nw-0699-04-000034.jpg,images/nw-0699-04-000034.jpg,nw,0,water,,0,640,640,S1_20190501_034219_034359_VV_208,S1B_IW_GRDH_1SDV_20190501T034244_20190501T034309_016045_01E2CB_793F.SAFE,2019-05-01T03:42:19
nw-0700-04-000035,nw-0700-04-000035.jpg,images/nw-0700-04-000035.jpg,nw,0,water,,0,640,640,S1_20190523_154838_155018_VV_121,S1A_IW_GRDH_1SDV_20190523T154903_20190523T154928_027357_0315EA_95BE.SAFE,2019-05-23T15:48:38
nw-0701-04-000036,nw-0701-04-000036.jpg,images/nw-0701-04-000036.jpg,nw,0,water,,0,640,640,S1_20190523_154838_155018_VV_265,S1A_IW_GRDH_1SDV_20190523T154903_20190523T154928_027357_0315EA_95BE.SAFE,2019-05-23T15:48:38
nw-0702-04-000037,nw-0702-04-000037.jpg,images/nw-0702-04-000037.jpg,nw,0,water,,0,640,640,S1_20190523_154838_155018_VV_70,S1A_IW_GRDH_1SDV_20190523T154903_20190523T154928_027357_0315EA_95BE.SAFE,2019-05-23T15:48:38
nw-0703-04-000038,nw-0703-04-000038.jpg,images/nw-0703-04-000038.jpg,nw,0,water,,0,640,640,S1_20190523_154838_155018_VV_83,S1A_IW_GRDH_1SDV_20190523T154903_20190523T154928_027357_0315EA_95BE.SAFE,2019-05-23T15:48:38
nw-0704-04-000039,nw-0704-04-000039.jpg,images/nw-0704-04-000039.jpg,nw,0,water,,0,640,640,S1_20190527_160407_160547_VV_153,S1B_IW_GRDH_1SDV_20190527T160457_20190527T160522_016432_01EEE6_4F2E.SAFE,2019-05-27T16:04:07
nw-0705-04-000040,nw-0705-04-000040.jpg,images/nw-0705-04-000040.jpg,nw,0,water,,0,640,640,S1_20190616_035853_040032_VV_34,S1B_IW_GRDH_1SDV_20190616T035853_20190616T035918_016716_01F766_7932.SAFE,2019-06-16T03:58:53
nw-0706-04-000041,nw-0706-04-000041.jpg,images/nw-0706-04-000041.jpg,nw,0,water,,0,640,640,S1_20190623_035044_035223_VV_212,S1B_IW_GRDH_1SDV_20190623T035109_20190623T035134_016818_01FA62_8B22.SAFE,2019-06-23T03:50:44
nw-0707-04-000042,nw-0707-04-000042.jpg,images/nw-0707-04-000042.jpg,nw,0,water,,0,640,640,S1_20190623_035044_035223_VV_220,S1B_IW_GRDH_1SDV_20190623T035109_20190623T035134_016818_01FA62_8B22.SAFE,2019-06-23T03:50:44
nw-0708-04-000043,nw-0708-04-000043.jpg,images/nw-0708-04-000043.jpg,nw,0,water,,0,640,640,S1_20190626_160452_160632_VV_50,S1A_IW_GRDH_1SDV_20190626T160607_20190626T160632_027853_032501_C521.SAFE,2019-06-26T16:04:52
nw-0709-04-000044,nw-0709-04-000044.jpg,images/nw-0709-04-000044.jpg,nw,0,water,,0,640,640,S1_20190710_035855_040034_VV_73,S1B_IW_GRDH_1SDV_20190710T035855_20190710T035920_017066_0201C0_74E8.SAFE,2019-07-10T03:58:55
nw-0710-04-000045,nw-0710-04-000045.jpg,images/nw-0710-04-000045.jpg,nw,0,water,,0,640,640,S1_20190710_154840_155020_VV_55,S1A_IW_GRDH_1SDV_20190710T154955_20190710T155020_028057_032B2E_84B8.SAFE,2019-07-10T15:48:40
nw-0711-04-000046,nw-0711-04-000046.jpg,images/nw-0711-04-000046.jpg,nw,0,water,,0,640,640,S1_20190717_035045_035224_VV_1,S1B_IW_GRDH_1SDV_20190717T035045_20190717T035110_017168_0204B7_F192.SAFE,2019-07-17T03:50:45
nw-0712-04-000047,nw-0712-04-000047.jpg,images/nw-0712-04-000047.jpg,nw,0,water,,0,640,640,S1_20190801_160455_160635_VV_19,S1A_IW_GRDH_1SDV_20190801T160610_20190801T160635_028378_0334F0_3274.SAFE,2019-08-01T16:04:55
nw-0713-04-000048,nw-0713-04-000048.jpg,images/nw-0713-04-000048.jpg,nw,0,water,,0,640,640,S1_20190815_035857_040036_VV_95,S1B_IW_GRDH_1SDV_20190815T035947_20190815T040012_017591_021171_8782.SAFE,2019-08-15T03:58:57
nw-0714-04-000049,nw-0714-04-000049.jpg,images/nw-0714-04-000049.jpg,nw,0,water,,0,640,640,S1_20190817_034225_034405_VV_112,S1B_IW_GRDH_1SDV_20190817T034340_20190817T034405_017620_021260_79A2.SAFE,2019-08-17T03:42:25
nw-0715-04-000050,nw-0715-04-000050.jpg,images/nw-0715-04-000050.jpg,nw,0,water,,0,640,640,S1_20190822_154015_154155_VV_108,S1A_IW_GRDH_1SDV_20190822T154130_20190822T154155_028684_033F1B_7F0B.SAFE,2019-08-22T15:40:15
nw-0716-04-000051,nw-0716-04-000051.jpg,images/nw-0716-04-000051.jpg,nw,0,water,,0,640,640,S1_20190823_034305_034445_VV_142,S1A_IW_GRDH_1SDV_20190823T034305_20190823T034330_028691_033F57_8F26.SAFE,2019-08-23T03:43:05
nw-0717-04-000052,nw-0717-04-000052.jpg,images/nw-0717-04-000052.jpg,nw,0,water,,0,640,640,S1_20190903_035048_035227_VV_47,S1B_IW_GRDH_1SDV_20190903T035048_20190903T035113_017868_021A04_F4FB.SAFE,2019-09-03T03:50:48
nw-0718-04-000053,nw-0718-04-000053.jpg,images/nw-0718-04-000053.jpg,nw,0,water,,0,640,640,S1_20190909_035125_035306_VV_57,S1A_IW_GRDH_1SDV_20190909T035125_20190909T035150_028939_034806_F874.SAFE,2019-09-09T03:51:25
nw-0719-04-000054,nw-0719-04-000054.jpg,images/nw-0719-04-000054.jpg,nw,0,water,,0,640,640,S1_20190921_153951_154106_VV_82,S1B_IW_GRDH_1SDV_20190921T154041_20190921T154106_018138_022283_3509.SAFE,2019-09-21T15:39:51
nw-0720-04-000055,nw-0720-04-000055.jpg,images/nw-0720-04-000055.jpg,nw,0,water,,0,640,640,S1_20190921_153951_154106_VV_83,S1B_IW_GRDH_1SDV_20190921T154041_20190921T154106_018138_022283_3509.SAFE,2019-09-21T15:39:51
nw-0721-04-000056,nw-0721-04-000056.jpg,images/nw-0721-04-000056.jpg,nw,0,water,,0,640,640,S1_20190926_035936_040116_VV_209,S1A_IW_GRDH_1SDV_20190926T040026_20190926T040051_029187_035080_F816.SAFE,2019-09-26T03:59:36
nw-0722-04-000057,nw-0722-04-000057.jpg,images/nw-0722-04-000057.jpg,nw,0,water,,0,640,640,S1_20190926_154755_154935_VV_172,S1B_IW_GRDH_1SDV_20190926T154820_20190926T154845_018211_0224A2_1533.SAFE,2019-09-26T15:47:55
nw-0723-04-000058,nw-0723-04-000058.jpg,images/nw-0723-04-000058.jpg,nw,0,water,,0,640,640,S1_20190928_034306_034446_VV_179,S1A_IW_GRDH_1SDV_20190928T034306_20190928T034331_029216_035188_C68D.SAFE,2019-09-28T03:43:06
nw-0724-04-000059,nw-0724-04-000059.jpg,images/nw-0724-04-000059.jpg,nw,0,water,,0,640,640,S1_20191001_155650_155744_VV_26,S1B_IW_GRDH_1SDV_20191001T155650_20191001T155719_018284_0226F3_A521.SAFE,2019-10-01T15:56:50
nw-0725-04-000060,nw-0725-04-000060.jpg,images/nw-0725-04-000060.jpg,nw,0,water,,0,640,640,S1_20191001_155650_155744_VV_72,S1B_IW_GRDH_1SDV_20191001T155719_20191001T155744_018284_0226F3_023E.SAFE,2019-10-01T15:56:50
nw-0726-04-000061,nw-0726-04-000061.jpg,images/nw-0726-04-000061.jpg,nw,0,water,,0,640,640,S1_20191002_035859_040038_VV_184,S1B_IW_GRDH_1SDV_20191002T035924_20191002T035949_018291_022738_4C40.SAFE;S1B_IW_GRDH_1SDV_20191002T035859_20191002T035924_018291_022738_414F.SAFE,2019-10-02T03:58:59
nw-0727-04-000062,nw-0727-04-000062.jpg,images/nw-0727-04-000062.jpg,nw,0,water,,0,640,640,S1_20191002_035859_040038_VV_191,S1B_IW_GRDH_1SDV_20191002T035924_20191002T035949_018291_022738_4C40.SAFE,2019-10-02T03:58:59
nw-0728-04-000063,nw-0728-04-000063.jpg,images/nw-0728-04-000063.jpg,nw,0,water,,0,640,640,S1_20191002_035859_040038_VV_29,S1B_IW_GRDH_1SDV_20191002T035924_20191002T035949_018291_022738_4C40.SAFE,2019-10-02T03:58:59
nw-0729-04-000064,nw-0729-04-000064.jpg,images/nw-0729-04-000064.jpg,nw,0,water,,0,640,640,S1_20191002_035859_040038_VV_43,S1B_IW_GRDH_1SDV_20191002T035949_20191002T040014_018291_022738_5054.SAFE;S1B_IW_GRDH_1SDV_20191002T035924_20191002T035949_018291_022738_4C40.SAFE,2019-10-02T03:58:59
nw-0730-04-000065,nw-0730-04-000065.jpg,images/nw-0730-04-000065.jpg,nw,0,water,,0,640,640,S1_20191008_154754_154934_VV_143,S1B_IW_GRDH_1SDV_20191008T154844_20191008T154909_018386_022A2C_1FB0.SAFE,2019-10-08T15:47:54
nw-0731-04-000066,nw-0731-04-000066.jpg,images/nw-0731-04-000066.jpg,nw,0,water,,0,640,640,S1_20191008_154754_154934_VV_32,S1B_IW_GRDH_1SDV_20191008T154909_20191008T154934_018386_022A2C_AF1F.SAFE,2019-10-08T15:47:54
nw-0732-04-000067,nw-0732-04-000067.jpg,images/nw-0732-04-000067.jpg,nw,0,water,,0,640,640,S1_20191013_155650_155744_VV_60,S1B_IW_GRDH_1SDV_20191013T155719_20191013T155744_018459_022C6B_D17C.SAFE,2019-10-13T15:56:50
nw-0733-04-000068,nw-0733-04-000068.jpg,images/nw-0733-04-000068.jpg,nw,0,water,,0,640,640,S1_20191014_154845_155025_VV_174,S1A_IW_GRDH_1SDV_20191014T154935_20191014T155000_029457_0359DE_42F0.SAFE,2019-10-14T15:48:45
nw-0734-04-000069,nw-0734-04-000069.jpg,images/nw-0734-04-000069.jpg,nw,0,water,,0,640,640,S1_20191015_035126_035307_VV_169,S1A_IW_GRDH_1SDV_20191015T035216_20191015T035241_029464_035A19_207B.SAFE,2019-10-15T03:51:26
nw-0735-04-000070,nw-0735-04-000070.jpg,images/nw-0735-04-000070.jpg,nw,0,water,,0,640,640,S1_20191019_155647_155827_VV_112,S1A_IW_GRDH_1SDV_20191019T155737_20191019T155802_029530_035C5B_E72A.SAFE,2019-10-19T15:56:47
nw-0736-04-000071,nw-0736-04-000071.jpg,images/nw-0736-04-000071.jpg,nw,0,water,,0,640,640,S1_20191021_035049_035228_VV_172,S1B_IW_GRDH_1SDV_20191021T035139_20191021T035204_018568_022FC0_7FCF.SAFE,2019-10-21T03:50:49
nw-0737-04-000072,nw-0737-04-000072.jpg,images/nw-0737-04-000072.jpg,nw,0,water,,0,640,640,S1_20191026_154845_155025_VV_35,S1A_IW_GRDH_1SDV_20191026T155000_20191026T155025_029632_035FDD_D78E.SAFE,2019-10-26T15:48:45
nw-0738-04-000073,nw-0738-04-000073.jpg,images/nw-0738-04-000073.jpg,nw,0,water,,0,640,640,S1_20191030_160414_160554_VV_135,S1B_IW_GRDH_1SDV_20191030T160439_20191030T160504_018707_023425_6ED4.SAFE,2019-10-30T16:04:14
nw-0739-04-000074,nw-0739-04-000074.jpg,images/nw-0739-04-000074.jpg,nw,0,water,,0,640,640,S1_20191114_154017_154157_VV_107,S1A_IW_GRDH_1SDV_20191114T154132_20191114T154157_029909_03698D_5D14.SAFE,2019-11-14T15:40:17
nw-0740-04-000075,nw-0740-04-000075.jpg,images/nw-0740-04-000075.jpg,nw,0,water,,0,640,640,S1_20191114_154017_154157_VV_119,S1A_IW_GRDH_1SDV_20191114T154132_20191114T154157_029909_03698D_5D14.SAFE,2019-11-14T15:40:17
nw-0741-04-000076,nw-0741-04-000076.jpg,images/nw-0741-04-000076.jpg,nw,0,water,,0,640,640,S1_20191218_155645_155825_VV_308,S1A_IW_GRDH_1SDV_20191218T155735_20191218T155800_030405_037AC0_7BA1.SAFE,2019-12-18T15:56:45
nw-0742-04-000077,nw-0742-04-000077.jpg,images/nw-0742-04-000077.jpg,nw,0,water,,0,640,640,S1_20191219_035935_040115_VV_182,S1A_IW_GRDH_1SDV_20191219T040025_20191219T040050_030412_037AF3_317B.SAFE,2019-12-19T03:59:35
nw-0743-04-000078,nw-0743-04-000078.jpg,images/nw-0743-04-000078.jpg,nw,0,water,,0,640,640,S1_20191220_035048_035227_VV_263,S1B_IW_GRDH_1SDV_20191220T035048_20191220T035113_019443_024BA5_28B4.SAFE,2019-12-20T03:50:48
nw-0744-04-000079,nw-0744-04-000079.jpg,images/nw-0744-04-000079.jpg,nw,0,water,,0,640,640,S1_20191220_154015_154155_VV_360,S1A_IW_GRDH_1SDV_20191220T154105_20191220T154130_030434_037BB3_C3D6.SAFE;S1A_IW_GRDH_1SDV_20191220T154040_20191220T154105_030434_037BB3_A7C8.SAFE,2019-12-20T15:40:15
nw-0745-04-000080,nw-0745-04-000080.jpg,images/nw-0745-04-000080.jpg,nw,0,water,,0,640,640,S1_20191220_154015_154155_VV_364,S1A_IW_GRDH_1SDV_20191220T154105_20191220T154130_030434_037BB3_C3D6.SAFE;S1A_IW_GRDH_1SDV_20191220T154040_20191220T154105_030434_037BB3_A7C8.SAFE,2019-12-20T15:40:15
nw-0746-04-000081,nw-0746-04-000081.jpg,images/nw-0746-04-000081.jpg,nw,0,water,,0,640,640,S1_20191222_033416_033556_VV_81,S1B_IW_GRDH_1SDV_20191222T033416_20191222T033441_019472_024C83_6FC8.SAFE,2019-12-22T03:34:16
nw-0747-05-000001,nw-0747-05-000001.jpg,images/nw-0747-05-000001.jpg,nw,0,water,,0,640,640,S1_20190104_155638_155818_VV_39,S1A_IW_GRDH_1SDV_20190104T155703_20190104T155728_025330_02CD9D_BBAA.SAFE,2019-01-04T15:56:38
nw-0748-05-000002,nw-0748-05-000002.jpg,images/nw-0748-05-000002.jpg,nw,0,water,,0,640,640,S1_20190105_035928_040108_VV_93,S1A_IW_GRDH_1SDV_20190105T040043_20190105T040108_025337_02CDDA_FAEC.SAFE;S1A_IW_GRDH_1SDV_20190105T040018_20190105T040043_025337_02CDDA_D60A.SAFE,2019-01-05T03:59:28
nw-0749-05-000003,nw-0749-05-000003.jpg,images/nw-0749-05-000003.jpg,nw,0,water,,0,640,640,S1_20190105_154746_154926_VV_49,S1B_IW_GRDH_1SDV_20190105T154811_20190105T154836_014361_01AB8D_E799.SAFE,2019-01-05T15:47:46
nw-0750-05-000004,nw-0750-05-000004.jpg,images/nw-0750-05-000004.jpg,nw,0,water,,0,640,640,S1_20190112_035117_035259_VV_58,S1A_IW_GRDH_1SDV_20190112T035207_20190112T035232_025439_02D183_4040.SAFE,2019-01-12T03:51:17
nw-0751-05-000005,nw-0751-05-000005.jpg,images/nw-0751-05-000005.jpg,nw,0,water,,0,640,640,S1_20190112_153943_154058_VV_18,S1B_IW_GRDH_1SDV_20190112T153943_20190112T154008_014463_01AEE6_1C23.SAFE,2019-01-12T15:39:43
nw-0752-05-000006,nw-0752-05-000006.jpg,images/nw-0752-05-000006.jpg,nw,0,water,,0,640,640,S1_20190113_034235_034350_VV_73,S1B_IW_GRDH_1SDV_20190113T034235_20190113T034300_014470_01AF20_B0E8.SAFE,2019-01-13T03:42:35
nw-0753-05-000007,nw-0753-05-000007.jpg,images/nw-0753-05-000007.jpg,nw,0,water,,0,640,640,S1_20190115_160405_160545_VV_18,S1B_IW_GRDH_1SDV_20190115T160455_20190115T160520_014507_01B052_D146.SAFE,2019-01-15T16:04:05
nw-0754-05-000008,nw-0754-05-000008.jpg,images/nw-0754-05-000008.jpg,nw,0,water,,0,640,640,S1_20190117_154746_154926_VV_22,S1B_IW_GRDH_1SDV_20190117T154836_20190117T154901_014536_01B131_45B2.SAFE,2019-01-17T15:47:46
nw-0755-05-000009,nw-0755-05-000009.jpg,images/nw-0755-05-000009.jpg,nw,0,water,,0,640,640,S1_20190119_034258_034438_VV_0,S1A_IW_GRDH_1SDV_20190119T034258_20190119T034323_025541_02D53C_2934.SAFE,2019-01-19T03:42:58
nw-0756-05-000010,nw-0756-05-000010.jpg,images/nw-0756-05-000010.jpg,nw,0,water,,0,640,640,S1_20190121_160449_160629_VV_59,S1A_IW_GRDH_1SDV_20190121T160604_20190121T160629_025578_02D6AC_EE9B.SAFE,2019-01-21T16:04:49
nw-0757-05-000011,nw-0757-05-000011.jpg,images/nw-0757-05-000011.jpg,nw,0,water,,0,640,640,S1_20190122_155610_155635_VV_14,S1B_IW_GRDH_1SDV_20190122T155610_20190122T155635_014609_01B38B_28CE.SAFE,2019-01-22T15:56:10
nw-0758-05-000012,nw-0758-05-000012.jpg,images/nw-0758-05-000012.jpg,nw,0,water,,0,640,640,S1_20190127_160405_160545_VV_76,S1B_IW_GRDH_1SDV_20190127T160520_20190127T160545_014682_01B5E9_2D4B.SAFE,2019-01-27T16:04:05
nw-0759-05-000013,nw-0759-05-000013.jpg,images/nw-0759-05-000013.jpg,nw,0,water,,0,640,640,S1_20190129_035927_040107_VV_14,S1A_IW_GRDH_1SDV_20190129T035927_20190129T035952_025687_02DA92_5E2B.SAFE,2019-01-29T03:59:27
nw-0760-05-000014,nw-0760-05-000014.jpg,images/nw-0760-05-000014.jpg,nw,0,water,,0,640,640,S1_20190130_154007_154147_VV_70,S1A_IW_GRDH_1SDV_20190130T154057_20190130T154122_025709_02DB59_C98B.SAFE,2019-01-30T15:40:07
nw-0761-05-000015,nw-0761-05-000015.jpg,images/nw-0761-05-000015.jpg,nw,0,water,,0,640,640,S1_20190204_154835_155015_VV_29,S1A_IW_GRDH_1SDV_20190204T154835_20190204T154900_025782_02DE08_1DD3.SAFE,2019-02-04T15:48:35
nw-0762-05-000016,nw-0762-05-000016.jpg,images/nw-0762-05-000016.jpg,nw,0,water,,0,640,640,S1_20190205_035116_035258_VV_3,S1A_IW_GRDH_1SDV_20190205T035116_20190205T035141_025789_02DE41_13F2.SAFE,2019-02-05T03:51:16
nw-0763-05-000017,nw-0763-05-000017.jpg,images/nw-0763-05-000017.jpg,nw,0,water,,0,640,640,S1_20190207_033454_033634_VV_22,S1A_IW_GRDH_1SDV_20190207T033454_20190207T033519_025818_02DF3B_8839.SAFE,2019-02-07T03:34:54
nw-0764-05-000018,nw-0764-05-000018.jpg,images/nw-0764-05-000018.jpg,nw,0,water,,0,640,640,S1_20190212_034257_034437_VV_33,S1A_IW_GRDH_1SDV_20190212T034322_20190212T034347_025891_02E1DC_948A.SAFE,2019-02-12T03:42:57
nw-0765-05-000019,nw-0765-05-000019.jpg,images/nw-0765-05-000019.jpg,nw,0,water,,0,640,640,S1_20190216_035850_040029_VV_80,S1B_IW_GRDH_1SDV_20190216T035850_20190216T035915_014966_01BF36_326E.SAFE,2019-02-16T03:58:50
nw-0766-05-000020,nw-0766-05-000020.jpg,images/nw-0766-05-000020.jpg,nw,0,water,,0,640,640,S1_20190217_153942_154057_VV_78,S1B_IW_GRDH_1SDV_20190217T154032_20190217T154057_014988_01BFFD_6BFC.SAFE,2019-02-17T15:39:42
nw-0767-05-000021,nw-0767-05-000021.jpg,images/nw-0767-05-000021.jpg,nw,0,water,,0,640,640,S1_20190217_153942_154057_VV_94,S1B_IW_GRDH_1SDV_20190217T154032_20190217T154057_014988_01BFFD_6BFC.SAFE,2019-02-17T15:39:42
nw-0768-05-000022,nw-0768-05-000022.jpg,images/nw-0768-05-000022.jpg,nw,0,water,,0,640,640,S1_20190218_034234_034349_VV_44,S1B_IW_GRDH_1SDV_20190218T034234_20190218T034259_014995_01C035_8F1B.SAFE,2019-02-18T03:42:34
nw-0769-05-000023,nw-0769-05-000023.jpg,images/nw-0769-05-000023.jpg,nw,0,water,,0,640,640,S1_20190218_034234_034349_VV_50,S1B_IW_GRDH_1SDV_20190218T034234_20190218T034259_014995_01C035_8F1B.SAFE,2019-02-18T03:42:34
nw-0770-05-000024,nw-0770-05-000024.jpg,images/nw-0770-05-000024.jpg,nw,0,water,,0,640,640,S1_20190222_154745_154925_VV_326,S1B_IW_GRDH_1SDV_20190222T154810_20190222T154835_015061_01C24C_9BBE.SAFE,2019-02-22T15:47:45
nw-0771-05-000025,nw-0771-05-000025.jpg,images/nw-0771-05-000025.jpg,nw,0,water,,0,640,640,S1_20190223_154007_154147_VV_37,S1A_IW_GRDH_1SDV_20190223T154057_20190223T154122_026059_02E7D6_A9E6.SAFE,2019-02-23T15:40:07
nw-0772-05-000026,nw-0772-05-000026.jpg,images/nw-0772-05-000026.jpg,nw,0,water,,0,640,640,S1_20190224_034257_034437_VV_36,S1A_IW_GRDH_1SDV_20190224T034322_20190224T034347_026066_02E816_1321.SAFE,2019-02-24T03:42:57
nw-0773-05-000027,nw-0773-05-000027.jpg,images/nw-0773-05-000027.jpg,nw,0,water,,0,640,640,S1_20190304_160404_160544_VV_19,S1B_IW_GRDH_1SDV_20190304T160429_20190304T160454_015207_01C72A_60D4.SAFE,2019-03-04T16:04:04
nw-0774-05-000028,nw-0774-05-000028.jpg,images/nw-0774-05-000028.jpg,nw,0,water,,0,640,640,S1_20190306_035926_040106_VV_149,S1A_IW_GRDH_1SDV_20190306T035951_20190306T040016_026212_02ED51_0951.SAFE,2019-03-06T03:59:26
nw-0775-05-000029,nw-0775-05-000029.jpg,images/nw-0775-05-000029.jpg,nw,0,water,,0,640,640,S1_20190310_160448_160628_VV_10,S1A_IW_GRDH_1SDV_20190310T160513_20190310T160538_026278_02EFD1_0733.SAFE,2019-03-10T16:04:48
nw-0776-05-000030,nw-0776-05-000030.jpg,images/nw-0776-05-000030.jpg,nw,0,water,,0,640,640,S1_20190312_035849_040029_VV_59,S1B_IW_GRDH_1SDV_20190312T035939_20190312T040004_015316_01CAB5_09EE.SAFE,2019-03-12T03:58:49
nw-0777-05-000031,nw-0777-05-000031.jpg,images/nw-0777-05-000031.jpg,nw,0,water,,0,640,640,S1_20190312_154835_155015_VV_155,S1A_IW_GRDH_1SDV_20190312T154900_20190312T154925_026307_02F0D5_5A39.SAFE,2019-03-12T15:48:35
nw-0778-05-000032,nw-0778-05-000032.jpg,images/nw-0778-05-000032.jpg,nw,0,water,,0,640,640,S1_20190318_154745_154925_VV_30,S1B_IW_GRDH_1SDV_20190318T154810_20190318T154835_015411_01CDBD_41F5.SAFE,2019-03-18T15:47:45
nw-0779-05-000033,nw-0779-05-000033.jpg,images/nw-0779-05-000033.jpg,nw,0,water,,0,640,640,S1_20190318_154745_154925_VV_98,S1B_IW_GRDH_1SDV_20190318T154810_20190318T154835_015411_01CDBD_41F5.SAFE,2019-03-18T15:47:45
nw-0780-05-000034,nw-0780-05-000034.jpg,images/nw-0780-05-000034.jpg,nw,0,water,,0,640,640,S1_20190319_035039_035218_VV_170,S1B_IW_GRDH_1SDV_20190319T035104_20190319T035129_015418_01CDFB_86C8.SAFE,2019-03-19T03:50:39
nw-0781-05-000035,nw-0781-05-000035.jpg,images/nw-0781-05-000035.jpg,nw,0,water,,0,640,640,S1_20190324_035850_040029_VV_6,S1B_IW_GRDH_1SDV_20190324T035850_20190324T035915_015491_01D05D_576D.SAFE,2019-03-24T03:58:50
nw-0782-05-000036,nw-0782-05-000036.jpg,images/nw-0782-05-000036.jpg,nw,0,water,,0,640,640,S1_20190326_034234_034349_VV_11,S1B_IW_GRDH_1SDV_20190326T034234_20190326T034259_015520_01D15F_A245.SAFE,2019-03-26T03:42:34
nw-0783-05-000037,nw-0783-05-000037.jpg,images/nw-0783-05-000037.jpg,nw,0,water,,0,640,640,S1_20190330_154745_154925_VV_9,S1B_IW_GRDH_1SDV_20190330T154810_20190330T154835_015586_01D376_907A.SAFE,2019-03-30T15:47:45
nw-0784-05-000038,nw-0784-05-000038.jpg,images/nw-0784-05-000038.jpg,nw,0,water,,0,640,640,S1_20190401_034257_034437_VV_26,S1A_IW_GRDH_1SDV_20190401T034257_20190401T034322_026591_02FB4C_C4E9.SAFE,2019-04-01T03:42:57
nw-0785-05-000039,nw-0785-05-000039.jpg,images/nw-0785-05-000039.jpg,nw,0,water,,0,640,640,S1_20190405_035850_040029_VV_33,S1B_IW_GRDH_1SDV_20190405T035915_20190405T035940_015666_01D628_E73F.SAFE,2019-04-05T03:58:50
nw-0786-05-000040,nw-0786-05-000040.jpg,images/nw-0786-05-000040.jpg,nw,0,water,,0,640,640,S1_20190405_154836_155016_VV_67,S1A_IW_GRDH_1SDV_20190405T154901_20190405T154926_026657_02FDC3_00D2.SAFE,2019-04-05T15:48:36
nw-0787-05-000041,nw-0787-05-000041.jpg,images/nw-0787-05-000041.jpg,nw,0,water,,0,640,640,S1_20190405_154836_155016_VV_74,S1A_IW_GRDH_1SDV_20190405T154926_20190405T154951_026657_02FDC3_6F15.SAFE,2019-04-05T15:48:36
nw-0788-05-000042,nw-0788-05-000042.jpg,images/nw-0788-05-000042.jpg,nw,0,water,,0,640,640,S1_20190405_154836_155016_VV_79,S1A_IW_GRDH_1SDV_20190405T154926_20190405T154951_026657_02FDC3_6F15.SAFE,2019-04-05T15:48:36
nw-0789-05-000043,nw-0789-05-000043.jpg,images/nw-0789-05-000043.jpg,nw,0,water,,0,640,640,S1_20190406_035117_035258_VV_102,S1A_IW_GRDH_1SDV_20190406T035142_20190406T035207_026664_02FE02_BB0A.SAFE,2019-04-06T03:51:17
nw-0790-05-000044,nw-0790-05-000044.jpg,images/nw-0790-05-000044.jpg,nw,0,water,,0,640,640,S1_20190408_033454_033634_VV_40,S1A_IW_GRDH_1SDV_20190408T033519_20190408T033544_026693_02FF08_6E0B.SAFE,2019-04-08T03:34:54
nw-0791-05-000045,nw-0791-05-000045.jpg,images/nw-0791-05-000045.jpg,nw,0,water,,0,640,640,S1_20190412_154008_154148_VV_42,S1A_IW_GRDH_1SDV_20190412T154123_20190412T154148_026759_03016C_2C5E.SAFE;S1A_IW_GRDH_1SDV_20190412T154058_20190412T154123_026759_03016C_594E.SAFE,2019-04-12T15:40:08
nw-0792-05-000046,nw-0792-05-000046.jpg,images/nw-0792-05-000046.jpg,nw,0,water,,0,640,640,S1_20190412_154008_154148_VV_49,S1A_IW_GRDH_1SDV_20190412T154123_20190412T154148_026759_03016C_2C5E.SAFE,2019-04-12T15:40:08
nw-0793-05-000047,nw-0793-05-000047.jpg,images/nw-0793-05-000047.jpg,nw,0,water,,0,640,640,S1_20190413_034257_034437_VV_111,S1A_IW_GRDH_1SDV_20190413T034322_20190413T034347_026766_0301B4_A868.SAFE,2019-04-13T03:42:57
nw-0794-05-000048,nw-0794-05-000048.jpg,images/nw-0794-05-000048.jpg,nw,0,water,,0,640,640,S1_20190413_034257_034437_VV_22,S1A_IW_GRDH_1SDV_20190413T034257_20190413T034322_026766_0301B4_A807.SAFE,2019-04-13T03:42:57
nw-0795-05-000049,nw-0795-05-000049.jpg,images/nw-0795-05-000049.jpg,nw,0,water,,0,640,640,S1_20190413_034257_034437_VV_88,S1A_IW_GRDH_1SDV_20190413T034322_20190413T034347_026766_0301B4_A868.SAFE,2019-04-13T03:42:57
nw-0796-05-000050,nw-0796-05-000050.jpg,images/nw-0796-05-000050.jpg,nw,0,water,,0,640,640,S1_20190423_035928_040108_VV_134,S1A_IW_GRDH_1SDV_20190423T040043_20190423T040108_026912_0306F7_63E0.SAFE,2019-04-23T03:59:28
nw-0797-05-000051,nw-0797-05-000051.jpg,images/nw-0797-05-000051.jpg,nw,0,water,,0,640,640,S1_20190423_154746_154926_VV_185,S1B_IW_GRDH_1SDV_20190423T154901_20190423T154926_015936_01DF14_58C2.SAFE,2019-04-23T15:47:46
nw-0798-05-000052,nw-0798-05-000052.jpg,images/nw-0798-05-000052.jpg,nw,0,water,,0,640,640,S1_20190423_154746_154926_VV_84,S1B_IW_GRDH_1SDV_20190423T154901_20190423T154926_015936_01DF14_58C2.SAFE,2019-04-23T15:47:46
nw-0799-05-000053,nw-0799-05-000053.jpg,images/nw-0799-05-000053.jpg,nw,0,water,,0,640,640,S1_20190425_034258_034438_VV_141,S1A_IW_GRDH_1SDV_20190425T034323_20190425T034348_026941_030806_C553.SAFE,2019-04-25T03:42:58
nw-0800-05-000054,nw-0800-05-000054.jpg,images/nw-0800-05-000054.jpg,nw,0,water,,0,640,640,S1_20190427_160450_160630_VV_245,S1A_IW_GRDH_1SDV_20190427T160515_20190427T160540_026978_03096D_9164.SAFE,2019-04-27T16:04:50
nw-0801-05-000055,nw-0801-05-000055.jpg,images/nw-0801-05-000055.jpg,nw,0,water,,0,640,640,S1_20190429_154837_155017_VV_231,S1A_IW_GRDH_1SDV_20190429T154927_20190429T154952_027007_030A73_C58E.SAFE,2019-04-29T15:48:37
nw-0802-05-000056,nw-0802-05-000056.jpg,images/nw-0802-05-000056.jpg,nw,0,water,,0,640,640,S1_20190430_035118_035259_VV_69,S1A_IW_GRDH_1SDV_20190430T035118_20190430T035143_027014_030AB6_614C.SAFE,2019-04-30T03:51:18
nw-0803-05-000057,nw-0803-05-000057.jpg,images/nw-0803-05-000057.jpg,nw,0,water,,0,640,640,S1_20190501_034219_034359_VV_252,S1B_IW_GRDH_1SDV_20190501T034309_20190501T034334_016045_01E2CB_53B9.SAFE,2019-05-01T03:42:19
nw-0804-05-000058,nw-0804-05-000058.jpg,images/nw-0804-05-000058.jpg,nw,0,water,,0,640,640,S1_20190504_155639_155819_VV_48,S1A_IW_GRDH_1SDV_20190504T155729_20190504T155754_027080_030D1A_9163.SAFE,2019-05-04T15:56:39
nw-0805-05-000059,nw-0805-05-000059.jpg,images/nw-0805-05-000059.jpg,nw,0,water,,0,640,640,S1_20190504_155639_155819_VV_52,S1A_IW_GRDH_1SDV_20190504T155729_20190504T155754_027080_030D1A_9163.SAFE,2019-05-04T15:56:39
nw-0806-05-000060,nw-0806-05-000060.jpg,images/nw-0806-05-000060.jpg,nw,0,water,,0,640,640,S1_20190504_155639_155819_VV_54,S1A_IW_GRDH_1SDV_20190504T155729_20190504T155754_027080_030D1A_9163.SAFE,2019-05-04T15:56:39
nw-0807-05-000061,nw-0807-05-000061.jpg,images/nw-0807-05-000061.jpg,nw,0,water,,0,640,640,S1_20190513_034219_034359_VV_115,S1B_IW_GRDH_1SDV_20190513T034219_20190513T034244_016220_01E86A_DAE3.SAFE,2019-05-13T03:42:19
nw-0808-05-000062,nw-0808-05-000062.jpg,images/nw-0808-05-000062.jpg,nw,0,water,,0,640,640,S1_20190517_035929_040109_VV_72,S1A_IW_GRDH_1SDV_20190517T040044_20190517T040109_027262_0312E9_A2BD.SAFE;S1A_IW_GRDH_1SDV_20190517T040019_20190517T040044_027262_0312E9_FF6E.SAFE,2019-05-17T03:59:29
nw-0809-05-000063,nw-0809-05-000063.jpg,images/nw-0809-05-000063.jpg,nw,0,water,,0,640,640,S1_20190523_154838_155018_VV_109,S1A_IW_GRDH_1SDV_20190523T154903_20190523T154928_027357_0315EA_95BE.SAFE,2019-05-23T15:48:38
nw-0810-05-000064,nw-0810-05-000064.jpg,images/nw-0810-05-000064.jpg,nw,0,water,,0,640,640,S1_20190524_035119_035300_VV_5,S1A_IW_GRDH_1SDV_20190524T035119_20190524T035144_027364_031625_69C6.SAFE,2019-05-24T03:51:19
nw-0811-05-000065,nw-0811-05-000065.jpg,images/nw-0811-05-000065.jpg,nw,0,water,,0,640,640,S1_20190527_160407_160547_VV_13,S1B_IW_GRDH_1SDV_20190527T160457_20190527T160522_016432_01EEE6_4F2E.SAFE,2019-05-27T16:04:07
nw-0812-05-000066,nw-0812-05-000066.jpg,images/nw-0812-05-000066.jpg,nw,0,water,,0,640,640,S1_20190529_035929_040109_VV_15,S1A_IW_GRDH_1SDV_20190529T035929_20190529T035954_027437_031860_5BEE.SAFE,2019-05-29T03:59:29
nw-0813-05-000067,nw-0813-05-000067.jpg,images/nw-0813-05-000067.jpg,nw,0,water,,0,640,640,S1_20190605_153945_154100_VV_12,S1B_IW_GRDH_1SDV_20190605T154010_20190605T154035_016563_01F2E3_F808.SAFE;S1B_IW_GRDH_1SDV_20190605T153945_20190605T154010_016563_01F2E3_D332.SAFE,2019-06-05T15:39:45
nw-0814-05-000068,nw-0814-05-000068.jpg,images/nw-0814-05-000068.jpg,nw,0,water,,0,640,640,S1_20190606_034221_034401_VV_83,S1B_IW_GRDH_1SDV_20190606T034246_20190606T034311_016570_01F315_F9B4.SAFE,2019-06-06T03:42:21
nw-0815-05-000069,nw-0815-05-000069.jpg,images/nw-0815-05-000069.jpg,nw,0,water,,0,640,640,S1_20190609_155640_155820_VV_184,S1A_IW_GRDH_1SDV_20190609T155755_20190609T155820_027605_031D91_0B06.SAFE,2019-06-09T15:56:40
nw-0816-05-000070,nw-0816-05-000070.jpg,images/nw-0816-05-000070.jpg,nw,0,water,,0,640,640,S1_20190609_155640_155820_VV_34,S1A_IW_GRDH_1SDV_20190609T155730_20190609T155755_027605_031D91_51DD.SAFE,2019-06-09T15:56:40
nw-0817-05-000071,nw-0817-05-000071.jpg,images/nw-0817-05-000071.jpg,nw,0,water,,0,640,640,S1_20190609_155640_155820_VV_69,S1A_IW_GRDH_1SDV_20190609T155730_20190609T155755_027605_031D91_51DD.SAFE,2019-06-09T15:56:40
nw-0818-05-000072,nw-0818-05-000072.jpg,images/nw-0818-05-000072.jpg,nw,0,water,,0,640,640,S1_20190611_035043_035222_VV_6,S1B_IW_GRDH_1SDV_20190611T035043_20190611T035108_016643_01F530_F253.SAFE,2019-06-11T03:50:43
nw-0819-05-000073,nw-0819-05-000073.jpg,images/nw-0819-05-000073.jpg,nw,0,water,,0,640,640,S1_20190612_034300_034440_VV_58,S1A_IW_GRDH_1SDV_20190612T034300_20190612T034325_027641_031EA9_7D1B.SAFE,2019-06-12T03:43:00
nw-0820-05-000074,nw-0820-05-000074.jpg,images/nw-0820-05-000074.jpg,nw,0,water,,0,640,640,S1_20190615_155644_155738_VV_10,S1B_IW_GRDH_1SDV_20190615T155713_20190615T155738_016709_01F72A_DCE9.SAFE,2019-06-15T15:56:44
nw-0821-05-000075,nw-0821-05-000075.jpg,images/nw-0821-05-000075.jpg,nw,0,water,,0,640,640,S1_20190618_034221_034401_VV_90,S1B_IW_GRDH_1SDV_20190618T034336_20190618T034401_016745_01F848_6273.SAFE,2019-06-18T03:42:21
nw-0822-05-000076,nw-0822-05-000076.jpg,images/nw-0822-05-000076.jpg,nw,0,water,,0,640,640,S1_20190623_154011_154151_VV_29,S1A_IW_GRDH_1SDV_20190623T154126_20190623T154151_027809_0323A6_DF6C.SAFE;S1A_IW_GRDH_1SDV_20190623T154101_20190623T154126_027809_0323A6_698E.SAFE,2019-06-23T15:40:11
nw-0823-05-000077,nw-0823-05-000077.jpg,images/nw-0823-05-000077.jpg,nw,0,water,,0,640,640,S1_20190624_034301_034441_VV_88,S1A_IW_GRDH_1SDV_20190624T034301_20190624T034326_027816_0323DB_4474.SAFE,2019-06-24T03:43:01
nw-0824-05-000078,nw-0824-05-000078.jpg,images/nw-0824-05-000078.jpg,nw,0,water,,0,640,640,S1_20190628_035854_040033_VV_17,S1B_IW_GRDH_1SDV_20190628T035854_20190628T035919_016891_01FC8F_151B.SAFE,2019-06-28T03:58:54
nw-0825-05-000079,nw-0825-05-000079.jpg,images/nw-0825-05-000079.jpg,nw,0,water,,0,640,640,S1_20190704_035931_040111_VV_98,S1A_IW_GRDH_1SDV_20190704T040021_20190704T040046_027962_032842_407B.SAFE,2019-07-04T03:59:31
nw-0826-05-000080,nw-0826-05-000080.jpg,images/nw-0826-05-000080.jpg,nw,0,water,,0,640,640,S1_20190705_154012_154152_VV_18,S1A_IW_GRDH_1SDV_20190705T154102_20190705T154127_027984_0328EF_8C32.SAFE,2019-07-05T15:40:12
nw-0827-05-000081,nw-0827-05-000081.jpg,images/nw-0827-05-000081.jpg,nw,0,water,,0,640,640,S1_20190707_033413_033553_VV_21,S1B_IW_GRDH_1SDV_20190707T033438_20190707T033503_017022_02005E_E3D4.SAFE;S1B_IW_GRDH_1SDV_20190707T033413_20190707T033438_017022_02005E_80F1.SAFE,2019-07-07T03:34:13
nw-0828-05-000082,nw-0828-05-000082.jpg,images/nw-0828-05-000082.jpg,nw,0,water,,0,640,640,S1_20190709_155646_155740_VV_27,S1B_IW_GRDH_1SDV_20190709T155715_20190709T155740_017059_020187_FF25.SAFE,2019-07-09T15:56:46
nw-0829-05-000083,nw-0829-05-000083.jpg,images/nw-0829-05-000083.jpg,nw,0,water,,0,640,640,S1_20190709_155646_155740_VV_54,S1B_IW_GRDH_1SDV_20190709T155715_20190709T155740_017059_020187_FF25.SAFE,2019-07-09T15:56:46
nw-0830-05-000084,nw-0830-05-000084.jpg,images/nw-0830-05-000084.jpg,nw,0,water,,0,640,640,S1_20190710_154840_155020_VV_31,S1A_IW_GRDH_1SDV_20190710T154955_20190710T155020_028057_032B2E_84B8.SAFE,2019-07-10T15:48:40
nw-0831-05-000085,nw-0831-05-000085.jpg,images/nw-0831-05-000085.jpg,nw,0,water,,0,640,640,S1_20190711_035121_035303_VV_125,S1A_IW_GRDH_1SDV_20190711T035121_20190711T035146_028064_032B5E_8132.SAFE,2019-07-11T03:51:21
nw-0832-05-000086,nw-0832-05-000086.jpg,images/nw-0832-05-000086.jpg,nw,0,water,,0,640,640,S1_20190712_034223_034403_VV_50,S1B_IW_GRDH_1SDV_20190712T034338_20190712T034403_017095_02029D_4A64.SAFE,2019-07-12T03:42:23
nw-0833-05-000087,nw-0833-05-000087.jpg,images/nw-0833-05-000087.jpg,nw,0,water,,0,640,640,S1_20190713_033459_033639_VV_2,S1A_IW_GRDH_1SDV_20190713T033459_20190713T033524_028093_032C37_1DCD.SAFE,2019-07-13T03:34:59
nw-0834-05-000088,nw-0834-05-000088.jpg,images/nw-0834-05-000088.jpg,nw,0,water,,0,640,640,S1_20190716_035932_040112_VV_105,S1A_IW_GRDH_1SDV_20190716T040022_20190716T040047_028137_032D90_2975.SAFE,2019-07-16T03:59:32
nw-0835-05-000089,nw-0835-05-000089.jpg,images/nw-0835-05-000089.jpg,nw,0,water,,0,640,640,S1_20190717_035045_035224_VV_28,S1B_IW_GRDH_1SDV_20190717T035045_20190717T035110_017168_0204B7_F192.SAFE,2019-07-17T03:50:45
nw-0836-05-000090,nw-0836-05-000090.jpg,images/nw-0836-05-000090.jpg,nw,0,water,,0,640,640,S1_20190718_034303_034443_VV_43,S1A_IW_GRDH_1SDV_20190718T034303_20190718T034328_028166_032E76_1ACD.SAFE,2019-07-18T03:43:03
nw-0837-05-000091,nw-0837-05-000091.jpg,images/nw-0837-05-000091.jpg,nw,0,water,,0,640,640,S1_20190719_033413_033553_VV_13,S1B_IW_GRDH_1SDV_20190719T033413_20190719T033438_017197_020579_3A54.SAFE,2019-07-19T03:34:13
nw-0838-05-000092,nw-0838-05-000092.jpg,images/nw-0838-05-000092.jpg,nw,0,water,,0,640,640,S1_20190719_033413_033553_VV_39,S1B_IW_GRDH_1SDV_20190719T033438_20190719T033503_017197_020579_4F1B.SAFE,2019-07-19T03:34:13
nw-0839-05-000093,nw-0839-05-000093.jpg,images/nw-0839-05-000093.jpg,nw,0,water,,0,640,640,S1_20190801_160455_160635_VV_3,S1A_IW_GRDH_1SDV_20190801T160520_20190801T160545_028378_0334F0_B580.SAFE,2019-08-01T16:04:55
nw-0840-05-000094,nw-0840-05-000094.jpg,images/nw-0840-05-000094.jpg,nw,0,water,,0,640,640,S1_20190803_035856_040035_VV_95,S1B_IW_GRDH_1SDV_20190803T035921_20190803T035946_017416_020C16_3D40.SAFE;S1B_IW_GRDH_1SDV_20190803T035856_20190803T035921_017416_020C16_EF88.SAFE,2019-08-03T03:58:56
nw-0841-05-000095,nw-0841-05-000095.jpg,images/nw-0841-05-000095.jpg,nw,0,water,,0,640,640,S1_20190810_035047_035226_VV_8,S1B_IW_GRDH_1SDV_20190810T035047_20190810T035112_017518_020F20_4C8A.SAFE,2019-08-10T03:50:47
nw-0842-05-000096,nw-0842-05-000096.jpg,images/nw-0842-05-000096.jpg,nw,0,water,,0,640,640,S1_20190815_035857_040036_VV_16,S1B_IW_GRDH_1SDV_20190815T035947_20190815T040012_017591_021171_8782.SAFE,2019-08-15T03:58:57
nw-0843-05-000097,nw-0843-05-000097.jpg,images/nw-0843-05-000097.jpg,nw,0,water,,0,640,640,S1_20190815_035857_040036_VV_58,S1B_IW_GRDH_1SDV_20190815T040012_20190815T040036_017591_021171_D62F.SAFE,2019-08-15T03:58:57
nw-0844-05-000098,nw-0844-05-000098.jpg,images/nw-0844-05-000098.jpg,nw,0,water,,0,640,640,S1_20190816_153949_154104_VV_67,S1B_IW_GRDH_1SDV_20190816T154039_20190816T154104_017613_02122C_F471.SAFE,2019-08-16T15:39:49
nw-0845-05-000099,nw-0845-05-000099.jpg,images/nw-0845-05-000099.jpg,nw,0,water,,0,640,640,S1_20190817_034225_034405_VV_23,S1B_IW_GRDH_1SDV_20190817T034250_20190817T034315_017620_021260_0DF6.SAFE,2019-08-17T03:42:25
nw-0846-05-000100,nw-0846-05-000100.jpg,images/nw-0846-05-000100.jpg,nw,0,water,,0,640,640,S1_20190822_035047_035226_VV_30,S1B_IW_GRDH_1SDV_20190822T035137_20190822T035202_017693_021497_9677.SAFE,2019-08-22T03:50:47
nw-0847-05-000101,nw-0847-05-000101.jpg,images/nw-0847-05-000101.jpg,nw,0,water,,0,640,640,S1_20190823_034305_034445_VV_122,S1A_IW_GRDH_1SDV_20190823T034330_20190823T034355_028691_033F57_A0BF.SAFE,2019-08-23T03:43:05
nw-0848-05-000102,nw-0848-05-000102.jpg,images/nw-0848-05-000102.jpg,nw,0,water,,0,640,640,S1_20190827_154843_155023_VV_14,S1A_IW_GRDH_1SDV_20190827T154843_20190827T154908_028757_0341B2_CC65.SAFE,2019-08-27T15:48:43
nw-0849-05-000103,nw-0849-05-000103.jpg,images/nw-0849-05-000103.jpg,nw,0,water,,0,640,640,S1_20190828_153950_154105_VV_95,S1B_IW_GRDH_1SDV_20190828T154040_20190828T154105_017788_02179A_9F35.SAFE,2019-08-28T15:39:50
nw-0850-05-000104,nw-0850-05-000104.jpg,images/nw-0850-05-000104.jpg,nw,0,water,,0,640,640,S1_20190830_033502_033642_VV_40,S1A_IW_GRDH_1SDV_20190830T033527_20190830T033552_028793_0342F2_73EE.SAFE,2019-08-30T03:35:02
nw-0851-05-000105,nw-0851-05-000105.jpg,images/nw-0851-05-000105.jpg,nw,0,water,,0,640,640,S1_20190902_154753_154933_VV_12,S1B_IW_GRDH_1SDV_20190902T154818_20190902T154843_017861_0219CE_E6A5.SAFE;S1B_IW_GRDH_1SDV_20190902T154753_20190902T154818_017861_0219CE_7D5A.SAFE,2019-09-02T15:47:53
nw-0852-05-000106,nw-0852-05-000106.jpg,images/nw-0852-05-000106.jpg,nw,0,water,,0,640,640,S1_20190904_034305_034445_VV_21,S1A_IW_GRDH_1SDV_20190904T034305_20190904T034330_028866_034579_1C4E.SAFE,2019-09-04T03:43:05
nw-0853-05-000107,nw-0853-05-000107.jpg,images/nw-0853-05-000107.jpg,nw,0,water,,0,640,640,S1_20190911_033502_033642_VV_2,S1A_IW_GRDH_1SDV_20190911T033502_20190911T033527_028968_034906_67B4.SAFE,2019-09-11T03:35:02
nw-0854-05-000108,nw-0854-05-000108.jpg,images/nw-0854-05-000108.jpg,nw,0,water,,0,640,640,S1_20190912_160413_160553_VV_7,S1B_IW_GRDH_1SDV_20190912T160438_20190912T160503_018007_021E66_0739.SAFE,2019-09-12T16:04:13
nw-0855-05-000109,nw-0855-05-000109.jpg,images/nw-0855-05-000109.jpg,nw,0,water,,0,640,640,S1_20190921_153951_154106_VV_28,S1B_IW_GRDH_1SDV_20190921T154041_20190921T154106_018138_022283_3509.SAFE,2019-09-21T15:39:51
nw-0856-05-000110,nw-0856-05-000110.jpg,images/nw-0856-05-000110.jpg,nw,0,water,,0,640,640,S1_20190925_155647_155827_VV_44,S1A_IW_GRDH_1SDV_20190925T155712_20190925T155737_029180_035045_0057.SAFE,2019-09-25T15:56:47
nw-0857-05-000111,nw-0857-05-000111.jpg,images/nw-0857-05-000111.jpg,nw,0,water,,0,640,640,S1_20190926_035936_040116_VV_20,S1A_IW_GRDH_1SDV_20190926T035936_20190926T040001_029187_035080_891A.SAFE,2019-09-26T03:59:36
nw-0858-05-000112,nw-0858-05-000112.jpg,images/nw-0858-05-000112.jpg,nw,0,water,,0,640,640,S1_20190926_035936_040116_VV_58,S1A_IW_GRDH_1SDV_20190926T035936_20190926T040001_029187_035080_891A.SAFE,2019-09-26T03:59:36
nw-0859-05-000113,nw-0859-05-000113.jpg,images/nw-0859-05-000113.jpg,nw,0,water,,0,640,640,S1_20190926_154755_154935_VV_141,S1B_IW_GRDH_1SDV_20190926T154910_20190926T154935_018211_0224A2_D216.SAFE,2019-09-26T15:47:55
nw-0860-05-000114,nw-0860-05-000114.jpg,images/nw-0860-05-000114.jpg,nw,0,water,,0,640,640,S1_20190927_035049_035228_VV_45,S1B_IW_GRDH_1SDV_20190927T035114_20190927T035139_018218_0224DC_067F.SAFE,2019-09-27T03:50:49
nw-0861-05-000115,nw-0861-05-000115.jpg,images/nw-0861-05-000115.jpg,nw,0,water,,0,640,640,S1_20190928_153137_153317_VV_367,S1B_IW_GRDH_1SDV_20190928T153252_20190928T153317_018240_022588_44A9.SAFE,2019-09-28T15:31:37
nw-0862-05-000116,nw-0862-05-000116.jpg,images/nw-0862-05-000116.jpg,nw,0,water,,0,640,640,S1_20191004_034227_034407_VV_155,S1B_IW_GRDH_1SDV_20191004T034317_20191004T034342_018320_02282B_4A6D.SAFE,2019-10-04T03:42:27
nw-0863-05-000117,nw-0863-05-000117.jpg,images/nw-0863-05-000117.jpg,nw,0,water,,0,640,640,S1_20191004_034227_034407_VV_83,S1B_IW_GRDH_1SDV_20191004T034252_20191004T034317_018320_02282B_B1FB.SAFE,2019-10-04T03:42:27
nw-0864-05-000118,nw-0864-05-000118.jpg,images/nw-0864-05-000118.jpg,nw,0,water,,0,640,640,S1_20191005_033503_033643_VV_2,S1A_IW_GRDH_1SDV_20191005T033503_20191005T033528_029318_035507_57C3.SAFE,2019-10-05T03:35:03
nw-0865-05-000119,nw-0865-05-000119.jpg,images/nw-0865-05-000119.jpg,nw,0,water,,0,640,640,S1_20191006_160414_160554_VV_6,S1B_IW_GRDH_1SDV_20191006T160439_20191006T160504_018357_02294F_B5A9.SAFE,2019-10-06T16:04:14
nw-0866-05-000120,nw-0866-05-000120.jpg,images/nw-0866-05-000120.jpg,nw,0,water,,0,640,640,S1_20191007_155647_155827_VV_67,S1A_IW_GRDH_1SDV_20191007T155737_20191007T155802_029355_035652_1009.SAFE,2019-10-07T15:56:47
nw-0867-05-000121,nw-0867-05-000121.jpg,images/nw-0867-05-000121.jpg,nw,0,water,,0,640,640,S1_20191008_035936_040116_VV_16,S1A_IW_GRDH_1SDV_20191008T035936_20191008T040001_029362_03568A_4BC2.SAFE,2019-10-08T03:59:36
nw-0868-05-000122,nw-0868-05-000122.jpg,images/nw-0868-05-000122.jpg,nw,0,water,,0,640,640,S1_20191008_035936_040116_VV_24,S1A_IW_GRDH_1SDV_20191008T035936_20191008T040001_029362_03568A_4BC2.SAFE,2019-10-08T03:59:36
nw-0869-05-000123,nw-0869-05-000123.jpg,images/nw-0869-05-000123.jpg,nw,0,water,,0,640,640,S1_20191008_035936_040116_VV_49,S1A_IW_GRDH_1SDV_20191008T035936_20191008T040001_029362_03568A_4BC2.SAFE,2019-10-08T03:59:36
nw-0870-05-000124,nw-0870-05-000124.jpg,images/nw-0870-05-000124.jpg,nw,0,water,,0,640,640,S1_20191010_034306_034446_VV_85,S1A_IW_GRDH_1SDV_20191010T034331_20191010T034356_029391_035788_7CA8.SAFE,2019-10-10T03:43:06
nw-0871-05-000125,nw-0871-05-000125.jpg,images/nw-0871-05-000125.jpg,nw,0,water,,0,640,640,S1_20191013_155650_155744_VV_28,S1B_IW_GRDH_1SDV_20191013T155719_20191013T155744_018459_022C6B_D17C.SAFE,2019-10-13T15:56:50
nw-0872-05-000126,nw-0872-05-000126.jpg,images/nw-0872-05-000126.jpg,nw,0,water,,0,640,640,S1_20191014_154845_155025_VV_145,S1A_IW_GRDH_1SDV_20191014T154910_20191014T154935_029457_0359DE_77C2.SAFE,2019-10-14T15:48:45
nw-0873-05-000127,nw-0873-05-000127.jpg,images/nw-0873-05-000127.jpg,nw,0,water,,0,640,640,S1_20191015_035126_035307_VV_52,S1A_IW_GRDH_1SDV_20191015T035216_20191015T035241_029464_035A19_207B.SAFE,2019-10-15T03:51:26
nw-0874-05-000128,nw-0874-05-000128.jpg,images/nw-0874-05-000128.jpg,nw,0,water,,0,640,640,S1_20191016_034227_034407_VV_52,S1B_IW_GRDH_1SDV_20191016T034227_20191016T034252_018495_022D96_DFD2.SAFE,2019-10-16T03:42:27
nw-0875-05-000129,nw-0875-05-000129.jpg,images/nw-0875-05-000129.jpg,nw,0,water,,0,640,640,S1_20191016_034227_034407_VV_7,S1B_IW_GRDH_1SDV_20191016T034227_20191016T034252_018495_022D96_DFD2.SAFE,2019-10-16T03:42:27
nw-0876-05-000130,nw-0876-05-000130.jpg,images/nw-0876-05-000130.jpg,nw,0,water,,0,640,640,S1_20191016_034227_034407_VV_94,S1B_IW_GRDH_1SDV_20191016T034252_20191016T034317_018495_022D96_AE2A.SAFE,2019-10-16T03:42:27
nw-0877-05-000131,nw-0877-05-000131.jpg,images/nw-0877-05-000131.jpg,nw,0,water,,0,640,640,S1_20191020_035936_040116_VV_54,S1A_IW_GRDH_1SDV_20191020T040026_20191020T040051_029537_035C98_A5AA.SAFE,2019-10-20T03:59:36
nw-0878-05-000132,nw-0878-05-000132.jpg,images/nw-0878-05-000132.jpg,nw,0,water,,0,640,640,S1_20191021_154016_154156_VV_11,S1A_IW_GRDH_1SDV_20191021T154106_20191021T154131_029559_035D56_48DB.SAFE,2019-10-21T15:40:16
nw-0879-05-000133,nw-0879-05-000133.jpg,images/nw-0879-05-000133.jpg,nw,0,water,,0,640,640,S1_20191026_154845_155025_VV_32,S1A_IW_GRDH_1SDV_20191026T155000_20191026T155025_029632_035FDD_D78E.SAFE,2019-10-26T15:48:45
nw-0880-05-000134,nw-0880-05-000134.jpg,images/nw-0880-05-000134.jpg,nw,0,water,,0,640,640,S1_20191026_154845_155025_VV_43,S1A_IW_GRDH_1SDV_20191026T155000_20191026T155025_029632_035FDD_D78E.SAFE,2019-10-26T15:48:45
nw-0881-05-000135,nw-0881-05-000135.jpg,images/nw-0881-05-000135.jpg,nw,0,water,,0,640,640,S1_20191027_035126_035307_VV_52,S1A_IW_GRDH_1SDV_20191027T035151_20191027T035216_029639_036018_ED9F.SAFE,2019-10-27T03:51:26
nw-0882-05-000136,nw-0882-05-000136.jpg,images/nw-0882-05-000136.jpg,nw,0,water,,0,640,640,S1_20191029_033458_033638_VV_58,S1A_IW_GRDH_1SDV_20191029T033523_20191029T033548_029668_036124_3258.SAFE,2019-10-29T03:34:58
nw-0883-05-000137,nw-0883-05-000137.jpg,images/nw-0883-05-000137.jpg,nw,0,water,,0,640,640,S1_20191103_034307_034447_VV_11,S1A_IW_GRDH_1SDV_20191103T034307_20191103T034332_029741_0363B0_31DA.SAFE,2019-11-03T03:43:07
nw-0884-05-000138,nw-0884-05-000138.jpg,images/nw-0884-05-000138.jpg,nw,0,water,,0,640,640,S1_20191103_034307_034447_VV_45,S1A_IW_GRDH_1SDV_20191103T034332_20191103T034357_029741_0363B0_BB8A.SAFE;S1A_IW_GRDH_1SDV_20191103T034307_20191103T034332_029741_0363B0_31DA.SAFE,2019-11-03T03:43:07
nw-0885-05-000139,nw-0885-05-000139.jpg,images/nw-0885-05-000139.jpg,nw,0,water,,0,640,640,S1_20191104_033417_033557_VV_34,S1B_IW_GRDH_1SDV_20191104T033442_20191104T033507_018772_02361B_B144.SAFE,2019-11-04T03:34:17
nw-0886-05-000140,nw-0886-05-000140.jpg,images/nw-0886-05-000140.jpg,nw,0,water,,0,640,640,S1_20191107_035859_040038_VV_17,S1B_IW_GRDH_1SDV_20191107T035859_20191107T035924_018816_0237A1_83D2.SAFE,2019-11-07T03:58:59
nw-0887-05-000141,nw-0887-05-000141.jpg,images/nw-0887-05-000141.jpg,nw,0,water,,0,640,640,S1_20191108_035126_035307_VV_12,S1A_IW_GRDH_1SDV_20191108T035126_20191108T035151_029814_03664C_FCC5.SAFE,2019-11-08T03:51:26
nw-0888-05-000142,nw-0888-05-000142.jpg,images/nw-0888-05-000142.jpg,nw,0,water,,0,640,640,S1_20191108_035126_035307_VV_8,S1A_IW_GRDH_1SDV_20191108T035126_20191108T035151_029814_03664C_FCC5.SAFE,2019-11-08T03:51:26
nw-0889-05-000143,nw-0889-05-000143.jpg,images/nw-0889-05-000143.jpg,nw,0,water,,0,640,640,S1_20191109_034227_034407_VV_50,S1B_IW_GRDH_1SDV_20191109T034252_20191109T034317_018845_0238A3_587D.SAFE,2019-11-09T03:42:27
nw-0890-05-000144,nw-0890-05-000144.jpg,images/nw-0890-05-000144.jpg,nw,0,water,,0,640,640,S1_20191114_035049_035228_VV_37,S1B_IW_GRDH_1SDV_20191114T035139_20191114T035204_018918_023AE4_06B2.SAFE,2019-11-14T03:50:49
nw-0891-05-000145,nw-0891-05-000145.jpg,images/nw-0891-05-000145.jpg,nw,0,water,,0,640,640,S1_20191116_033417_033557_VV_26,S1B_IW_GRDH_1SDV_20191116T033442_20191116T033507_018947_023BCF_7A99.SAFE,2019-11-16T03:34:17
nw-0892-05-000146,nw-0892-05-000146.jpg,images/nw-0892-05-000146.jpg,nw,0,water,,0,640,640,S1_20191116_033417_033557_VV_5,S1B_IW_GRDH_1SDV_20191116T033417_20191116T033442_018947_023BCF_D85D.SAFE,2019-11-16T03:34:17
nw-0893-05-000147,nw-0893-05-000147.jpg,images/nw-0893-05-000147.jpg,nw,0,water,,0,640,640,S1_20191121_034227_034407_VV_15,S1B_IW_GRDH_1SDV_20191121T034227_20191121T034252_019020_023E45_EAB3.SAFE,2019-11-21T03:42:27
nw-0894-05-000148,nw-0894-05-000148.jpg,images/nw-0894-05-000148.jpg,nw,0,water,,0,640,640,S1_20191121_153229_153344_VV_191,S1A_IW_GRDH_1SDV_20191121T153319_20191121T153344_030011_036D0E_A76F.SAFE,2019-11-21T15:32:29
nw-0895-05-000149,nw-0895-05-000149.jpg,images/nw-0895-05-000149.jpg,nw,0,water,,0,640,640,S1_20191127_153136_153316_VV_419,S1B_IW_GRDH_1SDV_20191127T153226_20191127T153251_019115_024136_B82C.SAFE,2019-11-27T15:31:36
nw-0896-05-000150,nw-0896-05-000150.jpg,images/nw-0896-05-000150.jpg,nw,0,water,,0,640,640,S1_20191128_033417_033557_VV_25,S1B_IW_GRDH_1SDV_20191128T033417_20191128T033442_019122_024166_7868.SAFE,2019-11-28T03:34:17
nw-0897-05-000151,nw-0897-05-000151.jpg,images/nw-0897-05-000151.jpg,nw,0,water,,0,640,640,S1_20191201_154844_155024_VV_77,S1A_IW_GRDH_1SDV_20191201T154844_20191201T154909_030157_03722E_48D3.SAFE,2019-12-01T15:48:44
nw-0898-05-000152,nw-0898-05-000152.jpg,images/nw-0898-05-000152.jpg,nw,0,water,,0,640,640,S1_20191202_035125_035307_VV_67,S1A_IW_GRDH_1SDV_20191202T035150_20191202T035215_030164_03726A_5983.SAFE;S1A_IW_GRDH_1SDV_20191202T035125_20191202T035150_030164_03726A_F802.SAFE,2019-12-02T03:51:25
nw-0899-05-000153,nw-0899-05-000153.jpg,images/nw-0899-05-000153.jpg,nw,0,water,,0,640,640,S1_20191203_034226_034406_VV_23,S1B_IW_GRDH_1SDV_20191203T034226_20191203T034251_019195_0243D6_C23B.SAFE,2019-12-03T03:42:26
nw-0900-05-000154,nw-0900-05-000154.jpg,images/nw-0900-05-000154.jpg,nw,0,water,,0,640,640,S1_20191211_160457_160637_VV_138,S1A_IW_GRDH_1SDV_20191211T160612_20191211T160637_030303_037740_984C.SAFE,2019-12-11T16:04:57
nw-0901-05-000155,nw-0901-05-000155.jpg,images/nw-0901-05-000155.jpg,nw,0,water,,0,640,640,S1_20191211_160457_160637_VV_141,S1A_IW_GRDH_1SDV_20191211T160612_20191211T160637_030303_037740_984C.SAFE,2019-12-11T16:04:57
nw-0902-05-000156,nw-0902-05-000156.jpg,images/nw-0902-05-000156.jpg,nw,0,water,,0,640,640,S1_20191213_035858_040037_VV_75,S1B_IW_GRDH_1SDV_20191213T040013_20191213T040037_019341_024871_6016.SAFE,2019-12-13T03:58:58
nw-0903-05-000157,nw-0903-05-000157.jpg,images/nw-0903-05-000157.jpg,nw,0,water,,0,640,640,S1_20191213_154844_155024_VV_179,S1A_IW_GRDH_1SDV_20191213T154959_20191213T155024_030332_03783C_0DB6.SAFE,2019-12-13T15:48:44
nw-0904-05-000158,nw-0904-05-000158.jpg,images/nw-0904-05-000158.jpg,nw,0,water,,0,640,640,S1_20191216_033502_033642_VV_216,S1A_IW_GRDH_1SDV_20191216T033527_20191216T033552_030368_037971_A81F.SAFE,2019-12-16T03:35:02
nw-0905-05-000159,nw-0905-05-000159.jpg,images/nw-0905-05-000159.jpg,nw,0,water,,0,640,640,S1_20191220_035048_035227_VV_118,S1B_IW_GRDH_1SDV_20191220T035138_20191220T035203_019443_024BA5_58BF.SAFE,2019-12-20T03:50:48
nw-0906-05-000160,nw-0906-05-000160.jpg,images/nw-0906-05-000160.jpg,nw,0,water,,0,640,640,S1_20191220_154015_154155_VV_181,S1A_IW_GRDH_1SDV_20191220T154105_20191220T154130_030434_037BB3_C3D6.SAFE,2019-12-20T15:40:15
nw-0907-05-000161,nw-0907-05-000161.jpg,images/nw-0907-05-000161.jpg,nw,0,water,,0,640,640,S1_20191222_033416_033556_VV_102,S1B_IW_GRDH_1SDV_20191222T033441_20191222T033506_019472_024C83_324E.SAFE;S1B_IW_GRDH_1SDV_20191222T033416_20191222T033441_019472_024C83_6FC8.SAFE,2019-12-22T03:34:16
nw-0908-05-000162,nw-0908-05-000162.jpg,images/nw-0908-05-000162.jpg,nw,0,water,,0,640,640,S1_20191223_160456_160636_VV_170,S1A_IW_GRDH_1SDV_20191223T160521_20191223T160546_030478_037D4D_5BF3.SAFE,2019-12-23T16:04:56
nw-0909-05-000163,nw-0909-05-000163.jpg,images/nw-0909-05-000163.jpg,nw,0,water,,0,640,640,S1_20191223_160456_160636_VV_193,S1A_IW_GRDH_1SDV_20191223T160611_20191223T160636_030478_037D4D_ED2F.SAFE,2019-12-23T16:04:56
nw-0910-05-000164,nw-0910-05-000164.jpg,images/nw-0910-05-000164.jpg,nw,0,water,,0,640,640,S1_20191225_154843_155023_VV_138,S1A_IW_GRDH_1SDV_20191225T154958_20191225T155023_030507_037E47_A28A.SAFE,2019-12-25T15:48:43
nw-0911-05-000165,nw-0911-05-000165.jpg,images/nw-0911-05-000165.jpg,nw,0,water,,0,640,640,S1_20191229_160412_160552_VV_214,S1B_IW_GRDH_1SDV_20191229T160527_20191229T160552_019582_02501D_988D.SAFE,2019-12-29T16:04:12
nw-0912-05-000166,nw-0912-05-000166.jpg,images/nw-0912-05-000166.jpg,nw,0,water,,0,640,640,S1_20191231_154753_154933_VV_116,S1B_IW_GRDH_1SDV_20191231T154818_20191231T154843_019611_025103_9D8D.SAFE;S1B_IW_GRDH_1SDV_20191231T154753_20191231T154818_019611_025103_D6A6.SAFE,2019-12-31T15:47:53
nw-0913-06-000001,nw-0913-06-000001.jpg,images/nw-0913-06-000001.jpg,nw,0,water,,0,640,640,S1_20190110_155611_155635_VV_58,S1B_IW_GRDH_1SDV_20190110T155611_20190110T155635_014434_01ADED_1E1A.SAFE,2019-01-10T15:56:11
nw-0914-06-000002,nw-0914-06-000002.jpg,images/nw-0914-06-000002.jpg,nw,0,water,,0,640,640,S1_20190123_035850_040029_VV_148,S1B_IW_GRDH_1SDV_20190123T035940_20190123T040005_014616_01B3CB_32E6.SAFE,2019-01-23T03:58:50
nw-0915-06-000003,nw-0915-06-000003.jpg,images/nw-0915-06-000003.jpg,nw,0,water,,0,640,640,S1_20190123_035850_040029_VV_198,S1B_IW_GRDH_1SDV_20190123T035915_20190123T035940_014616_01B3CB_38CE.SAFE,2019-01-23T03:58:50
nw-0916-06-000004,nw-0916-06-000004.jpg,images/nw-0916-06-000004.jpg,nw,0,water,,0,640,640,S1_20190123_035850_040029_VV_209,S1B_IW_GRDH_1SDV_20190123T035915_20190123T035940_014616_01B3CB_38CE.SAFE,2019-01-23T03:58:50
nw-0917-06-000005,nw-0917-06-000005.jpg,images/nw-0917-06-000005.jpg,nw,0,water,,0,640,640,S1_20190123_035850_040029_VV_216,S1B_IW_GRDH_1SDV_20190123T035940_20190123T040005_014616_01B3CB_32E6.SAFE;S1B_IW_GRDH_1SDV_20190123T035915_20190123T035940_014616_01B3CB_38CE.SAFE,2019-01-23T03:58:50
nw-0918-06-000006,nw-0918-06-000006.jpg,images/nw-0918-06-000006.jpg,nw,0,water,,0,640,640,S1_20190123_035850_040029_VV_218,S1B_IW_GRDH_1SDV_20190123T035940_20190123T040005_014616_01B3CB_32E6.SAFE,2019-01-23T03:58:50
nw-0919-06-000007,nw-0919-06-000007.jpg,images/nw-0919-06-000007.jpg,nw,0,water,,0,640,640,S1_20190123_035850_040029_VV_231,S1B_IW_GRDH_1SDV_20190123T035940_20190123T040005_014616_01B3CB_32E6.SAFE,2019-01-23T03:58:50
nw-0920-06-000008,nw-0920-06-000008.jpg,images/nw-0920-06-000008.jpg,nw,0,water,,0,640,640,S1_20190210_154745_154925_VV_30,S1B_IW_GRDH_1SDV_20190210T154900_20190210T154925_014886_01BC91_48D5.SAFE,2019-02-10T15:47:45
nw-0921-06-000009,nw-0921-06-000009.jpg,images/nw-0921-06-000009.jpg,nw,0,water,,0,640,640,S1_20190220_160404_160544_VV_117,S1B_IW_GRDH_1SDV_20190220T160519_20190220T160544_015032_01C169_37F7.SAFE,2019-02-20T16:04:04
nw-0922-06-000010,nw-0922-06-000010.jpg,images/nw-0922-06-000010.jpg,nw,0,water,,0,640,640,S1_20190220_160404_160544_VV_140,S1B_IW_GRDH_1SDV_20190220T160454_20190220T160519_015032_01C169_7DBC.SAFE,2019-02-20T16:04:04
nw-0923-06-000011,nw-0923-06-000011.jpg,images/nw-0923-06-000011.jpg,nw,0,water,,0,640,640,S1_20190220_160404_160544_VV_41,S1B_IW_GRDH_1SDV_20190220T160519_20190220T160544_015032_01C169_37F7.SAFE;S1B_IW_GRDH_1SDV_20190220T160454_20190220T160519_015032_01C169_7DBC.SAFE,2019-02-20T16:04:04
nw-0924-06-000012,nw-0924-06-000012.jpg,images/nw-0924-06-000012.jpg,nw,0,water,,0,640,640,S1_20190221_155637_155817_VV_156,S1A_IW_GRDH_1SDV_20190221T155752_20190221T155817_026030_02E6CF_6EBE.SAFE,2019-02-21T15:56:37
nw-0925-06-000013,nw-0925-06-000013.jpg,images/nw-0925-06-000013.jpg,nw,0,water,,0,640,640,S1_20190221_155637_155817_VV_179,S1A_IW_GRDH_1SDV_20190221T155752_20190221T155817_026030_02E6CF_6EBE.SAFE;S1A_IW_GRDH_1SDV_20190221T155727_20190221T155752_026030_02E6CF_E2B0.SAFE,2019-02-21T15:56:37
nw-0926-06-000014,nw-0926-06-000014.jpg,images/nw-0926-06-000014.jpg,nw,0,water,,0,640,640,S1_20190222_035926_040106_VV_206,S1A_IW_GRDH_1SDV_20190222T035951_20190222T040016_026037_02E70F_6632.SAFE,2019-02-22T03:59:26
nw-0927-06-000015,nw-0927-06-000015.jpg,images/nw-0927-06-000015.jpg,nw,0,water,,0,640,640,S1_20190222_154745_154925_VV_130,S1B_IW_GRDH_1SDV_20190222T154835_20190222T154900_015061_01C24C_E464.SAFE,2019-02-22T15:47:45
nw-0928-06-000016,nw-0928-06-000016.jpg,images/nw-0928-06-000016.jpg,nw,0,water,,0,640,640,S1_20190222_154745_154925_VV_374,S1B_IW_GRDH_1SDV_20190222T154835_20190222T154900_015061_01C24C_E464.SAFE,2019-02-22T15:47:45
nw-0929-06-000017,nw-0929-06-000017.jpg,images/nw-0929-06-000017.jpg,nw,0,water,,0,640,640,S1_20190306_035926_040106_VV_268,S1A_IW_GRDH_1SDV_20190306T035926_20190306T035951_026212_02ED51_1D32.SAFE,2019-03-06T03:59:26
nw-0930-06-000018,nw-0930-06-000018.jpg,images/nw-0930-06-000018.jpg,nw,0,water,,0,640,640,S1_20190306_154745_154925_VV_58,S1B_IW_GRDH_1SDV_20190306T154810_20190306T154835_015236_01C814_5AC6.SAFE,2019-03-06T15:47:45
nw-0931-06-000019,nw-0931-06-000019.jpg,images/nw-0931-06-000019.jpg,nw,0,water,,0,640,640,S1_20190307_035039_035218_VV_76,S1B_IW_GRDH_1SDV_20190307T035129_20190307T035154_015243_01C850_97F9.SAFE,2019-03-07T03:50:39
nw-0932-06-000020,nw-0932-06-000020.jpg,images/nw-0932-06-000020.jpg,nw,0,water,,0,640,640,S1_20190312_035849_040029_VV_155,S1B_IW_GRDH_1SDV_20190312T035939_20190312T040004_015316_01CAB5_09EE.SAFE,2019-03-12T03:58:49
nw-0933-06-000021,nw-0933-06-000021.jpg,images/nw-0933-06-000021.jpg,nw,0,water,,0,640,640,S1_20190312_035849_040029_VV_161,S1B_IW_GRDH_1SDV_20190312T035939_20190312T040004_015316_01CAB5_09EE.SAFE,2019-03-12T03:58:49
nw-0934-06-000022,nw-0934-06-000022.jpg,images/nw-0934-06-000022.jpg,nw,0,water,,0,640,640,S1_20190312_035849_040029_VV_93,S1B_IW_GRDH_1SDV_20190312T035939_20190312T040004_015316_01CAB5_09EE.SAFE,2019-03-12T03:58:49
nw-0935-06-000023,nw-0935-06-000023.jpg,images/nw-0935-06-000023.jpg,nw,0,water,,0,640,640,S1_20190312_154835_155015_VV_165,S1A_IW_GRDH_1SDV_20190312T154900_20190312T154925_026307_02F0D5_5A39.SAFE,2019-03-12T15:48:35
nw-0936-06-000024,nw-0936-06-000024.jpg,images/nw-0936-06-000024.jpg,nw,0,water,,0,640,640,S1_20190312_154835_155015_VV_208,S1A_IW_GRDH_1SDV_20190312T154900_20190312T154925_026307_02F0D5_5A39.SAFE,2019-03-12T15:48:35
nw-0937-06-000025,nw-0937-06-000025.jpg,images/nw-0937-06-000025.jpg,nw,0,water,,0,640,640,S1_20190319_154007_154147_VV_74,S1A_IW_GRDH_1SDV_20190319T154057_20190319T154122_026409_02F495_3769.SAFE,2019-03-19T15:40:07
nw-0938-06-000026,nw-0938-06-000026.jpg,images/nw-0938-06-000026.jpg,nw,0,water,,0,640,640,S1_20190320_034257_034437_VV_110,S1A_IW_GRDH_1SDV_20190320T034257_20190320T034322_026416_02F4D4_2093.SAFE,2019-03-20T03:42:57
nw-0939-06-000027,nw-0939-06-000027.jpg,images/nw-0939-06-000027.jpg,nw,0,water,,0,640,640,S1_20190323_155640_155734_VV_192,S1B_IW_GRDH_1SDV_20190323T155709_20190323T155734_015484_01D01A_C448.SAFE,2019-03-23T15:56:40
nw-0940-06-000028,nw-0940-06-000028.jpg,images/nw-0940-06-000028.jpg,nw,0,water,,0,640,640,S1_20190405_035850_040029_VV_169,S1B_IW_GRDH_1SDV_20190405T035915_20190405T035940_015666_01D628_E73F.SAFE,2019-04-05T03:58:50
nw-0941-06-000029,nw-0941-06-000029.jpg,images/nw-0941-06-000029.jpg,nw,0,water,,0,640,640,S1_20190405_035850_040029_VV_223,S1B_IW_GRDH_1SDV_20190405T040005_20190405T040029_015666_01D628_7546.SAFE,2019-04-05T03:58:50
nw-0942-06-000030,nw-0942-06-000030.jpg,images/nw-0942-06-000030.jpg,nw,0,water,,0,640,640,S1_20190405_035850_040029_VV_96,S1B_IW_GRDH_1SDV_20190405T035940_20190405T040005_015666_01D628_676F.SAFE,2019-04-05T03:58:50
nw-0943-06-000031,nw-0943-06-000031.jpg,images/nw-0943-06-000031.jpg,nw,0,water,,0,640,640,S1_20190405_154836_155016_VV_181,S1A_IW_GRDH_1SDV_20190405T154901_20190405T154926_026657_02FDC3_00D2.SAFE,2019-04-05T15:48:36
nw-0944-06-000032,nw-0944-06-000032.jpg,images/nw-0944-06-000032.jpg,nw,0,water,,0,640,640,S1_20190405_154836_155016_VV_255,S1A_IW_GRDH_1SDV_20190405T154951_20190405T155016_026657_02FDC3_09ED.SAFE,2019-04-05T15:48:36
nw-0945-06-000033,nw-0945-06-000033.jpg,images/nw-0945-06-000033.jpg,nw,0,water,,0,640,640,S1_20190405_154836_155016_VV_52,S1A_IW_GRDH_1SDV_20190405T154901_20190405T154926_026657_02FDC3_00D2.SAFE,2019-04-05T15:48:36
nw-0946-06-000034,nw-0946-06-000034.jpg,images/nw-0946-06-000034.jpg,nw,0,water,,0,640,640,S1_20190405_154836_155016_VV_78,S1A_IW_GRDH_1SDV_20190405T154926_20190405T154951_026657_02FDC3_6F15.SAFE,2019-04-05T15:48:36
nw-0947-06-000035,nw-0947-06-000035.jpg,images/nw-0947-06-000035.jpg,nw,0,water,,0,640,640,S1_20190406_035117_035258_VV_130,S1A_IW_GRDH_1SDV_20190406T035142_20190406T035207_026664_02FE02_BB0A.SAFE,2019-04-06T03:51:17
nw-0948-06-000036,nw-0948-06-000036.jpg,images/nw-0948-06-000036.jpg,nw,0,water,,0,640,640,S1_20190406_035117_035258_VV_215,S1A_IW_GRDH_1SDV_20190406T035142_20190406T035207_026664_02FE02_BB0A.SAFE,2019-04-06T03:51:17
nw-0949-06-000037,nw-0949-06-000037.jpg,images/nw-0949-06-000037.jpg,nw,0,water,,0,640,640,S1_20190406_035117_035258_VV_232,S1A_IW_GRDH_1SDV_20190406T035142_20190406T035207_026664_02FE02_BB0A.SAFE,2019-04-06T03:51:17
nw-0950-06-000038,nw-0950-06-000038.jpg,images/nw-0950-06-000038.jpg,nw,0,water,,0,640,640,S1_20190406_035117_035258_VV_238,S1A_IW_GRDH_1SDV_20190406T035142_20190406T035207_026664_02FE02_BB0A.SAFE,2019-04-06T03:51:17
nw-0951-06-000039,nw-0951-06-000039.jpg,images/nw-0951-06-000039.jpg,nw,0,water,,0,640,640,S1_20190406_035117_035258_VV_255,S1A_IW_GRDH_1SDV_20190406T035142_20190406T035207_026664_02FE02_BB0A.SAFE,2019-04-06T03:51:17
nw-0952-06-000040,nw-0952-06-000040.jpg,images/nw-0952-06-000040.jpg,nw,0,water,,0,640,640,S1_20190406_153942_154057_VV_87,S1B_IW_GRDH_1SDV_20190406T154032_20190406T154057_015688_01D6ED_B234.SAFE,2019-04-06T15:39:42
nw-0953-06-000041,nw-0953-06-000041.jpg,images/nw-0953-06-000041.jpg,nw,0,water,,0,640,640,S1_20190411_154746_154926_VV_26,S1B_IW_GRDH_1SDV_20190411T154811_20190411T154836_015761_01D947_1908.SAFE,2019-04-11T15:47:46
nw-0954-06-000042,nw-0954-06-000042.jpg,images/nw-0954-06-000042.jpg,nw,0,water,,0,640,640,S1_20190411_154746_154926_VV_38,S1B_IW_GRDH_1SDV_20190411T154811_20190411T154836_015761_01D947_1908.SAFE,2019-04-11T15:47:46
nw-0955-06-000043,nw-0955-06-000043.jpg,images/nw-0955-06-000043.jpg,nw,0,water,,0,640,640,S1_20190411_154746_154926_VV_60,S1B_IW_GRDH_1SDV_20190411T154836_20190411T154901_015761_01D947_D398.SAFE,2019-04-11T15:47:46
nw-0956-06-000044,nw-0956-06-000044.jpg,images/nw-0956-06-000044.jpg,nw,0,water,,0,640,640,S1_20190412_035040_035219_VV_112,S1B_IW_GRDH_1SDV_20190412T035105_20190412T035130_015768_01D985_01C9.SAFE,2019-04-12T03:50:40
nw-0957-06-000045,nw-0957-06-000045.jpg,images/nw-0957-06-000045.jpg,nw,0,water,,0,640,640,S1_20190412_035040_035219_VV_182,S1B_IW_GRDH_1SDV_20190412T035130_20190412T035155_015768_01D985_E914.SAFE;S1B_IW_GRDH_1SDV_20190412T035105_20190412T035130_015768_01D985_01C9.SAFE,2019-04-12T03:50:40
nw-0958-06-000046,nw-0958-06-000046.jpg,images/nw-0958-06-000046.jpg,nw,0,water,,0,640,640,S1_20190412_035040_035219_VV_186,S1B_IW_GRDH_1SDV_20190412T035130_20190412T035155_015768_01D985_E914.SAFE,2019-04-12T03:50:40
nw-0959-06-000047,nw-0959-06-000047.jpg,images/nw-0959-06-000047.jpg,nw,0,water,,0,640,640,S1_20190412_035040_035219_VV_187,S1B_IW_GRDH_1SDV_20190412T035130_20190412T035155_015768_01D985_E914.SAFE,2019-04-12T03:50:40
nw-0960-06-000048,nw-0960-06-000048.jpg,images/nw-0960-06-000048.jpg,nw,0,water,,0,640,640,S1_20190423_035928_040108_VV_119,S1A_IW_GRDH_1SDV_20190423T040018_20190423T040043_026912_0306F7_E21A.SAFE,2019-04-23T03:59:28
nw-0961-06-000049,nw-0961-06-000049.jpg,images/nw-0961-06-000049.jpg,nw,0,water,,0,640,640,S1_20190423_154746_154926_VV_111,S1B_IW_GRDH_1SDV_20190423T154811_20190423T154836_015936_01DF14_D0D6.SAFE,2019-04-23T15:47:46
nw-0962-06-000050,nw-0962-06-000050.jpg,images/nw-0962-06-000050.jpg,nw,0,water,,0,640,640,S1_20190423_154746_154926_VV_115,S1B_IW_GRDH_1SDV_20190423T154811_20190423T154836_015936_01DF14_D0D6.SAFE,2019-04-23T15:47:46
nw-0963-06-000051,nw-0963-06-000051.jpg,images/nw-0963-06-000051.jpg,nw,0,water,,0,640,640,S1_20190423_154746_154926_VV_130,S1B_IW_GRDH_1SDV_20190423T154836_20190423T154901_015936_01DF14_E7F4.SAFE,2019-04-23T15:47:46
nw-0964-06-000052,nw-0964-06-000052.jpg,images/nw-0964-06-000052.jpg,nw,0,water,,0,640,640,S1_20190423_154746_154926_VV_144,S1B_IW_GRDH_1SDV_20190423T154836_20190423T154901_015936_01DF14_E7F4.SAFE,2019-04-23T15:47:46
nw-0965-06-000053,nw-0965-06-000053.jpg,images/nw-0965-06-000053.jpg,nw,0,water,,0,640,640,S1_20190423_154746_154926_VV_147,S1B_IW_GRDH_1SDV_20190423T154836_20190423T154901_015936_01DF14_E7F4.SAFE,2019-04-23T15:47:46
nw-0966-06-000054,nw-0966-06-000054.jpg,images/nw-0966-06-000054.jpg,nw,0,water,,0,640,640,S1_20190423_154746_154926_VV_170,S1B_IW_GRDH_1SDV_20190423T154901_20190423T154926_015936_01DF14_58C2.SAFE,2019-04-23T15:47:46
nw-0967-06-000055,nw-0967-06-000055.jpg,images/nw-0967-06-000055.jpg,nw,0,water,,0,640,640,S1_20190423_154746_154926_VV_186,S1B_IW_GRDH_1SDV_20190423T154901_20190423T154926_015936_01DF14_58C2.SAFE,2019-04-23T15:47:46
nw-0968-06-000056,nw-0968-06-000056.jpg,images/nw-0968-06-000056.jpg,nw,0,water,,0,640,640,S1_20190424_035041_035220_VV_123,S1B_IW_GRDH_1SDV_20190424T035041_20190424T035106_015943_01DF52_4650.SAFE,2019-04-24T03:50:41
nw-0969-06-000057,nw-0969-06-000057.jpg,images/nw-0969-06-000057.jpg,nw,0,water,,0,640,640,S1_20190424_035041_035220_VV_31,S1B_IW_GRDH_1SDV_20190424T035041_20190424T035106_015943_01DF52_4650.SAFE,2019-04-24T03:50:41
nw-0970-06-000058,nw-0970-06-000058.jpg,images/nw-0970-06-000058.jpg,nw,0,water,,0,640,640,S1_20190427_160450_160630_VV_196,S1A_IW_GRDH_1SDV_20190427T160605_20190427T160630_026978_03096D_3B92.SAFE,2019-04-27T16:04:50
nw-0971-06-000059,nw-0971-06-000059.jpg,images/nw-0971-06-000059.jpg,nw,0,water,,0,640,640,S1_20190427_160450_160630_VV_218,S1A_IW_GRDH_1SDV_20190427T160605_20190427T160630_026978_03096D_3B92.SAFE,2019-04-27T16:04:50
nw-0972-06-000060,nw-0972-06-000060.jpg,images/nw-0972-06-000060.jpg,nw,0,water,,0,640,640,S1_20190427_160450_160630_VV_237,S1A_IW_GRDH_1SDV_20190427T160515_20190427T160540_026978_03096D_9164.SAFE,2019-04-27T16:04:50
nw-0973-06-000061,nw-0973-06-000061.jpg,images/nw-0973-06-000061.jpg,nw,0,water,,0,640,640,S1_20190427_160450_160630_VV_244,S1A_IW_GRDH_1SDV_20190427T160515_20190427T160540_026978_03096D_9164.SAFE,2019-04-27T16:04:50
nw-0974-06-000062,nw-0974-06-000062.jpg,images/nw-0974-06-000062.jpg,nw,0,water,,0,640,640,S1_20190427_160450_160630_VV_25,S1A_IW_GRDH_1SDV_20190427T160515_20190427T160540_026978_03096D_9164.SAFE,2019-04-27T16:04:50
nw-0975-06-000063,nw-0975-06-000063.jpg,images/nw-0975-06-000063.jpg,nw,0,water,,0,640,640,S1_20190427_160450_160630_VV_251,S1A_IW_GRDH_1SDV_20190427T160515_20190427T160540_026978_03096D_9164.SAFE,2019-04-27T16:04:50
nw-0976-06-000064,nw-0976-06-000064.jpg,images/nw-0976-06-000064.jpg,nw,0,water,,0,640,640,S1_20190427_160450_160630_VV_264,S1A_IW_GRDH_1SDV_20190427T160540_20190427T160605_026978_03096D_E604.SAFE,2019-04-27T16:04:50
nw-0977-06-000065,nw-0977-06-000065.jpg,images/nw-0977-06-000065.jpg,nw,0,water,,0,640,640,S1_20190427_160450_160630_VV_4,S1A_IW_GRDH_1SDV_20190427T160515_20190427T160540_026978_03096D_9164.SAFE,2019-04-27T16:04:50
nw-0978-06-000066,nw-0978-06-000066.jpg,images/nw-0978-06-000066.jpg,nw,0,water,,0,640,640,S1_20190428_155642_155736_VV_1,S1B_IW_GRDH_1SDV_20190428T155711_20190428T155736_016009_01E183_B373.SAFE;S1B_IW_GRDH_1SDV_20190428T155642_20190428T155711_016009_01E183_AEED.SAFE,2019-04-28T15:56:42
nw-0979-06-000067,nw-0979-06-000067.jpg,images/nw-0979-06-000067.jpg,nw,0,water,,0,640,640,S1_20190428_155642_155736_VV_13,S1B_IW_GRDH_1SDV_20190428T155711_20190428T155736_016009_01E183_B373.SAFE,2019-04-28T15:56:42
nw-0980-06-000068,nw-0980-06-000068.jpg,images/nw-0980-06-000068.jpg,nw,0,water,,0,640,640,S1_20190429_035851_040030_VV_84,S1B_IW_GRDH_1SDV_20190429T035851_20190429T035916_016016_01E1C8_1C16.SAFE,2019-04-29T03:58:51
nw-0981-06-000069,nw-0981-06-000069.jpg,images/nw-0981-06-000069.jpg,nw,0,water,,0,640,640,S1_20190429_154837_155017_VV_131,S1A_IW_GRDH_1SDV_20190429T154952_20190429T155017_027007_030A73_3AD5.SAFE,2019-04-29T15:48:37
nw-0982-06-000070,nw-0982-06-000070.jpg,images/nw-0982-06-000070.jpg,nw,0,water,,0,640,640,S1_20190430_035118_035259_VV_164,S1A_IW_GRDH_1SDV_20190430T035118_20190430T035143_027014_030AB6_614C.SAFE,2019-04-30T03:51:18
nw-0983-06-000071,nw-0983-06-000071.jpg,images/nw-0983-06-000071.jpg,nw,0,water,,0,640,640,S1_20190510_155611_155636_VV_38,S1B_IW_GRDH_1SDV_20190510T155611_20190510T155636_016184_01E73C_075F.SAFE,2019-05-10T15:56:11
nw-0984-06-000072,nw-0984-06-000072.jpg,images/nw-0984-06-000072.jpg,nw,0,water,,0,640,640,S1_20190511_035851_040030_VV_60,S1B_IW_GRDH_1SDV_20190511T035851_20190511T035916_016191_01E77E_ECCB.SAFE,2019-05-11T03:58:51
nw-0985-06-000073,nw-0985-06-000073.jpg,images/nw-0985-06-000073.jpg,nw,0,water,,0,640,640,S1_20190511_154837_155017_VV_156,S1A_IW_GRDH_1SDV_20190511T154927_20190511T154952_027182_031070_998B.SAFE;S1A_IW_GRDH_1SDV_20190511T154902_20190511T154927_027182_031070_D831.SAFE,2019-05-11T15:48:37
nw-0986-06-000074,nw-0986-06-000074.jpg,images/nw-0986-06-000074.jpg,nw,0,water,,0,640,640,S1_20190515_160406_160546_VV_86,S1B_IW_GRDH_1SDV_20190515T160456_20190515T160521_016257_01E988_F53E.SAFE,2019-05-15T16:04:06
nw-0987-06-000075,nw-0987-06-000075.jpg,images/nw-0987-06-000075.jpg,nw,0,water,,0,640,640,S1_20190517_035929_040109_VV_18,S1A_IW_GRDH_1SDV_20190517T035929_20190517T035954_027262_0312E9_2AEB.SAFE,2019-05-17T03:59:29
nw-0988-06-000076,nw-0988-06-000076.jpg,images/nw-0988-06-000076.jpg,nw,0,water,,0,640,640,S1_20190522_155643_155737_VV_127,S1B_IW_GRDH_1SDV_20190522T155712_20190522T155737_016359_01ECA7_BEBC.SAFE,2019-05-22T15:56:43
nw-0989-06-000077,nw-0989-06-000077.jpg,images/nw-0989-06-000077.jpg,nw,0,water,,0,640,640,S1_20190522_155643_155737_VV_135,S1B_IW_GRDH_1SDV_20190522T155712_20190522T155737_016359_01ECA7_BEBC.SAFE,2019-05-22T15:56:43
nw-0990-06-000078,nw-0990-06-000078.jpg,images/nw-0990-06-000078.jpg,nw,0,water,,0,640,640,S1_20190522_155643_155737_VV_140,S1B_IW_GRDH_1SDV_20190522T155712_20190522T155737_016359_01ECA7_BEBC.SAFE,2019-05-22T15:56:43
nw-0991-06-000079,nw-0991-06-000079.jpg,images/nw-0991-06-000079.jpg,nw,0,water,,0,640,640,S1_20190522_155643_155737_VV_212,S1B_IW_GRDH_1SDV_20190522T155643_20190522T155712_016359_01ECA7_4C33.SAFE,2019-05-22T15:56:43
nw-0992-06-000080,nw-0992-06-000080.jpg,images/nw-0992-06-000080.jpg,nw,0,water,,0,640,640,S1_20190522_155643_155737_VV_23,S1B_IW_GRDH_1SDV_20190522T155643_20190522T155712_016359_01ECA7_4C33.SAFE,2019-05-22T15:56:43
nw-0993-06-000081,nw-0993-06-000081.jpg,images/nw-0993-06-000081.jpg,nw,0,water,,0,640,640,S1_20190522_155643_155737_VV_237,S1B_IW_GRDH_1SDV_20190522T155643_20190522T155712_016359_01ECA7_4C33.SAFE,2019-05-22T15:56:43
nw-0994-06-000082,nw-0994-06-000082.jpg,images/nw-0994-06-000082.jpg,nw,0,water,,0,640,640,S1_20190522_155643_155737_VV_252,S1B_IW_GRDH_1SDV_20190522T155712_20190522T155737_016359_01ECA7_BEBC.SAFE,2019-05-22T15:56:43
nw-0995-06-000083,nw-0995-06-000083.jpg,images/nw-0995-06-000083.jpg,nw,0,water,,0,640,640,S1_20190522_155643_155737_VV_39,S1B_IW_GRDH_1SDV_20190522T155643_20190522T155712_016359_01ECA7_4C33.SAFE,2019-05-22T15:56:43
nw-0996-06-000084,nw-0996-06-000084.jpg,images/nw-0996-06-000084.jpg,nw,0,water,,0,640,640,S1_20190522_155643_155737_VV_48,S1B_IW_GRDH_1SDV_20190522T155643_20190522T155712_016359_01ECA7_4C33.SAFE,2019-05-22T15:56:43
nw-0997-06-000085,nw-0997-06-000085.jpg,images/nw-0997-06-000085.jpg,nw,0,water,,0,640,640,S1_20190522_155643_155737_VV_5,S1B_IW_GRDH_1SDV_20190522T155643_20190522T155712_016359_01ECA7_4C33.SAFE,2019-05-22T15:56:43
nw-0998-06-000086,nw-0998-06-000086.jpg,images/nw-0998-06-000086.jpg,nw,0,water,,0,640,640,S1_20190522_155643_155737_VV_69,S1B_IW_GRDH_1SDV_20190522T155643_20190522T155712_016359_01ECA7_4C33.SAFE,2019-05-22T15:56:43
nw-0999-06-000087,nw-0999-06-000087.jpg,images/nw-0999-06-000087.jpg,nw,0,water,,0,640,640,S1_20190522_155643_155737_VV_77,S1B_IW_GRDH_1SDV_20190522T155643_20190522T155712_016359_01ECA7_4C33.SAFE,2019-05-22T15:56:43
nw-1000-06-000088,nw-1000-06-000088.jpg,images/nw-1000-06-000088.jpg,nw,0,water,,0,640,640,S1_20190523_035852_040031_VV_11,S1B_IW_GRDH_1SDV_20190523T035852_20190523T035917_016366_01ECE8_CA6C.SAFE,2019-05-23T03:58:52
nw-1001-06-000089,nw-1001-06-000089.jpg,images/nw-1001-06-000089.jpg,nw,0,water,,0,640,640,S1_20190523_035852_040031_VV_6,S1B_IW_GRDH_1SDV_20190523T035852_20190523T035917_016366_01ECE8_CA6C.SAFE,2019-05-23T03:58:52
nw-1002-06-000090,nw-1002-06-000090.jpg,images/nw-1002-06-000090.jpg,nw,0,water,,0,640,640,S1_20190523_154838_155018_VV_120,S1A_IW_GRDH_1SDV_20190523T154903_20190523T154928_027357_0315EA_95BE.SAFE,2019-05-23T15:48:38
nw-1003-06-000091,nw-1003-06-000091.jpg,images/nw-1003-06-000091.jpg,nw,0,water,,0,640,640,S1_20190523_154838_155018_VV_219,S1A_IW_GRDH_1SDV_20190523T154903_20190523T154928_027357_0315EA_95BE.SAFE,2019-05-23T15:48:38
nw-1004-06-000092,nw-1004-06-000092.jpg,images/nw-1004-06-000092.jpg,nw,0,water,,0,640,640,S1_20190523_154838_155018_VV_225,S1A_IW_GRDH_1SDV_20190523T154903_20190523T154928_027357_0315EA_95BE.SAFE,2019-05-23T15:48:38
nw-1005-06-000093,nw-1005-06-000093.jpg,images/nw-1005-06-000093.jpg,nw,0,water,,0,640,640,S1_20190523_154838_155018_VV_259,S1A_IW_GRDH_1SDV_20190523T154903_20190523T154928_027357_0315EA_95BE.SAFE,2019-05-23T15:48:38
nw-1006-06-000094,nw-1006-06-000094.jpg,images/nw-1006-06-000094.jpg,nw,0,water,,0,640,640,S1_20190523_154838_155018_VV_43,S1A_IW_GRDH_1SDV_20190523T154838_20190523T154903_027357_0315EA_5427.SAFE,2019-05-23T15:48:38
nw-1007-06-000095,nw-1007-06-000095.jpg,images/nw-1007-06-000095.jpg,nw,0,water,,0,640,640,S1_20190523_154838_155018_VV_98,S1A_IW_GRDH_1SDV_20190523T154903_20190523T154928_027357_0315EA_95BE.SAFE,2019-05-23T15:48:38
nw-1008-06-000096,nw-1008-06-000096.jpg,images/nw-1008-06-000096.jpg,nw,0,water,,0,640,640,S1_20190524_035119_035300_VV_193,S1A_IW_GRDH_1SDV_20190524T035209_20190524T035234_027364_031625_B50F.SAFE,2019-05-24T03:51:19
nw-1009-06-000097,nw-1009-06-000097.jpg,images/nw-1009-06-000097.jpg,nw,0,water,,0,640,640,S1_20190525_034220_034400_VV_79,S1B_IW_GRDH_1SDV_20190525T034310_20190525T034335_016395_01EDD2_3C73.SAFE,2019-05-25T03:42:20
nw-1010-06-000098,nw-1010-06-000098.jpg,images/nw-1010-06-000098.jpg,nw,0,water,,0,640,640,S1_20190527_160407_160547_VV_130,S1B_IW_GRDH_1SDV_20190527T160457_20190527T160522_016432_01EEE6_4F2E.SAFE,2019-05-27T16:04:07
nw-1011-06-000099,nw-1011-06-000099.jpg,images/nw-1011-06-000099.jpg,nw,0,water,,0,640,640,S1_20190527_160407_160547_VV_131,S1B_IW_GRDH_1SDV_20190527T160457_20190527T160522_016432_01EEE6_4F2E.SAFE,2019-05-27T16:04:07
nw-1012-06-000100,nw-1012-06-000100.jpg,images/nw-1012-06-000100.jpg,nw,0,water,,0,640,640,S1_20190527_160407_160547_VV_160,S1B_IW_GRDH_1SDV_20190527T160457_20190527T160522_016432_01EEE6_4F2E.SAFE,2019-05-27T16:04:07
nw-1013-06-000101,nw-1013-06-000101.jpg,images/nw-1013-06-000101.jpg,nw,0,water,,0,640,640,S1_20190527_160407_160547_VV_172,S1B_IW_GRDH_1SDV_20190527T160457_20190527T160522_016432_01EEE6_4F2E.SAFE,2019-05-27T16:04:07
nw-1014-06-000102,nw-1014-06-000102.jpg,images/nw-1014-06-000102.jpg,nw,0,water,,0,640,640,S1_20190527_160407_160547_VV_188,S1B_IW_GRDH_1SDV_20190527T160522_20190527T160547_016432_01EEE6_9F08.SAFE,2019-05-27T16:04:07
nw-1015-06-000103,nw-1015-06-000103.jpg,images/nw-1015-06-000103.jpg,nw,0,water,,0,640,640,S1_20190527_160407_160547_VV_59,S1B_IW_GRDH_1SDV_20190527T160522_20190527T160547_016432_01EEE6_9F08.SAFE,2019-05-27T16:04:07
nw-1016-06-000104,nw-1016-06-000104.jpg,images/nw-1016-06-000104.jpg,nw,0,water,,0,640,640,S1_20190529_035929_040109_VV_151,S1A_IW_GRDH_1SDV_20190529T035954_20190529T040019_027437_031860_E8F6.SAFE,2019-05-29T03:59:29
nw-1017-06-000105,nw-1017-06-000105.jpg,images/nw-1017-06-000105.jpg,nw,0,water,,0,640,640,S1_20190529_035929_040109_VV_161,S1A_IW_GRDH_1SDV_20190529T035954_20190529T040019_027437_031860_E8F6.SAFE,2019-05-29T03:59:29
nw-1018-06-000106,nw-1018-06-000106.jpg,images/nw-1018-06-000106.jpg,nw,0,water,,0,640,640,S1_20190529_035929_040109_VV_41,S1A_IW_GRDH_1SDV_20190529T040019_20190529T040044_027437_031860_421A.SAFE;S1A_IW_GRDH_1SDV_20190529T035954_20190529T040019_027437_031860_E8F6.SAFE,2019-05-29T03:59:29
nw-1019-06-000107,nw-1019-06-000107.jpg,images/nw-1019-06-000107.jpg,nw,0,water,,0,640,640,S1_20190529_035929_040109_VV_89,S1A_IW_GRDH_1SDV_20190529T040019_20190529T040044_027437_031860_421A.SAFE,2019-05-29T03:59:29
nw-1020-06-000108,nw-1020-06-000108.jpg,images/nw-1020-06-000108.jpg,nw,0,water,,0,640,640,S1_20190530_035042_035221_VV_197,S1B_IW_GRDH_1SDV_20190530T035132_20190530T035157_016468_01EFFB_A41B.SAFE,2019-05-30T03:50:42
nw-1021-06-000109,nw-1021-06-000109.jpg,images/nw-1021-06-000109.jpg,nw,0,water,,0,640,640,S1_20190531_034300_034440_VV_237,S1A_IW_GRDH_1SDV_20190531T034325_20190531T034350_027466_031954_4726.SAFE,2019-05-31T03:43:00
nw-1022-06-000110,nw-1022-06-000110.jpg,images/nw-1022-06-000110.jpg,nw,0,water,,0,640,640,S1_20190609_155640_155820_VV_178,S1A_IW_GRDH_1SDV_20190609T155730_20190609T155755_027605_031D91_51DD.SAFE,2019-06-09T15:56:40
nw-1023-06-000111,nw-1023-06-000111.jpg,images/nw-1023-06-000111.jpg,nw,0,water,,0,640,640,S1_20190610_035930_040110_VV_129,S1A_IW_GRDH_1SDV_20190610T040020_20190610T040045_027612_031DBE_747E.SAFE,2019-06-10T03:59:30
nw-1024-06-000112,nw-1024-06-000112.jpg,images/nw-1024-06-000112.jpg,nw,0,water,,0,640,640,S1_20190610_035930_040110_VV_169,S1A_IW_GRDH_1SDV_20190610T035930_20190610T035955_027612_031DBE_CF47.SAFE,2019-06-10T03:59:30
nw-1025-06-000113,nw-1025-06-000113.jpg,images/nw-1025-06-000113.jpg,nw,0,water,,0,640,640,S1_20190610_035930_040110_VV_170,S1A_IW_GRDH_1SDV_20190610T035930_20190610T035955_027612_031DBE_CF47.SAFE,2019-06-10T03:59:30
nw-1026-06-000114,nw-1026-06-000114.jpg,images/nw-1026-06-000114.jpg,nw,0,water,,0,640,640,S1_20190611_154010_154150_VV_73,S1A_IW_GRDH_1SDV_20190611T154100_20190611T154125_027634_031E6E_FE68.SAFE,2019-06-11T15:40:10
nw-1027-06-000115,nw-1027-06-000115.jpg,images/nw-1027-06-000115.jpg,nw,0,water,,0,640,640,S1_20190615_155613_155638_VV_35,S1B_IW_GRDH_1SDV_20190615T155613_20190615T155638_016709_01F729_3F2F.SAFE,2019-06-15T15:56:13
nw-1028-06-000116,nw-1028-06-000116.jpg,images/nw-1028-06-000116.jpg,nw,0,water,,0,640,640,S1_20190622_035930_040110_VV_27,S1A_IW_GRDH_1SDV_20190622T035930_20190622T035955_027787_0322FB_55D3.SAFE,2019-06-22T03:59:30
nw-1029-06-000117,nw-1029-06-000117.jpg,images/nw-1029-06-000117.jpg,nw,0,water,,0,640,640,S1_20190622_035930_040110_VV_97,S1A_IW_GRDH_1SDV_20190622T035955_20190622T040020_027787_0322FB_5391.SAFE,2019-06-22T03:59:30
nw-1030-06-000118,nw-1030-06-000118.jpg,images/nw-1030-06-000118.jpg,nw,0,water,,0,640,640,S1_20190622_154749_154929_VV_24,S1B_IW_GRDH_1SDV_20190622T154904_20190622T154929_016811_01FA2F_B265.SAFE,2019-06-22T15:47:49
nw-1031-06-000119,nw-1031-06-000119.jpg,images/nw-1031-06-000119.jpg,nw,0,water,,0,640,640,S1_20190623_154011_154151_VV_125,S1A_IW_GRDH_1SDV_20190623T154126_20190623T154151_027809_0323A6_DF6C.SAFE,2019-06-23T15:40:11
nw-1032-06-000120,nw-1032-06-000120.jpg,images/nw-1032-06-000120.jpg,nw,0,water,,0,640,640,S1_20190623_154011_154151_VV_86,S1A_IW_GRDH_1SDV_20190623T154126_20190623T154151_027809_0323A6_DF6C.SAFE,2019-06-23T15:40:11
nw-1033-06-000121,nw-1033-06-000121.jpg,images/nw-1033-06-000121.jpg,nw,0,water,,0,640,640,S1_20190701_033458_033638_VV_19,S1A_IW_GRDH_1SDV_20190701T033458_20190701T033523_027918_0326E9_C8FD.SAFE,2019-07-01T03:34:58
nw-1034-06-000122,nw-1034-06-000122.jpg,images/nw-1034-06-000122.jpg,nw,0,water,,0,640,640,S1_20190709_155646_155740_VV_9,S1B_IW_GRDH_1SDV_20190709T155715_20190709T155740_017059_020187_FF25.SAFE,2019-07-09T15:56:46
nw-1035-06-000123,nw-1035-06-000123.jpg,images/nw-1035-06-000123.jpg,nw,0,water,,0,640,640,S1_20190716_035932_040112_VV_124,S1A_IW_GRDH_1SDV_20190716T040047_20190716T040112_028137_032D90_BD5F.SAFE,2019-07-16T03:59:32
nw-1036-06-000124,nw-1036-06-000124.jpg,images/nw-1036-06-000124.jpg,nw,0,water,,0,640,640,S1_20190716_154751_154931_VV_77,S1B_IW_GRDH_1SDV_20190716T154816_20190716T154841_017161_020487_EEF7.SAFE,2019-07-16T15:47:51
nw-1037-06-000125,nw-1037-06-000125.jpg,images/nw-1037-06-000125.jpg,nw,0,water,,0,640,640,S1_20190722_154841_155021_VV_79,S1A_IW_GRDH_1SDV_20190722T154956_20190722T155021_028232_033073_31CC.SAFE,2019-07-22T15:48:41
nw-1038-06-000126,nw-1038-06-000126.jpg,images/nw-1038-06-000126.jpg,nw,0,water,,0,640,640,S1_20190730_153133_153313_VV_436,S1B_IW_GRDH_1SDV_20190730T153248_20190730T153313_017365_020A74_DD3A.SAFE,2019-07-30T15:31:33
nw-1039-06-000127,nw-1039-06-000127.jpg,images/nw-1039-06-000127.jpg,nw,0,water,,0,640,640,S1_20190811_034304_034444_VV_47,S1A_IW_GRDH_1SDV_20190811T034329_20190811T034354_028516_03394F_7B91.SAFE,2019-08-11T03:43:04
nw-1040-06-000128,nw-1040-06-000128.jpg,images/nw-1040-06-000128.jpg,nw,0,water,,0,640,640,S1_20190815_035857_040036_VV_42,S1B_IW_GRDH_1SDV_20190815T040012_20190815T040036_017591_021171_D62F.SAFE,2019-08-15T03:58:57
nw-1041-06-000129,nw-1041-06-000129.jpg,images/nw-1041-06-000129.jpg,nw,0,water,,0,640,640,S1_20190821_035934_040114_VV_24,S1A_IW_GRDH_1SDV_20190821T040024_20190821T040049_028662_033E63_3BDB.SAFE,2019-08-21T03:59:34
nw-1042-06-000130,nw-1042-06-000130.jpg,images/nw-1042-06-000130.jpg,nw,0,water,,0,640,640,S1_20190822_154015_154155_VV_101,S1A_IW_GRDH_1SDV_20190822T154130_20190822T154155_028684_033F1B_7F0B.SAFE,2019-08-22T15:40:15
nw-1043-06-000131,nw-1043-06-000131.jpg,images/nw-1043-06-000131.jpg,nw,0,water,,0,640,640,S1_20190822_154015_154155_VV_112,S1A_IW_GRDH_1SDV_20190822T154130_20190822T154155_028684_033F1B_7F0B.SAFE,2019-08-22T15:40:15
nw-1044-06-000132,nw-1044-06-000132.jpg,images/nw-1044-06-000132.jpg,nw,0,water,,0,640,640,S1_20190906_160457_160637_VV_39,S1A_IW_GRDH_1SDV_20190906T160612_20190906T160637_028903_0346CC_B498.SAFE;S1A_IW_GRDH_1SDV_20190906T160547_20190906T160612_028903_0346CC_6FD4.SAFE,2019-09-06T16:04:57
nw-1045-06-000133,nw-1045-06-000133.jpg,images/nw-1045-06-000133.jpg,nw,0,water,,0,640,640,S1_20190926_035936_040116_VV_163,S1A_IW_GRDH_1SDV_20190926T040051_20190926T040116_029187_035080_972D.SAFE,2019-09-26T03:59:36
nw-1046-06-000134,nw-1046-06-000134.jpg,images/nw-1046-06-000134.jpg,nw,0,water,,0,640,640,S1_20190926_035936_040116_VV_217,S1A_IW_GRDH_1SDV_20190926T040026_20190926T040051_029187_035080_F816.SAFE,2019-09-26T03:59:36
nw-1047-06-000135,nw-1047-06-000135.jpg,images/nw-1047-06-000135.jpg,nw,0,water,,0,640,640,S1_20190926_035936_040116_VV_222,S1A_IW_GRDH_1SDV_20190926T040026_20190926T040051_029187_035080_F816.SAFE,2019-09-26T03:59:36
nw-1048-06-000136,nw-1048-06-000136.jpg,images/nw-1048-06-000136.jpg,nw,0,water,,0,640,640,S1_20190926_154755_154935_VV_145,S1B_IW_GRDH_1SDV_20190926T154910_20190926T154935_018211_0224A2_D216.SAFE,2019-09-26T15:47:55
nw-1049-06-000137,nw-1049-06-000137.jpg,images/nw-1049-06-000137.jpg,nw,0,water,,0,640,640,S1_20190926_154755_154935_VV_165,S1B_IW_GRDH_1SDV_20190926T154820_20190926T154845_018211_0224A2_1533.SAFE,2019-09-26T15:47:55
nw-1050-06-000138,nw-1050-06-000138.jpg,images/nw-1050-06-000138.jpg,nw,0,water,,0,640,640,S1_20190930_160458_160638_VV_54,S1A_IW_GRDH_1SDV_20190930T160613_20190930T160638_029253_0352E1_768B.SAFE,2019-09-30T16:04:58
nw-1051-06-000139,nw-1051-06-000139.jpg,images/nw-1051-06-000139.jpg,nw,0,water,,0,640,640,S1_20191002_035859_040038_VV_212,S1B_IW_GRDH_1SDV_20191002T035924_20191002T035949_018291_022738_4C40.SAFE,2019-10-02T03:58:59
nw-1052-06-000140,nw-1052-06-000140.jpg,images/nw-1052-06-000140.jpg,nw,0,water,,0,640,640,S1_20191002_035859_040038_VV_216,S1B_IW_GRDH_1SDV_20191002T035924_20191002T035949_018291_022738_4C40.SAFE,2019-10-02T03:58:59
nw-1053-06-000141,nw-1053-06-000141.jpg,images/nw-1053-06-000141.jpg,nw,0,water,,0,640,640,S1_20191002_154845_155025_VV_71,S1A_IW_GRDH_1SDV_20191002T154935_20191002T155000_029282_0353D1_AD9D.SAFE,2019-10-02T15:48:45
nw-1054-06-000142,nw-1054-06-000142.jpg,images/nw-1054-06-000142.jpg,nw,0,water,,0,640,640,S1_20191003_035126_035307_VV_97,S1A_IW_GRDH_1SDV_20191003T035151_20191003T035216_029289_035408_EF44.SAFE,2019-10-03T03:51:26
nw-1055-06-000143,nw-1055-06-000143.jpg,images/nw-1055-06-000143.jpg,nw,0,water,,0,640,640,S1_20191003_153951_154106_VV_74,S1B_IW_GRDH_1SDV_20191003T154016_20191003T154041_018313_0227F5_C52B.SAFE,2019-10-03T15:39:51
nw-1056-06-000144,nw-1056-06-000144.jpg,images/nw-1056-06-000144.jpg,nw,0,water,,0,640,640,S1_20191004_034227_034407_VV_206,S1B_IW_GRDH_1SDV_20191004T034252_20191004T034317_018320_02282B_B1FB.SAFE,2019-10-04T03:42:27
nw-1057-06-000145,nw-1057-06-000145.jpg,images/nw-1057-06-000145.jpg,nw,0,water,,0,640,640,S1_20191008_154754_154934_VV_188,S1B_IW_GRDH_1SDV_20191008T154909_20191008T154934_018386_022A2C_AF1F.SAFE,2019-10-08T15:47:54
nw-1058-06-000146,nw-1058-06-000146.jpg,images/nw-1058-06-000146.jpg,nw,0,water,,0,640,640,S1_20191008_154754_154934_VV_73,S1B_IW_GRDH_1SDV_20191008T154819_20191008T154844_018386_022A2C_14D5.SAFE,2019-10-08T15:47:54
nw-1059-06-000147,nw-1059-06-000147.jpg,images/nw-1059-06-000147.jpg,nw,0,water,,0,640,640,S1_20191009_154016_154156_VV_32,S1A_IW_GRDH_1SDV_20191009T154131_20191009T154156_029384_035749_9F6C.SAFE,2019-10-09T15:40:16
nw-1060-06-000148,nw-1060-06-000148.jpg,images/nw-1060-06-000148.jpg,nw,0,water,,0,640,640,S1_20191014_154845_155025_VV_143,S1A_IW_GRDH_1SDV_20191014T154910_20191014T154935_029457_0359DE_77C2.SAFE;S1A_IW_GRDH_1SDV_20191014T154845_20191014T154910_029457_0359DE_D1AE.SAFE,2019-10-14T15:48:45
nw-1061-06-000149,nw-1061-06-000149.jpg,images/nw-1061-06-000149.jpg,nw,0,water,,0,640,640,S1_20191015_035126_035307_VV_165,S1A_IW_GRDH_1SDV_20191015T035216_20191015T035241_029464_035A19_207B.SAFE,2019-10-15T03:51:26
nw-1062-06-000150,nw-1062-06-000150.jpg,images/nw-1062-06-000150.jpg,nw,0,water,,0,640,640,S1_20191015_035126_035307_VV_82,S1A_IW_GRDH_1SDV_20191015T035216_20191015T035241_029464_035A19_207B.SAFE,2019-10-15T03:51:26
nw-1063-06-000151,nw-1063-06-000151.jpg,images/nw-1063-06-000151.jpg,nw,0,water,,0,640,640,S1_20191019_155647_155827_VV_122,S1A_IW_GRDH_1SDV_20191019T155737_20191019T155802_029530_035C5B_E72A.SAFE,2019-10-19T15:56:47
nw-1064-06-000152,nw-1064-06-000152.jpg,images/nw-1064-06-000152.jpg,nw,0,water,,0,640,640,S1_20191019_155647_155827_VV_94,S1A_IW_GRDH_1SDV_20191019T155712_20191019T155737_029530_035C5B_D123.SAFE,2019-10-19T15:56:47
nw-1065-06-000153,nw-1065-06-000153.jpg,images/nw-1065-06-000153.jpg,nw,0,water,,0,640,640,S1_20191020_154755_154935_VV_1,S1B_IW_GRDH_1SDV_20191020T154820_20191020T154845_018561_022F8C_E7C6.SAFE,2019-10-20T15:47:55
nw-1066-06-000154,nw-1066-06-000154.jpg,images/nw-1066-06-000154.jpg,nw,0,water,,0,640,640,S1_20191020_154755_154935_VV_125,S1B_IW_GRDH_1SDV_20191020T154910_20191020T154935_018561_022F8C_14B1.SAFE,2019-10-20T15:47:55
nw-1067-06-000155,nw-1067-06-000155.jpg,images/nw-1067-06-000155.jpg,nw,0,water,,0,640,640,S1_20191021_154016_154156_VV_101,S1A_IW_GRDH_1SDV_20191021T154106_20191021T154131_029559_035D56_48DB.SAFE,2019-10-21T15:40:16
nw-1068-06-000156,nw-1068-06-000156.jpg,images/nw-1068-06-000156.jpg,nw,0,water,,0,640,640,S1_20191031_155647_155827_VV_42,S1A_IW_GRDH_1SDV_20191031T155737_20191031T155802_029705_036271_CAC2.SAFE;S1A_IW_GRDH_1SDV_20191031T155712_20191031T155737_029705_036271_F756.SAFE,2019-10-31T15:56:47
nw-1069-06-000157,nw-1069-06-000157.jpg,images/nw-1069-06-000157.jpg,nw,0,water,,0,640,640,S1_20191107_154845_155025_VV_1,S1A_IW_GRDH_1SDV_20191107T154935_20191107T155000_029807_03660E_C039.SAFE,2019-11-07T15:48:45
nw-1070-06-000158,nw-1070-06-000158.jpg,images/nw-1070-06-000158.jpg,nw,0,water,,0,640,640,S1_20191108_035126_035307_VV_114,S1A_IW_GRDH_1SDV_20191108T035241_20191108T035307_029814_03664C_D351.SAFE,2019-11-08T03:51:26
nw-1071-06-000159,nw-1071-06-000159.jpg,images/nw-1071-06-000159.jpg,nw,0,water,,0,640,640,S1_20191119_154845_155025_VV_152,S1A_IW_GRDH_1SDV_20191119T155000_20191119T155025_029982_036C1D_0E50.SAFE,2019-11-19T15:48:45
nw-1072-06-000160,nw-1072-06-000160.jpg,images/nw-1072-06-000160.jpg,nw,0,water,,0,640,640,S1_20191207_154754_154934_VV_257,S1B_IW_GRDH_1SDV_20191207T154909_20191207T154934_019261_0245D7_07B0.SAFE,2019-12-07T15:47:54
nw-1073-06-000161,nw-1073-06-000161.jpg,images/nw-1073-06-000161.jpg,nw,0,water,,0,640,640,S1_20191219_154753_154933_VV_119,S1B_IW_GRDH_1SDV_20191219T154843_20191219T154908_019436_024B6B_D265.SAFE,2019-12-19T15:47:53
nw-1074-06-000162,nw-1074-06-000162.jpg,images/nw-1074-06-000162.jpg,nw,0,water,,0,640,640,S1_20191219_154753_154933_VV_287,S1B_IW_GRDH_1SDV_20191219T154843_20191219T154908_019436_024B6B_D265.SAFE,2019-12-19T15:47:53
nw-1075-06-000163,nw-1075-06-000163.jpg,images/nw-1075-06-000163.jpg,nw,0,water,,0,640,640,S1_20191219_154753_154933_VV_297,S1B_IW_GRDH_1SDV_20191219T154843_20191219T154908_019436_024B6B_D265.SAFE,2019-12-19T15:47:53
nw-1076-06-000164,nw-1076-06-000164.jpg,images/nw-1076-06-000164.jpg,nw,0,water,,0,640,640,S1_20191220_035048_035227_VV_262,S1B_IW_GRDH_1SDV_20191220T035048_20191220T035113_019443_024BA5_28B4.SAFE,2019-12-20T03:50:48
nw-1077-06-000165,nw-1077-06-000165.jpg,images/nw-1077-06-000165.jpg,nw,0,water,,0,640,640,S1_20191220_154015_154155_VV_398,S1A_IW_GRDH_1SDV_20191220T154130_20191220T154155_030434_037BB3_2D8A.SAFE,2019-12-20T15:40:15
nw-1078-06-000166,nw-1078-06-000166.jpg,images/nw-1078-06-000166.jpg,nw,0,water,,0,640,640,S1_20191221_034305_034445_VV_48,S1A_IW_GRDH_1SDV_20191221T034305_20191221T034330_030441_037BF3_7BCE.SAFE,2019-12-21T03:43:05
nw-1079-07-000001,nw-1079-07-000001.jpg,images/nw-1079-07-000001.jpg,nw,0,water,,0,640,640,S1_20190104_155638_155818_VV_131,S1A_IW_GRDH_1SDV_20190104T155753_20190104T155818_025330_02CD9D_5240.SAFE,2019-01-04T15:56:38
nw-1080-07-000002,nw-1080-07-000002.jpg,images/nw-1080-07-000002.jpg,nw,0,water,,0,640,640,S1_20190105_035928_040108_VV_119,S1A_IW_GRDH_1SDV_20190105T035953_20190105T040018_025337_02CDDA_4FB0.SAFE,2019-01-05T03:59:28
nw-1081-07-000003,nw-1081-07-000003.jpg,images/nw-1081-07-000003.jpg,nw,0,water,,0,640,640,S1_20190111_154836_155016_VV_141,S1A_IW_GRDH_1SDV_20190111T154951_20190111T155016_025432_02D14A_C237.SAFE,2019-01-11T15:48:36
nw-1082-07-000004,nw-1082-07-000004.jpg,images/nw-1082-07-000004.jpg,nw,0,water,,0,640,640,S1_20190112_153943_154058_VV_71,S1B_IW_GRDH_1SDV_20190112T154008_20190112T154033_014463_01AEE6_BC6A.SAFE,2019-01-12T15:39:43
nw-1083-07-000005,nw-1083-07-000005.jpg,images/nw-1083-07-000005.jpg,nw,0,water,,0,640,640,S1_20190117_154746_154926_VV_30,S1B_IW_GRDH_1SDV_20190117T154836_20190117T154901_014536_01B131_45B2.SAFE,2019-01-17T15:47:46
nw-1084-07-000006,nw-1084-07-000006.jpg,images/nw-1084-07-000006.jpg,nw,0,water,,0,640,640,S1_20190118_154008_154148_VV_17,S1A_IW_GRDH_1SDV_20190118T154058_20190118T154123_025534_02D4F3_3A0C.SAFE,2019-01-18T15:40:08
nw-1085-07-000007,nw-1085-07-000007.jpg,images/nw-1085-07-000007.jpg,nw,0,water,,0,640,640,S1_20190118_154008_154148_VV_79,S1A_IW_GRDH_1SDV_20190118T154058_20190118T154123_025534_02D4F3_3A0C.SAFE;S1A_IW_GRDH_1SDV_20190118T154033_20190118T154058_025534_02D4F3_C962.SAFE,2019-01-18T15:40:08
nw-1086-07-000008,nw-1086-07-000008.jpg,images/nw-1086-07-000008.jpg,nw,0,water,,0,640,640,S1_20190119_034258_034438_VV_171,S1A_IW_GRDH_1SDV_20190119T034348_20190119T034413_025541_02D53C_EE42.SAFE,2019-01-19T03:42:58
nw-1087-07-000009,nw-1087-07-000009.jpg,images/nw-1087-07-000009.jpg,nw,0,water,,0,640,640,S1_20190119_034258_034438_VV_30,S1A_IW_GRDH_1SDV_20190119T034258_20190119T034323_025541_02D53C_2934.SAFE,2019-01-19T03:42:58
nw-1088-07-000010,nw-1088-07-000010.jpg,images/nw-1088-07-000010.jpg,nw,0,water,,0,640,640,S1_20190121_160449_160629_VV_4,S1A_IW_GRDH_1SDV_20190121T160514_20190121T160539_025578_02D6AC_7E52.SAFE,2019-01-21T16:04:49
nw-1089-07-000011,nw-1089-07-000011.jpg,images/nw-1089-07-000011.jpg,nw,0,water,,0,640,640,S1_20190122_155641_155735_VV_2,S1B_IW_GRDH_1SDV_20190122T155641_20190122T155710_014609_01B38C_DBD6.SAFE,2019-01-22T15:56:41
nw-1090-07-000012,nw-1090-07-000012.jpg,images/nw-1090-07-000012.jpg,nw,0,water,,0,640,640,S1_20190123_035850_040029_VV_36,S1B_IW_GRDH_1SDV_20190123T035850_20190123T035915_014616_01B3CB_4179.SAFE,2019-01-23T03:58:50
nw-1091-07-000013,nw-1091-07-000013.jpg,images/nw-1091-07-000013.jpg,nw,0,water,,0,640,640,S1_20190123_035850_040029_VV_54,S1B_IW_GRDH_1SDV_20190123T035915_20190123T035940_014616_01B3CB_38CE.SAFE;S1B_IW_GRDH_1SDV_20190123T035850_20190123T035915_014616_01B3CB_4179.SAFE,2019-01-23T03:58:50
nw-1092-07-000014,nw-1092-07-000014.jpg,images/nw-1092-07-000014.jpg,nw,0,water,,0,640,640,S1_20190123_035850_040029_VV_81,S1B_IW_GRDH_1SDV_20190123T035915_20190123T035940_014616_01B3CB_38CE.SAFE,2019-01-23T03:58:50
nw-1093-07-000015,nw-1093-07-000015.jpg,images/nw-1093-07-000015.jpg,nw,0,water,,0,640,640,S1_20190127_160405_160545_VV_49,S1B_IW_GRDH_1SDV_20190127T160520_20190127T160545_014682_01B5E9_2D4B.SAFE,2019-01-27T16:04:05
nw-1094-07-000016,nw-1094-07-000016.jpg,images/nw-1094-07-000016.jpg,nw,0,water,,0,640,640,S1_20190204_154835_155015_VV_48,S1A_IW_GRDH_1SDV_20190204T154950_20190204T155015_025782_02DE08_D834.SAFE;S1A_IW_GRDH_1SDV_20190204T154925_20190204T154950_025782_02DE08_E4AA.SAFE,2019-02-04T15:48:35
nw-1095-07-000017,nw-1095-07-000017.jpg,images/nw-1095-07-000017.jpg,nw,0,water,,0,640,640,S1_20190205_035116_035258_VV_48,S1A_IW_GRDH_1SDV_20190205T035116_20190205T035141_025789_02DE41_13F2.SAFE,2019-02-05T03:51:16
nw-1096-07-000018,nw-1096-07-000018.jpg,images/nw-1096-07-000018.jpg,nw,0,water,,0,640,640,S1_20190212_034257_034437_VV_54,S1A_IW_GRDH_1SDV_20190212T034347_20190212T034412_025891_02E1DC_27C4.SAFE,2019-02-12T03:42:57
nw-1097-07-000019,nw-1097-07-000019.jpg,images/nw-1097-07-000019.jpg,nw,0,water,,0,640,640,S1_20190213_033408_033548_VV_35,S1B_IW_GRDH_1SDV_20190213T033433_20190213T033458_014922_01BDB4_07BD.SAFE,2019-02-13T03:34:08
nw-1098-07-000020,nw-1098-07-000020.jpg,images/nw-1098-07-000020.jpg,nw,0,water,,0,640,640,S1_20190218_153220_153335_VV_208,S1A_IW_GRDH_1SDV_20190218T153310_20190218T153335_025986_02E530_36A3.SAFE,2019-02-18T15:32:20
nw-1099-07-000021,nw-1099-07-000021.jpg,images/nw-1099-07-000021.jpg,nw,0,water,,0,640,640,S1_20190221_155637_155817_VV_27,S1A_IW_GRDH_1SDV_20190221T155727_20190221T155752_026030_02E6CF_E2B0.SAFE,2019-02-21T15:56:37
nw-1100-07-000022,nw-1100-07-000022.jpg,images/nw-1100-07-000022.jpg,nw,0,water,,0,640,640,S1_20190221_155637_155817_VV_29,S1A_IW_GRDH_1SDV_20190221T155727_20190221T155752_026030_02E6CF_E2B0.SAFE,2019-02-21T15:56:37
nw-1101-07-000023,nw-1101-07-000023.jpg,images/nw-1101-07-000023.jpg,nw,0,water,,0,640,640,S1_20190221_155637_155817_VV_33,S1A_IW_GRDH_1SDV_20190221T155727_20190221T155752_026030_02E6CF_E2B0.SAFE,2019-02-21T15:56:37
nw-1102-07-000024,nw-1102-07-000024.jpg,images/nw-1102-07-000024.jpg,nw,0,water,,0,640,640,S1_20190221_155637_155817_VV_51,S1A_IW_GRDH_1SDV_20190221T155727_20190221T155752_026030_02E6CF_E2B0.SAFE,2019-02-21T15:56:37
nw-1103-07-000025,nw-1103-07-000025.jpg,images/nw-1103-07-000025.jpg,nw,0,water,,0,640,640,S1_20190222_035926_040106_VV_122,S1A_IW_GRDH_1SDV_20190222T035951_20190222T040016_026037_02E70F_6632.SAFE,2019-02-22T03:59:26
nw-1104-07-000026,nw-1104-07-000026.jpg,images/nw-1104-07-000026.jpg,nw,0,water,,0,640,640,S1_20190223_035040_035219_VV_10,S1B_IW_GRDH_1SDV_20190223T035040_20190223T035105_015068_01C287_5EB6.SAFE,2019-02-23T03:50:40
nw-1105-07-000027,nw-1105-07-000027.jpg,images/nw-1105-07-000027.jpg,nw,0,water,,0,640,640,S1_20190223_035040_035219_VV_294,S1B_IW_GRDH_1SDV_20190223T035130_20190223T035155_015068_01C287_0DC8.SAFE,2019-02-23T03:50:40
nw-1106-07-000028,nw-1106-07-000028.jpg,images/nw-1106-07-000028.jpg,nw,0,water,,0,640,640,S1_20190223_154007_154147_VV_141,S1A_IW_GRDH_1SDV_20190223T154057_20190223T154122_026059_02E7D6_A9E6.SAFE,2019-02-23T15:40:07
nw-1107-07-000029,nw-1107-07-000029.jpg,images/nw-1107-07-000029.jpg,nw,0,water,,0,640,640,S1_20190223_154007_154147_VV_47,S1A_IW_GRDH_1SDV_20190223T154122_20190223T154147_026059_02E7D6_5BFC.SAFE;S1A_IW_GRDH_1SDV_20190223T154057_20190223T154122_026059_02E7D6_A9E6.SAFE,2019-02-23T15:40:07
nw-1108-07-000030,nw-1108-07-000030.jpg,images/nw-1108-07-000030.jpg,nw,0,water,,0,640,640,S1_20190224_034257_034437_VV_57,S1A_IW_GRDH_1SDV_20190224T034322_20190224T034347_026066_02E816_1321.SAFE,2019-02-24T03:42:57
nw-1109-07-000031,nw-1109-07-000031.jpg,images/nw-1109-07-000031.jpg,nw,0,water,,0,640,640,S1_20190308_034257_034437_VV_104,S1A_IW_GRDH_1SDV_20190308T034322_20190308T034347_026241_02EE61_CABA.SAFE,2019-03-08T03:42:57
nw-1110-07-000032,nw-1110-07-000032.jpg,images/nw-1110-07-000032.jpg,nw,0,water,,0,640,640,S1_20190308_034257_034437_VV_99,S1A_IW_GRDH_1SDV_20190308T034322_20190308T034347_026241_02EE61_CABA.SAFE,2019-03-08T03:42:57
nw-1111-07-000033,nw-1111-07-000033.jpg,images/nw-1111-07-000033.jpg,nw,0,water,,0,640,640,S1_20190312_035849_040029_VV_28,S1B_IW_GRDH_1SDV_20190312T035914_20190312T035939_015316_01CAB5_A5CE.SAFE,2019-03-12T03:58:49
nw-1112-07-000034,nw-1112-07-000034.jpg,images/nw-1112-07-000034.jpg,nw,0,water,,0,640,640,S1_20190312_035849_040029_VV_48,S1B_IW_GRDH_1SDV_20190312T035939_20190312T040004_015316_01CAB5_09EE.SAFE,2019-03-12T03:58:49
nw-1113-07-000035,nw-1113-07-000035.jpg,images/nw-1113-07-000035.jpg,nw,0,water,,0,640,640,S1_20190312_154835_155015_VV_180,S1A_IW_GRDH_1SDV_20190312T154900_20190312T154925_026307_02F0D5_5A39.SAFE,2019-03-12T15:48:35
nw-1114-07-000036,nw-1114-07-000036.jpg,images/nw-1114-07-000036.jpg,nw,0,water,,0,640,640,S1_20190312_154835_155015_VV_71,S1A_IW_GRDH_1SDV_20190312T154925_20190312T154950_026307_02F0D5_08E2.SAFE,2019-03-12T15:48:35
nw-1115-07-000037,nw-1115-07-000037.jpg,images/nw-1115-07-000037.jpg,nw,0,water,,0,640,640,S1_20190312_154835_155015_VV_82,S1A_IW_GRDH_1SDV_20190312T154925_20190312T154950_026307_02F0D5_08E2.SAFE,2019-03-12T15:48:35
nw-1116-07-000038,nw-1116-07-000038.jpg,images/nw-1116-07-000038.jpg,nw,0,water,,0,640,640,S1_20190315_033454_033634_VV_36,S1A_IW_GRDH_1SDV_20190315T033519_20190315T033544_026343_02F229_19FC.SAFE;S1A_IW_GRDH_1SDV_20190315T033454_20190315T033519_026343_02F229_357D.SAFE,2019-03-15T03:34:54
nw-1117-07-000039,nw-1117-07-000039.jpg,images/nw-1117-07-000039.jpg,nw,0,water,,0,640,640,S1_20190319_154007_154147_VV_62,S1A_IW_GRDH_1SDV_20190319T154122_20190319T154147_026409_02F495_4D5C.SAFE,2019-03-19T15:40:07
nw-1118-07-000040,nw-1118-07-000040.jpg,images/nw-1118-07-000040.jpg,nw,0,water,,0,640,640,S1_20190324_154836_155016_VV_38,S1A_IW_GRDH_1SDV_20190324T154926_20190324T154951_026482_02F74C_C245.SAFE,2019-03-24T15:48:36
nw-1119-07-000041,nw-1119-07-000041.jpg,images/nw-1119-07-000041.jpg,nw,0,water,,0,640,640,S1_20190324_154836_155016_VV_53,S1A_IW_GRDH_1SDV_20190324T154951_20190324T155016_026482_02F74C_6262.SAFE,2019-03-24T15:48:36
nw-1120-07-000042,nw-1120-07-000042.jpg,images/nw-1120-07-000042.jpg,nw,0,water,,0,640,640,S1_20190324_154836_155016_VV_58,S1A_IW_GRDH_1SDV_20190324T154951_20190324T155016_026482_02F74C_6262.SAFE,2019-03-24T15:48:36
nw-1121-07-000043,nw-1121-07-000043.jpg,images/nw-1121-07-000043.jpg,nw,0,water,,0,640,640,S1_20190325_035117_035258_VV_55,S1A_IW_GRDH_1SDV_20190325T035142_20190325T035207_026489_02F78B_D467.SAFE;S1A_IW_GRDH_1SDV_20190325T035117_20190325T035142_026489_02F78B_9B72.SAFE,2019-03-25T03:51:17
nw-1122-07-000044,nw-1122-07-000044.jpg,images/nw-1122-07-000044.jpg,nw,0,water,,0,640,640,S1_20190405_035850_040029_VV_67,S1B_IW_GRDH_1SDV_20190405T035940_20190405T040005_015666_01D628_676F.SAFE,2019-04-05T03:58:50
nw-1123-07-000045,nw-1123-07-000045.jpg,images/nw-1123-07-000045.jpg,nw,0,water,,0,640,640,S1_20190406_035117_035258_VV_51,S1A_IW_GRDH_1SDV_20190406T035117_20190406T035142_026664_02FE02_C5A5.SAFE,2019-04-06T03:51:17
nw-1124-07-000046,nw-1124-07-000046.jpg,images/nw-1124-07-000046.jpg,nw,0,water,,0,640,640,S1_20190406_035117_035258_VV_77,S1A_IW_GRDH_1SDV_20190406T035117_20190406T035142_026664_02FE02_C5A5.SAFE,2019-04-06T03:51:17
nw-1125-07-000047,nw-1125-07-000047.jpg,images/nw-1125-07-000047.jpg,nw,0,water,,0,640,640,S1_20190406_153942_154057_VV_71,S1B_IW_GRDH_1SDV_20190406T154032_20190406T154057_015688_01D6ED_B234.SAFE,2019-04-06T15:39:42
nw-1126-07-000048,nw-1126-07-000048.jpg,images/nw-1126-07-000048.jpg,nw,0,water,,0,640,640,S1_20190411_035927_040107_VV_13,S1A_IW_GRDH_1SDV_20190411T040017_20190411T040042_026737_0300A0_6CE0.SAFE,2019-04-11T03:59:27
nw-1127-07-000049,nw-1127-07-000049.jpg,images/nw-1127-07-000049.jpg,nw,0,water,,0,640,640,S1_20190412_035040_035219_VV_6,S1B_IW_GRDH_1SDV_20190412T035040_20190412T035105_015768_01D985_9F88.SAFE,2019-04-12T03:50:40
nw-1128-07-000050,nw-1128-07-000050.jpg,images/nw-1128-07-000050.jpg,nw,0,water,,0,640,640,S1_20190412_035040_035219_VV_63,S1B_IW_GRDH_1SDV_20190412T035040_20190412T035105_015768_01D985_9F88.SAFE,2019-04-12T03:50:40
nw-1129-07-000051,nw-1129-07-000051.jpg,images/nw-1129-07-000051.jpg,nw,0,water,,0,640,640,S1_20190412_035040_035219_VV_80,S1B_IW_GRDH_1SDV_20190412T035040_20190412T035105_015768_01D985_9F88.SAFE,2019-04-12T03:50:40
nw-1130-07-000052,nw-1130-07-000052.jpg,images/nw-1130-07-000052.jpg,nw,0,water,,0,640,640,S1_20190413_034257_034437_VV_15,S1A_IW_GRDH_1SDV_20190413T034257_20190413T034322_026766_0301B4_A807.SAFE,2019-04-13T03:42:57
nw-1131-07-000053,nw-1131-07-000053.jpg,images/nw-1131-07-000053.jpg,nw,0,water,,0,640,640,S1_20190424_035041_035220_VV_23,S1B_IW_GRDH_1SDV_20190424T035041_20190424T035106_015943_01DF52_4650.SAFE,2019-04-24T03:50:41
nw-1132-07-000054,nw-1132-07-000054.jpg,images/nw-1132-07-000054.jpg,nw,0,water,,0,640,640,S1_20190424_035041_035220_VV_63,S1B_IW_GRDH_1SDV_20190424T035041_20190424T035106_015943_01DF52_4650.SAFE,2019-04-24T03:50:41
nw-1133-07-000055,nw-1133-07-000055.jpg,images/nw-1133-07-000055.jpg,nw,0,water,,0,640,640,S1_20190425_034258_034438_VV_107,S1A_IW_GRDH_1SDV_20190425T034258_20190425T034323_026941_030806_D45F.SAFE,2019-04-25T03:42:58
nw-1134-07-000056,nw-1134-07-000056.jpg,images/nw-1134-07-000056.jpg,nw,0,water,,0,640,640,S1_20190426_033409_033549_VV_32,S1B_IW_GRDH_1SDV_20190426T033409_20190426T033434_015972_01E03C_2784.SAFE,2019-04-26T03:34:09
nw-1135-07-000057,nw-1135-07-000057.jpg,images/nw-1135-07-000057.jpg,nw,0,water,,0,640,640,S1_20190429_035851_040030_VV_105,S1B_IW_GRDH_1SDV_20190429T035916_20190429T035941_016016_01E1C8_BA61.SAFE;S1B_IW_GRDH_1SDV_20190429T035851_20190429T035916_016016_01E1C8_1C16.SAFE,2019-04-29T03:58:51
nw-1136-07-000058,nw-1136-07-000058.jpg,images/nw-1136-07-000058.jpg,nw,0,water,,0,640,640,S1_20190429_154837_155017_VV_157,S1A_IW_GRDH_1SDV_20190429T154952_20190429T155017_027007_030A73_3AD5.SAFE,2019-04-29T15:48:37
nw-1137-07-000059,nw-1137-07-000059.jpg,images/nw-1137-07-000059.jpg,nw,0,water,,0,640,640,S1_20190429_154837_155017_VV_35,S1A_IW_GRDH_1SDV_20190429T154902_20190429T154927_027007_030A73_CA6D.SAFE,2019-04-29T15:48:37
nw-1138-07-000060,nw-1138-07-000060.jpg,images/nw-1138-07-000060.jpg,nw,0,water,,0,640,640,S1_20190430_035118_035259_VV_173,S1A_IW_GRDH_1SDV_20190430T035118_20190430T035143_027014_030AB6_614C.SAFE,2019-04-30T03:51:18
nw-1139-07-000061,nw-1139-07-000061.jpg,images/nw-1139-07-000061.jpg,nw,0,water,,0,640,640,S1_20190430_035118_035259_VV_181,S1A_IW_GRDH_1SDV_20190430T035143_20190430T035208_027014_030AB6_4943.SAFE,2019-04-30T03:51:18
nw-1140-07-000062,nw-1140-07-000062.jpg,images/nw-1140-07-000062.jpg,nw,0,water,,0,640,640,S1_20190430_035118_035259_VV_48,S1A_IW_GRDH_1SDV_20190430T035118_20190430T035143_027014_030AB6_614C.SAFE,2019-04-30T03:51:18
nw-1141-07-000063,nw-1141-07-000063.jpg,images/nw-1141-07-000063.jpg,nw,0,water,,0,640,640,S1_20190501_034219_034359_VV_120,S1B_IW_GRDH_1SDV_20190501T034244_20190501T034309_016045_01E2CB_793F.SAFE,2019-05-01T03:42:19
nw-1142-07-000064,nw-1142-07-000064.jpg,images/nw-1142-07-000064.jpg,nw,0,water,,0,640,640,S1_20190512_035118_035259_VV_56,S1A_IW_GRDH_1SDV_20190512T035143_20190512T035208_027189_0310AB_00AD.SAFE;S1A_IW_GRDH_1SDV_20190512T035118_20190512T035143_027189_0310AB_EEF7.SAFE,2019-05-12T03:51:18
nw-1143-07-000065,nw-1143-07-000065.jpg,images/nw-1143-07-000065.jpg,nw,0,water,,0,640,640,S1_20190513_034219_034359_VV_99,S1B_IW_GRDH_1SDV_20190513T034334_20190513T034359_016220_01E86A_D898.SAFE,2019-05-13T03:42:19
nw-1144-07-000066,nw-1144-07-000066.jpg,images/nw-1144-07-000066.jpg,nw,0,water,,0,640,640,S1_20190518_154009_154149_VV_34,S1A_IW_GRDH_1SDV_20190518T154059_20190518T154124_027284_03139E_2F70.SAFE,2019-05-18T15:40:09
nw-1145-07-000067,nw-1145-07-000067.jpg,images/nw-1145-07-000067.jpg,nw,0,water,,0,640,640,S1_20190519_034259_034439_VV_26,S1A_IW_GRDH_1SDV_20190519T034259_20190519T034324_027291_0313E1_D2CA.SAFE,2019-05-19T03:42:59
nw-1146-07-000068,nw-1146-07-000068.jpg,images/nw-1146-07-000068.jpg,nw,0,water,,0,640,640,S1_20190524_035119_035300_VV_301,S1A_IW_GRDH_1SDV_20190524T035234_20190524T035300_027364_031625_7F1D.SAFE;S1A_IW_GRDH_1SDV_20190524T035209_20190524T035234_027364_031625_B50F.SAFE,2019-05-24T03:51:19
nw-1147-07-000069,nw-1147-07-000069.jpg,images/nw-1147-07-000069.jpg,nw,0,water,,0,640,640,S1_20190524_035119_035300_VV_95,S1A_IW_GRDH_1SDV_20190524T035144_20190524T035209_027364_031625_287A.SAFE,2019-05-24T03:51:19
nw-1148-07-000070,nw-1148-07-000070.jpg,images/nw-1148-07-000070.jpg,nw,0,water,,0,640,640,S1_20190527_160407_160547_VV_20,S1B_IW_GRDH_1SDV_20190527T160457_20190527T160522_016432_01EEE6_4F2E.SAFE,2019-05-27T16:04:07
nw-1149-07-000071,nw-1149-07-000071.jpg,images/nw-1149-07-000071.jpg,nw,0,water,,0,640,640,S1_20190527_160407_160547_VV_204,S1B_IW_GRDH_1SDV_20190527T160522_20190527T160547_016432_01EEE6_9F08.SAFE,2019-05-27T16:04:07
nw-1150-07-000072,nw-1150-07-000072.jpg,images/nw-1150-07-000072.jpg,nw,0,water,,0,640,640,S1_20190529_035929_040109_VV_123,S1A_IW_GRDH_1SDV_20190529T040044_20190529T040109_027437_031860_7B6B.SAFE,2019-05-29T03:59:29
nw-1151-07-000073,nw-1151-07-000073.jpg,images/nw-1151-07-000073.jpg,nw,0,water,,0,640,640,S1_20190529_035929_040109_VV_13,S1A_IW_GRDH_1SDV_20190529T035929_20190529T035954_027437_031860_5BEE.SAFE,2019-05-29T03:59:29
nw-1152-07-000074,nw-1152-07-000074.jpg,images/nw-1152-07-000074.jpg,nw,0,water,,0,640,640,S1_20190530_154010_154150_VV_92,S1A_IW_GRDH_1SDV_20190530T154125_20190530T154150_027459_031913_1260.SAFE,2019-05-30T15:40:10
nw-1153-07-000075,nw-1153-07-000075.jpg,images/nw-1153-07-000075.jpg,nw,0,water,,0,640,640,S1_20190605_035119_035301_VV_47,S1A_IW_GRDH_1SDV_20190605T035119_20190605T035144_027539_031B8E_1D5C.SAFE,2019-06-05T03:51:19
nw-1154-07-000076,nw-1154-07-000076.jpg,images/nw-1154-07-000076.jpg,nw,0,water,,0,640,640,S1_20190606_034221_034401_VV_16,S1B_IW_GRDH_1SDV_20190606T034221_20190606T034246_016570_01F315_3379.SAFE,2019-06-06T03:42:21
nw-1155-07-000077,nw-1155-07-000077.jpg,images/nw-1155-07-000077.jpg,nw,0,water,,0,640,640,S1_20190609_155640_155820_VV_81,S1A_IW_GRDH_1SDV_20190609T155730_20190609T155755_027605_031D91_51DD.SAFE,2019-06-09T15:56:40
nw-1156-07-000078,nw-1156-07-000078.jpg,images/nw-1156-07-000078.jpg,nw,0,water,,0,640,640,S1_20190610_035930_040110_VV_158,S1A_IW_GRDH_1SDV_20190610T035930_20190610T035955_027612_031DBE_CF47.SAFE,2019-06-10T03:59:30
nw-1157-07-000079,nw-1157-07-000079.jpg,images/nw-1157-07-000079.jpg,nw,0,water,,0,640,640,S1_20190610_154748_154928_VV_34,S1B_IW_GRDH_1SDV_20190610T154813_20190610T154838_016636_01F4FD_EE80.SAFE,2019-06-10T15:47:48
nw-1158-07-000080,nw-1158-07-000080.jpg,images/nw-1158-07-000080.jpg,nw,0,water,,0,640,640,S1_20190611_035043_035222_VV_99,S1B_IW_GRDH_1SDV_20190611T035133_20190611T035158_016643_01F530_8193.SAFE,2019-06-11T03:50:43
nw-1159-07-000081,nw-1159-07-000081.jpg,images/nw-1159-07-000081.jpg,nw,0,water,,0,640,640,S1_20190611_154010_154150_VV_31,S1A_IW_GRDH_1SDV_20190611T154125_20190611T154150_027634_031E6E_BCB3.SAFE,2019-06-11T15:40:10
nw-1160-07-000082,nw-1160-07-000082.jpg,images/nw-1160-07-000082.jpg,nw,0,water,,0,640,640,S1_20190611_154010_154150_VV_85,S1A_IW_GRDH_1SDV_20190611T154125_20190611T154150_027634_031E6E_BCB3.SAFE,2019-06-11T15:40:10
nw-1161-07-000083,nw-1161-07-000083.jpg,images/nw-1161-07-000083.jpg,nw,0,water,,0,640,640,S1_20190612_034300_034440_VV_167,S1A_IW_GRDH_1SDV_20190612T034325_20190612T034350_027641_031EA9_55D4.SAFE;S1A_IW_GRDH_1SDV_20190612T034300_20190612T034325_027641_031EA9_7D1B.SAFE,2019-06-12T03:43:00
nw-1162-07-000084,nw-1162-07-000084.jpg,images/nw-1162-07-000084.jpg,nw,0,water,,0,640,640,S1_20190615_155644_155738_VV_6,S1B_IW_GRDH_1SDV_20190615T155713_20190615T155738_016709_01F72A_DCE9.SAFE,2019-06-15T15:56:44
nw-1163-07-000085,nw-1163-07-000085.jpg,images/nw-1163-07-000085.jpg,nw,0,water,,0,640,640,S1_20190616_035853_040032_VV_3,S1B_IW_GRDH_1SDV_20190616T035853_20190616T035918_016716_01F766_7932.SAFE,2019-06-16T03:58:53
nw-1164-07-000086,nw-1164-07-000086.jpg,images/nw-1164-07-000086.jpg,nw,0,water,,0,640,640,S1_20190616_035853_040032_VV_32,S1B_IW_GRDH_1SDV_20190616T035853_20190616T035918_016716_01F766_7932.SAFE,2019-06-16T03:58:53
nw-1165-07-000087,nw-1165-07-000087.jpg,images/nw-1165-07-000087.jpg,nw,0,water,,0,640,640,S1_20190616_035853_040032_VV_4,S1B_IW_GRDH_1SDV_20190616T035853_20190616T035918_016716_01F766_7932.SAFE,2019-06-16T03:58:53
nw-1166-07-000088,nw-1166-07-000088.jpg,images/nw-1166-07-000088.jpg,nw,0,water,,0,640,640,S1_20190616_154839_155019_VV_15,S1A_IW_GRDH_1SDV_20190616T154929_20190616T154954_027707_0320A3_F570.SAFE,2019-06-16T15:48:39
nw-1167-07-000089,nw-1167-07-000089.jpg,images/nw-1167-07-000089.jpg,nw,0,water,,0,640,640,S1_20190617_035120_035301_VV_62,S1A_IW_GRDH_1SDV_20190617T035145_20190617T035210_027714_0320D5_4009.SAFE,2019-06-17T03:51:20
nw-1168-07-000090,nw-1168-07-000090.jpg,images/nw-1168-07-000090.jpg,nw,0,water,,0,640,640,S1_20190617_035120_035301_VV_63,S1A_IW_GRDH_1SDV_20190617T035145_20190617T035210_027714_0320D5_4009.SAFE,2019-06-17T03:51:20
nw-1169-07-000091,nw-1169-07-000091.jpg,images/nw-1169-07-000091.jpg,nw,0,water,,0,640,640,S1_20190623_035044_035223_VV_44,S1B_IW_GRDH_1SDV_20190623T035044_20190623T035109_016818_01FA62_8090.SAFE,2019-06-23T03:50:44
nw-1170-07-000092,nw-1170-07-000092.jpg,images/nw-1170-07-000092.jpg,nw,0,water,,0,640,640,S1_20190625_033412_033552_VV_33,S1B_IW_GRDH_1SDV_20190625T033437_20190625T033502_016847_01FB31_FE1D.SAFE;S1B_IW_GRDH_1SDV_20190625T033412_20190625T033437_016847_01FB31_D537.SAFE,2019-06-25T03:34:12
nw-1171-07-000093,nw-1171-07-000093.jpg,images/nw-1171-07-000093.jpg,nw,0,water,,0,640,640,S1_20190709_155646_155740_VV_39,S1B_IW_GRDH_1SDV_20190709T155715_20190709T155740_017059_020187_FF25.SAFE,2019-07-09T15:56:46
nw-1172-07-000094,nw-1172-07-000094.jpg,images/nw-1172-07-000094.jpg,nw,0,water,,0,640,640,S1_20190711_035121_035303_VV_29,S1A_IW_GRDH_1SDV_20190711T035121_20190711T035146_028064_032B5E_8132.SAFE,2019-07-11T03:51:21
nw-1173-07-000095,nw-1173-07-000095.jpg,images/nw-1173-07-000095.jpg,nw,0,water,,0,640,640,S1_20190716_154751_154931_VV_28,S1B_IW_GRDH_1SDV_20190716T154816_20190716T154841_017161_020487_EEF7.SAFE,2019-07-16T15:47:51
nw-1174-07-000096,nw-1174-07-000096.jpg,images/nw-1174-07-000096.jpg,nw,0,water,,0,640,640,S1_20190723_035122_035304_VV_31,S1A_IW_GRDH_1SDV_20190723T035122_20190723T035147_028239_0330A7_4635.SAFE,2019-07-23T03:51:22
nw-1175-07-000097,nw-1175-07-000097.jpg,images/nw-1175-07-000097.jpg,nw,0,water,,0,640,640,S1_20190803_035856_040035_VV_18,S1B_IW_GRDH_1SDV_20190803T035856_20190803T035921_017416_020C16_EF88.SAFE,2019-08-03T03:58:56
nw-1176-07-000098,nw-1176-07-000098.jpg,images/nw-1176-07-000098.jpg,nw,0,water,,0,640,640,S1_20190803_035856_040035_VV_93,S1B_IW_GRDH_1SDV_20190803T035921_20190803T035946_017416_020C16_3D40.SAFE;S1B_IW_GRDH_1SDV_20190803T035856_20190803T035921_017416_020C16_EF88.SAFE,2019-08-03T03:58:56
nw-1177-07-000099,nw-1177-07-000099.jpg,images/nw-1177-07-000099.jpg,nw,0,water,,0,640,640,S1_20190805_034224_034404_VV_20,S1B_IW_GRDH_1SDV_20190805T034224_20190805T034249_017445_020CF7_1135.SAFE,2019-08-05T03:42:24
nw-1178-07-000100,nw-1178-07-000100.jpg,images/nw-1178-07-000100.jpg,nw,0,water,,0,640,640,S1_20190809_035934_040114_VV_13,S1A_IW_GRDH_1SDV_20190809T035934_20190809T035959_028487_03384A_CBB4.SAFE,2019-08-09T03:59:34
nw-1179-07-000101,nw-1179-07-000101.jpg,images/nw-1179-07-000101.jpg,nw,0,water,,0,640,640,S1_20190814_155617_155642_VV_17,S1B_IW_GRDH_1SDV_20190814T155617_20190814T155642_017584_021133_82C5.SAFE,2019-08-14T15:56:17
nw-1180-07-000102,nw-1180-07-000102.jpg,images/nw-1180-07-000102.jpg,nw,0,water,,0,640,640,S1_20190815_154843_155023_VV_34,S1A_IW_GRDH_1SDV_20190815T154908_20190815T154933_028582_033B99_01B4.SAFE,2019-08-15T15:48:43
nw-1181-07-000103,nw-1181-07-000103.jpg,images/nw-1181-07-000103.jpg,nw,0,water,,0,640,640,S1_20190816_035124_035305_VV_82,S1A_IW_GRDH_1SDV_20190816T035124_20190816T035149_028589_033BD4_572B.SAFE,2019-08-16T03:51:24
nw-1182-07-000104,nw-1182-07-000104.jpg,images/nw-1182-07-000104.jpg,nw,0,water,,0,640,640,S1_20190821_035934_040114_VV_17,S1A_IW_GRDH_1SDV_20190821T035934_20190821T035959_028662_033E63_CBB0.SAFE,2019-08-21T03:59:34
nw-1183-07-000105,nw-1183-07-000105.jpg,images/nw-1183-07-000105.jpg,nw,0,water,,0,640,640,S1_20190821_035934_040114_VV_48,S1A_IW_GRDH_1SDV_20190821T040024_20190821T040049_028662_033E63_3BDB.SAFE,2019-08-21T03:59:34
nw-1184-07-000106,nw-1184-07-000106.jpg,images/nw-1184-07-000106.jpg,nw,0,water,,0,640,640,S1_20190821_035934_040114_VV_8,S1A_IW_GRDH_1SDV_20190821T035934_20190821T035959_028662_033E63_CBB0.SAFE,2019-08-21T03:59:34
nw-1185-07-000107,nw-1185-07-000107.jpg,images/nw-1185-07-000107.jpg,nw,0,water,,0,640,640,S1_20190823_034305_034445_VV_11,S1A_IW_GRDH_1SDV_20190823T034305_20190823T034330_028691_033F57_8F26.SAFE,2019-08-23T03:43:05
nw-1186-07-000108,nw-1186-07-000108.jpg,images/nw-1186-07-000108.jpg,nw,0,water,,0,640,640,S1_20190823_034305_034445_VV_69,S1A_IW_GRDH_1SDV_20190823T034330_20190823T034355_028691_033F57_A0BF.SAFE,2019-08-23T03:43:05
nw-1187-07-000109,nw-1187-07-000109.jpg,images/nw-1187-07-000109.jpg,nw,0,water,,0,640,640,S1_20190824_033416_033556_VV_25,S1B_IW_GRDH_1SDV_20190824T033441_20190824T033506_017722_021577_8148.SAFE;S1B_IW_GRDH_1SDV_20190824T033416_20190824T033441_017722_021577_195C.SAFE,2019-08-24T03:34:16
nw-1188-07-000110,nw-1188-07-000110.jpg,images/nw-1188-07-000110.jpg,nw,0,water,,0,640,640,S1_20190825_160456_160636_VV_14,S1A_IW_GRDH_1SDV_20190825T160546_20190825T160611_028728_0340B1_71FA.SAFE,2019-08-25T16:04:56
nw-1189-07-000111,nw-1189-07-000111.jpg,images/nw-1189-07-000111.jpg,nw,0,water,,0,640,640,S1_20190828_035124_035306_VV_26,S1A_IW_GRDH_1SDV_20190828T035124_20190828T035149_028764_0341F0_DBEB.SAFE,2019-08-28T03:51:24
nw-1190-07-000112,nw-1190-07-000112.jpg,images/nw-1190-07-000112.jpg,nw,0,water,,0,640,640,S1_20190828_035124_035306_VV_36,S1A_IW_GRDH_1SDV_20190828T035124_20190828T035149_028764_0341F0_DBEB.SAFE,2019-08-28T03:51:24
nw-1191-07-000113,nw-1191-07-000113.jpg,images/nw-1191-07-000113.jpg,nw,0,water,,0,640,640,S1_20190909_035125_035306_VV_7,S1A_IW_GRDH_1SDV_20190909T035125_20190909T035150_028939_034806_F874.SAFE,2019-09-09T03:51:25
nw-1192-07-000114,nw-1192-07-000114.jpg,images/nw-1192-07-000114.jpg,nw,0,water,,0,640,640,S1_20190915_035049_035228_VV_97,S1B_IW_GRDH_1SDV_20190915T035049_20190915T035114_018043_021F77_F12E.SAFE,2019-09-15T03:50:49
nw-1193-07-000115,nw-1193-07-000115.jpg,images/nw-1193-07-000115.jpg,nw,0,water,,0,640,640,S1_20190916_034306_034446_VV_21,S1A_IW_GRDH_1SDV_20190916T034306_20190916T034331_029041_034B8F_685E.SAFE,2019-09-16T03:43:06
nw-1194-07-000116,nw-1194-07-000116.jpg,images/nw-1194-07-000116.jpg,nw,0,water,,0,640,640,S1_20190920_154844_155024_VV_25,S1A_IW_GRDH_1SDV_20190920T154844_20190920T154909_029107_034DCE_58F5.SAFE,2019-09-20T15:48:44
nw-1195-07-000117,nw-1195-07-000117.jpg,images/nw-1195-07-000117.jpg,nw,0,water,,0,640,640,S1_20190921_035125_035307_VV_2,S1A_IW_GRDH_1SDV_20190921T035125_20190921T035150_029114_034E08_0160.SAFE,2019-09-21T03:51:25
nw-1196-07-000118,nw-1196-07-000118.jpg,images/nw-1196-07-000118.jpg,nw,0,water,,0,640,640,S1_20190926_035936_040116_VV_191,S1A_IW_GRDH_1SDV_20190926T040001_20190926T040026_029187_035080_FDB2.SAFE,2019-09-26T03:59:36
nw-1197-07-000119,nw-1197-07-000119.jpg,images/nw-1197-07-000119.jpg,nw,0,water,,0,640,640,S1_20190926_035936_040116_VV_204,S1A_IW_GRDH_1SDV_20190926T040026_20190926T040051_029187_035080_F816.SAFE,2019-09-26T03:59:36
nw-1198-07-000120,nw-1198-07-000120.jpg,images/nw-1198-07-000120.jpg,nw,0,water,,0,640,640,S1_20190926_035936_040116_VV_225,S1A_IW_GRDH_1SDV_20190926T040051_20190926T040116_029187_035080_972D.SAFE;S1A_IW_GRDH_1SDV_20190926T040026_20190926T040051_029187_035080_F816.SAFE,2019-09-26T03:59:36
nw-1199-07-000121,nw-1199-07-000121.jpg,images/nw-1199-07-000121.jpg,nw,0,water,,0,640,640,S1_20190926_035936_040116_VV_87,S1A_IW_GRDH_1SDV_20190926T040001_20190926T040026_029187_035080_FDB2.SAFE,2019-09-26T03:59:36
nw-1200-07-000122,nw-1200-07-000122.jpg,images/nw-1200-07-000122.jpg,nw,0,water,,0,640,640,S1_20190927_035049_035228_VV_156,S1B_IW_GRDH_1SDV_20190927T035049_20190927T035114_018218_0224DC_62D9.SAFE,2019-09-27T03:50:49
nw-1201-07-000123,nw-1201-07-000123.jpg,images/nw-1201-07-000123.jpg,nw,0,water,,0,640,640,S1_20190927_035049_035228_VV_166,S1B_IW_GRDH_1SDV_20190927T035114_20190927T035139_018218_0224DC_067F.SAFE,2019-09-27T03:50:49
nw-1202-07-000124,nw-1202-07-000124.jpg,images/nw-1202-07-000124.jpg,nw,0,water,,0,640,640,S1_20190927_035049_035228_VV_74,S1B_IW_GRDH_1SDV_20190927T035139_20190927T035204_018218_0224DC_E6A4.SAFE,2019-09-27T03:50:49
nw-1203-07-000125,nw-1203-07-000125.jpg,images/nw-1203-07-000125.jpg,nw,0,water,,0,640,640,S1_20190927_154017_154157_VV_86,S1A_IW_GRDH_1SDV_20190927T154132_20190927T154157_029209_035141_93D0.SAFE,2019-09-27T15:40:17
nw-1204-07-000126,nw-1204-07-000126.jpg,images/nw-1204-07-000126.jpg,nw,0,water,,0,640,640,S1_20190927_154017_154157_VV_95,S1A_IW_GRDH_1SDV_20190927T154132_20190927T154157_029209_035141_93D0.SAFE,2019-09-27T15:40:17
nw-1205-07-000127,nw-1205-07-000127.jpg,images/nw-1205-07-000127.jpg,nw,0,water,,0,640,640,S1_20190928_034306_034446_VV_114,S1A_IW_GRDH_1SDV_20190928T034356_20190928T034421_029216_035188_75B2.SAFE;S1A_IW_GRDH_1SDV_20190928T034331_20190928T034356_029216_035188_442B.SAFE,2019-09-28T03:43:06
nw-1206-07-000128,nw-1206-07-000128.jpg,images/nw-1206-07-000128.jpg,nw,0,water,,0,640,640,S1_20190928_034306_034446_VV_135,S1A_IW_GRDH_1SDV_20190928T034421_20190928T034446_029216_035188_54CE.SAFE,2019-09-28T03:43:06
nw-1207-07-000129,nw-1207-07-000129.jpg,images/nw-1207-07-000129.jpg,nw,0,water,,0,640,640,S1_20190928_034306_034446_VV_66,S1A_IW_GRDH_1SDV_20190928T034306_20190928T034331_029216_035188_C68D.SAFE,2019-09-28T03:43:06
nw-1208-07-000130,nw-1208-07-000130.jpg,images/nw-1208-07-000130.jpg,nw,0,water,,0,640,640,S1_20191004_034227_034407_VV_23,S1B_IW_GRDH_1SDV_20191004T034227_20191004T034252_018320_02282B_0F0F.SAFE,2019-10-04T03:42:27
nw-1209-07-000131,nw-1209-07-000131.jpg,images/nw-1209-07-000131.jpg,nw,0,water,,0,640,640,S1_20191007_155647_155827_VV_46,S1A_IW_GRDH_1SDV_20191007T155712_20191007T155737_029355_035652_8FCF.SAFE,2019-10-07T15:56:47
nw-1210-07-000132,nw-1210-07-000132.jpg,images/nw-1210-07-000132.jpg,nw,0,water,,0,640,640,S1_20191009_035049_035228_VV_12,S1B_IW_GRDH_1SDV_20191009T035049_20191009T035114_018393_022A5F_CD0D.SAFE,2019-10-09T03:50:49
nw-1211-07-000133,nw-1211-07-000133.jpg,images/nw-1211-07-000133.jpg,nw,0,water,,0,640,640,S1_20191010_034306_034446_VV_23,S1A_IW_GRDH_1SDV_20191010T034306_20191010T034331_029391_035788_5523.SAFE,2019-10-10T03:43:06
nw-1212-07-000134,nw-1212-07-000134.jpg,images/nw-1212-07-000134.jpg,nw,0,water,,0,640,640,S1_20191013_155650_155744_VV_9,S1B_IW_GRDH_1SDV_20191013T155719_20191013T155744_018459_022C6B_D17C.SAFE,2019-10-13T15:56:50
nw-1213-07-000135,nw-1213-07-000135.jpg,images/nw-1213-07-000135.jpg,nw,0,water,,0,640,640,S1_20191014_154845_155025_VV_29,S1A_IW_GRDH_1SDV_20191014T154910_20191014T154935_029457_0359DE_77C2.SAFE,2019-10-14T15:48:45
nw-1214-07-000136,nw-1214-07-000136.jpg,images/nw-1214-07-000136.jpg,nw,0,water,,0,640,640,S1_20191016_034227_034407_VV_18,S1B_IW_GRDH_1SDV_20191016T034227_20191016T034252_018495_022D96_DFD2.SAFE,2019-10-16T03:42:27
nw-1215-07-000137,nw-1215-07-000137.jpg,images/nw-1215-07-000137.jpg,nw,0,water,,0,640,640,S1_20191017_033503_033643_VV_25,S1A_IW_GRDH_1SDV_20191017T033503_20191017T033528_029493_035B12_9595.SAFE,2019-10-17T03:35:03
nw-1216-07-000138,nw-1216-07-000138.jpg,images/nw-1216-07-000138.jpg,nw,0,water,,0,640,640,S1_20191020_035936_040116_VV_40,S1A_IW_GRDH_1SDV_20191020T040001_20191020T040026_029537_035C98_67D9.SAFE,2019-10-20T03:59:36
nw-1217-07-000139,nw-1217-07-000139.jpg,images/nw-1217-07-000139.jpg,nw,0,water,,0,640,640,S1_20191020_154755_154935_VV_29,S1B_IW_GRDH_1SDV_20191020T154910_20191020T154935_018561_022F8C_14B1.SAFE,2019-10-20T15:47:55
nw-1218-07-000140,nw-1218-07-000140.jpg,images/nw-1218-07-000140.jpg,nw,0,water,,0,640,640,S1_20191021_035049_035228_VV_34,S1B_IW_GRDH_1SDV_20191021T035049_20191021T035114_018568_022FC0_D1AC.SAFE,2019-10-21T03:50:49
nw-1219-07-000141,nw-1219-07-000141.jpg,images/nw-1219-07-000141.jpg,nw,0,water,,0,640,640,S1_20191027_153951_154106_VV_56,S1B_IW_GRDH_1SDV_20191027T154041_20191027T154106_018663_0232BF_0AC1.SAFE,2019-10-27T15:39:51
nw-1220-07-000142,nw-1220-07-000142.jpg,images/nw-1220-07-000142.jpg,nw,0,water,,0,640,640,S1_20191028_034227_034407_VV_92,S1B_IW_GRDH_1SDV_20191028T034252_20191028T034317_018670_0232F7_237B.SAFE,2019-10-28T03:42:27
nw-1221-07-000143,nw-1221-07-000143.jpg,images/nw-1221-07-000143.jpg,nw,0,water,,0,640,640,S1_20191028_034227_034407_VV_97,S1B_IW_GRDH_1SDV_20191028T034252_20191028T034317_018670_0232F7_237B.SAFE,2019-10-28T03:42:27
nw-1222-07-000144,nw-1222-07-000144.jpg,images/nw-1222-07-000144.jpg,nw,0,water,,0,640,640,S1_20191030_160414_160554_VV_25,S1B_IW_GRDH_1SDV_20191030T160439_20191030T160504_018707_023425_6ED4.SAFE,2019-10-30T16:04:14
nw-1223-07-000145,nw-1223-07-000145.jpg,images/nw-1223-07-000145.jpg,nw,0,water,,0,640,640,S1_20191030_160414_160554_VV_5,S1B_IW_GRDH_1SDV_20191030T160439_20191030T160504_018707_023425_6ED4.SAFE,2019-10-30T16:04:14
nw-1224-07-000146,nw-1224-07-000146.jpg,images/nw-1224-07-000146.jpg,nw,0,water,,0,640,640,S1_20191102_035049_035228_VV_6,S1B_IW_GRDH_1SDV_20191102T035049_20191102T035114_018743_02353E_12A8.SAFE,2019-11-02T03:50:49
nw-1225-07-000147,nw-1225-07-000147.jpg,images/nw-1225-07-000147.jpg,nw,0,water,,0,640,640,S1_20191102_154017_154157_VV_82,S1A_IW_GRDH_1SDV_20191102T154132_20191102T154157_029734_036369_DF53.SAFE,2019-11-02T15:40:17
nw-1226-07-000148,nw-1226-07-000148.jpg,images/nw-1226-07-000148.jpg,nw,0,water,,0,640,640,S1_20191103_034307_034447_VV_144,S1A_IW_GRDH_1SDV_20191103T034357_20191103T034422_029741_0363B0_2903.SAFE,2019-11-03T03:43:07
nw-1227-07-000149,nw-1227-07-000149.jpg,images/nw-1227-07-000149.jpg,nw,0,water,,0,640,640,S1_20191113_035936_040116_VV_30,S1A_IW_GRDH_1SDV_20191113T035936_20191113T040001_029887_0368D2_1D62.SAFE,2019-11-13T03:59:36
nw-1228-07-000150,nw-1228-07-000150.jpg,images/nw-1228-07-000150.jpg,nw,0,water,,0,640,640,S1_20191113_154755_154935_VV_69,S1B_IW_GRDH_1SDV_20191113T154820_20191113T154845_018911_023AAD_38BC.SAFE,2019-11-13T15:47:55
nw-1229-07-000151,nw-1229-07-000151.jpg,images/nw-1229-07-000151.jpg,nw,0,water,,0,640,640,S1_20191114_154017_154157_VV_45,S1A_IW_GRDH_1SDV_20191114T154132_20191114T154157_029909_03698D_5D14.SAFE,2019-11-14T15:40:17
nw-1230-07-000152,nw-1230-07-000152.jpg,images/nw-1230-07-000152.jpg,nw,0,water,,0,640,640,S1_20191123_160414_160554_VV_195,S1B_IW_GRDH_1SDV_20191123T160529_20191123T160554_019057_023F6D_872B.SAFE,2019-11-23T16:04:14
nw-1231-07-000153,nw-1231-07-000153.jpg,images/nw-1231-07-000153.jpg,nw,0,water,,0,640,640,S1_20191123_160414_160554_VV_4,S1B_IW_GRDH_1SDV_20191123T160439_20191123T160504_019057_023F6D_FB3B.SAFE,2019-11-23T16:04:14
nw-1232-07-000154,nw-1232-07-000154.jpg,images/nw-1232-07-000154.jpg,nw,0,water,,0,640,640,S1_20191130_155618_155643_VV_61,S1B_IW_GRDH_1SDV_20191130T155618_20191130T155643_019159_02429A_7E10.SAFE,2019-11-30T15:56:18
nw-1233-07-000155,nw-1233-07-000155.jpg,images/nw-1233-07-000155.jpg,nw,0,water,,0,640,640,S1_20191203_034226_034406_VV_286,S1B_IW_GRDH_1SDV_20191203T034251_20191203T034316_019195_0243D6_EC71.SAFE,2019-12-03T03:42:26
nw-1234-07-000156,nw-1234-07-000156.jpg,images/nw-1234-07-000156.jpg,nw,0,water,,0,640,640,S1_20191203_034226_034406_VV_294,S1B_IW_GRDH_1SDV_20191203T034251_20191203T034316_019195_0243D6_EC71.SAFE,2019-12-03T03:42:26
nw-1235-07-000157,nw-1235-07-000157.jpg,images/nw-1235-07-000157.jpg,nw,0,water,,0,640,640,S1_20191204_033502_033642_VV_33,S1A_IW_GRDH_1SDV_20191204T033502_20191204T033527_030193_037365_9BAB.SAFE,2019-12-04T03:35:02
nw-1236-07-000158,nw-1236-07-000158.jpg,images/nw-1236-07-000158.jpg,nw,0,water,,0,640,640,S1_20191206_155646_155826_VV_317,S1A_IW_GRDH_1SDV_20191206T155801_20191206T155826_030230_0374B1_B398.SAFE,2019-12-06T15:56:46
nw-1237-07-000159,nw-1237-07-000159.jpg,images/nw-1237-07-000159.jpg,nw,0,water,,0,640,640,S1_20191207_154754_154934_VV_1,S1B_IW_GRDH_1SDV_20191207T154754_20191207T154819_019261_0245D7_1E9F.SAFE,2019-12-07T15:47:54
nw-1238-07-000160,nw-1238-07-000160.jpg,images/nw-1238-07-000160.jpg,nw,0,water,,0,640,640,S1_20191209_034306_034446_VV_108,S1A_IW_GRDH_1SDV_20191209T034331_20191209T034356_030266_0375E5_4006.SAFE,2019-12-09T03:43:06
nw-1239-07-000161,nw-1239-07-000161.jpg,images/nw-1239-07-000161.jpg,nw,0,water,,0,640,640,S1_20191209_034306_034446_VV_72,S1A_IW_GRDH_1SDV_20191209T034306_20191209T034331_030266_0375E5_975E.SAFE,2019-12-09T03:43:06
nw-1240-07-000162,nw-1240-07-000162.jpg,images/nw-1240-07-000162.jpg,nw,0,water,,0,640,640,S1_20191214_035125_035306_VV_11,S1A_IW_GRDH_1SDV_20191214T035125_20191214T035150_030339_037875_3C8E.SAFE,2019-12-14T03:51:25
nw-1241-07-000163,nw-1241-07-000163.jpg,images/nw-1241-07-000163.jpg,nw,0,water,,0,640,640,S1_20191215_034226_034406_VV_106,S1B_IW_GRDH_1SDV_20191215T034251_20191215T034316_019370_024965_FD00.SAFE,2019-12-15T03:42:26
nw-1242-07-000164,nw-1242-07-000164.jpg,images/nw-1242-07-000164.jpg,nw,0,water,,0,640,640,S1_20191218_155645_155825_VV_146,S1A_IW_GRDH_1SDV_20191218T155800_20191218T155825_030405_037AC0_AAC3.SAFE,2019-12-18T15:56:45
nw-1243-07-000165,nw-1243-07-000165.jpg,images/nw-1243-07-000165.jpg,nw,0,water,,0,640,640,S1_20191218_155645_155825_VV_174,S1A_IW_GRDH_1SDV_20191218T155800_20191218T155825_030405_037AC0_AAC3.SAFE,2019-12-18T15:56:45
nw-1244-07-000166,nw-1244-07-000166.jpg,images/nw-1244-07-000166.jpg,nw,0,water,,0,640,640,S1_20191219_035935_040115_VV_55,S1A_IW_GRDH_1SDV_20191219T035935_20191219T040000_030412_037AF3_6AFD.SAFE,2019-12-19T03:59:35
nw-1245-07-000167,nw-1245-07-000167.jpg,images/nw-1245-07-000167.jpg,nw,0,water,,0,640,640,S1_20191219_035935_040115_VV_64,S1A_IW_GRDH_1SDV_20191219T035935_20191219T040000_030412_037AF3_6AFD.SAFE,2019-12-19T03:59:35
nw-1246-07-000168,nw-1246-07-000168.jpg,images/nw-1246-07-000168.jpg,nw,0,water,,0,640,640,S1_20191219_035935_040115_VV_9,S1A_IW_GRDH_1SDV_20191219T035935_20191219T040000_030412_037AF3_6AFD.SAFE,2019-12-19T03:59:35
nw-1247-07-000169,nw-1247-07-000169.jpg,images/nw-1247-07-000169.jpg,nw,0,water,,0,640,640,S1_20191221_034305_034445_VV_19,S1A_IW_GRDH_1SDV_20191221T034305_20191221T034330_030441_037BF3_7BCE.SAFE,2019-12-21T03:43:05
nw-1248-07-000170,nw-1248-07-000170.jpg,images/nw-1248-07-000170.jpg,nw,0,water,,0,640,640,S1_20191231_154753_154933_VV_160,S1B_IW_GRDH_1SDV_20191231T154818_20191231T154843_019611_025103_9D8D.SAFE,2019-12-31T15:47:53
nw-1249-07-000171,nw-1249-07-000171.jpg,images/nw-1249-07-000171.jpg,nw,0,water,,0,640,640,S1_20191231_154753_154933_VV_228,S1B_IW_GRDH_1SDV_20191231T154908_20191231T154933_019611_025103_6622.SAFE,2019-12-31T15:47:53
nw-1250-08-000001,nw-1250-08-000001.jpg,images/nw-1250-08-000001.jpg,nw,0,water,,0,640,640,S1_20190101_034235_034350_VV_6,S1B_IW_GRDH_1SDV_20190101T034235_20190101T034300_014295_01A97E_458A.SAFE,2019-01-01T03:42:35
nw-1251-08-000002,nw-1251-08-000002.jpg,images/nw-1251-08-000002.jpg,nw,0,water,,0,640,640,S1_20190104_155638_155818_VV_158,S1A_IW_GRDH_1SDV_20190104T155753_20190104T155818_025330_02CD9D_5240.SAFE,2019-01-04T15:56:38
nw-1252-08-000003,nw-1252-08-000003.jpg,images/nw-1252-08-000003.jpg,nw,0,water,,0,640,640,S1_20190104_155638_155818_VV_75,S1A_IW_GRDH_1SDV_20190104T155728_20190104T155753_025330_02CD9D_B67E.SAFE,2019-01-04T15:56:38
nw-1253-08-000004,nw-1253-08-000004.jpg,images/nw-1253-08-000004.jpg,nw,0,water,,0,640,640,S1_20190104_155638_155818_VV_82,S1A_IW_GRDH_1SDV_20190104T155728_20190104T155753_025330_02CD9D_B67E.SAFE,2019-01-04T15:56:38
nw-1254-08-000005,nw-1254-08-000005.jpg,images/nw-1254-08-000005.jpg,nw,0,water,,0,640,640,S1_20190104_155638_155818_VV_94,S1A_IW_GRDH_1SDV_20190104T155753_20190104T155818_025330_02CD9D_5240.SAFE;S1A_IW_GRDH_1SDV_20190104T155728_20190104T155753_025330_02CD9D_B67E.SAFE,2019-01-04T15:56:38
nw-1255-08-000006,nw-1255-08-000006.jpg,images/nw-1255-08-000006.jpg,nw,0,water,,0,640,640,S1_20190105_035928_040108_VV_60,S1A_IW_GRDH_1SDV_20190105T035953_20190105T040018_025337_02CDDA_4FB0.SAFE,2019-01-05T03:59:28
nw-1256-08-000007,nw-1256-08-000007.jpg,images/nw-1256-08-000007.jpg,nw,0,water,,0,640,640,S1_20190105_154746_154926_VV_85,S1B_IW_GRDH_1SDV_20190105T154901_20190105T154926_014361_01AB8D_D7A0.SAFE,2019-01-05T15:47:46
nw-1257-08-000008,nw-1257-08-000008.jpg,images/nw-1257-08-000008.jpg,nw,0,water,,0,640,640,S1_20190107_034258_034438_VV_104,S1A_IW_GRDH_1SDV_20190107T034348_20190107T034413_025366_02CEEB_2047.SAFE,2019-01-07T03:42:58
nw-1258-08-000009,nw-1258-08-000009.jpg,images/nw-1258-08-000009.jpg,nw,0,water,,0,640,640,S1_20190107_034258_034438_VV_107,S1A_IW_GRDH_1SDV_20190107T034348_20190107T034413_025366_02CEEB_2047.SAFE,2019-01-07T03:42:58
nw-1259-08-000010,nw-1259-08-000010.jpg,images/nw-1259-08-000010.jpg,nw,0,water,,0,640,640,S1_20190111_035851_040030_VV_100,S1B_IW_GRDH_1SDV_20190111T035941_20190111T040006_014441_01AE2F_B933.SAFE,2019-01-11T03:58:51
nw-1260-08-000011,nw-1260-08-000011.jpg,images/nw-1260-08-000011.jpg,nw,0,water,,0,640,640,S1_20190111_154836_155016_VV_37,S1A_IW_GRDH_1SDV_20190111T154836_20190111T154901_025432_02D14A_E884.SAFE,2019-01-11T15:48:36
nw-1261-08-000012,nw-1261-08-000012.jpg,images/nw-1261-08-000012.jpg,nw,0,water,,0,640,640,S1_20190111_154836_155016_VV_75,S1A_IW_GRDH_1SDV_20190111T154926_20190111T154951_025432_02D14A_113A.SAFE,2019-01-11T15:48:36
nw-1262-08-000013,nw-1262-08-000013.jpg,images/nw-1262-08-000013.jpg,nw,0,water,,0,640,640,S1_20190111_154836_155016_VV_80,S1A_IW_GRDH_1SDV_20190111T154951_20190111T155016_025432_02D14A_C237.SAFE;S1A_IW_GRDH_1SDV_20190111T154926_20190111T154951_025432_02D14A_113A.SAFE,2019-01-11T15:48:36
nw-1263-08-000014,nw-1263-08-000014.jpg,images/nw-1263-08-000014.jpg,nw,0,water,,0,640,640,S1_20190111_154836_155016_VV_96,S1A_IW_GRDH_1SDV_20190111T154951_20190111T155016_025432_02D14A_C237.SAFE,2019-01-11T15:48:36
nw-1264-08-000015,nw-1264-08-000015.jpg,images/nw-1264-08-000015.jpg,nw,0,water,,0,640,640,S1_20190113_034235_034350_VV_38,S1B_IW_GRDH_1SDV_20190113T034235_20190113T034300_014470_01AF20_B0E8.SAFE,2019-01-13T03:42:35
nw-1265-08-000016,nw-1265-08-000016.jpg,images/nw-1265-08-000016.jpg,nw,0,water,,0,640,640,S1_20190122_155641_155735_VV_35,S1B_IW_GRDH_1SDV_20190122T155641_20190122T155710_014609_01B38C_DBD6.SAFE,2019-01-22T15:56:41
nw-1266-08-000017,nw-1266-08-000017.jpg,images/nw-1266-08-000017.jpg,nw,0,water,,0,640,640,S1_20190122_155641_155735_VV_56,S1B_IW_GRDH_1SDV_20190122T155710_20190122T155735_014609_01B38C_4548.SAFE,2019-01-22T15:56:41
nw-1267-08-000018,nw-1267-08-000018.jpg,images/nw-1267-08-000018.jpg,nw,0,water,,0,640,640,S1_20190123_035850_040029_VV_73,S1B_IW_GRDH_1SDV_20190123T035915_20190123T035940_014616_01B3CB_38CE.SAFE,2019-01-23T03:58:50
nw-1268-08-000019,nw-1268-08-000019.jpg,images/nw-1268-08-000019.jpg,nw,0,water,,0,640,640,S1_20190127_160405_160545_VV_62,S1B_IW_GRDH_1SDV_20190127T160430_20190127T160455_014682_01B5E9_13EC.SAFE,2019-01-27T16:04:05
nw-1269-08-000020,nw-1269-08-000020.jpg,images/nw-1269-08-000020.jpg,nw,0,water,,0,640,640,S1_20190127_160405_160545_VV_70,S1B_IW_GRDH_1SDV_20190127T160455_20190127T160520_014682_01B5E9_3B85.SAFE,2019-01-27T16:04:05
nw-1270-08-000021,nw-1270-08-000021.jpg,images/nw-1270-08-000021.jpg,nw,0,water,,0,640,640,S1_20190211_035040_035219_VV_101,S1B_IW_GRDH_1SDV_20190211T035105_20190211T035130_014893_01BCCD_D256.SAFE,2019-02-11T03:50:40
nw-1271-08-000022,nw-1271-08-000022.jpg,images/nw-1271-08-000022.jpg,nw,0,water,,0,640,640,S1_20190216_035850_040029_VV_111,S1B_IW_GRDH_1SDV_20190216T035940_20190216T040005_014966_01BF36_8C52.SAFE,2019-02-16T03:58:50
nw-1272-08-000023,nw-1272-08-000023.jpg,images/nw-1272-08-000023.jpg,nw,0,water,,0,640,640,S1_20190216_035850_040029_VV_118,S1B_IW_GRDH_1SDV_20190216T040005_20190216T040029_014966_01BF36_0C59.SAFE,2019-02-16T03:58:50
nw-1273-08-000024,nw-1273-08-000024.jpg,images/nw-1273-08-000024.jpg,nw,0,water,,0,640,640,S1_20190216_035850_040029_VV_25,S1B_IW_GRDH_1SDV_20190216T035850_20190216T035915_014966_01BF36_326E.SAFE,2019-02-16T03:58:50
nw-1274-08-000025,nw-1274-08-000025.jpg,images/nw-1274-08-000025.jpg,nw,0,water,,0,640,640,S1_20190217_035116_035258_VV_154,S1A_IW_GRDH_1SDV_20190217T035206_20190217T035231_025964_02E473_9766.SAFE,2019-02-17T03:51:16
nw-1275-08-000026,nw-1275-08-000026.jpg,images/nw-1275-08-000026.jpg,nw,0,water,,0,640,640,S1_20190217_035116_035258_VV_49,S1A_IW_GRDH_1SDV_20190217T035141_20190217T035206_025964_02E473_41AA.SAFE,2019-02-17T03:51:16
nw-1276-08-000027,nw-1276-08-000027.jpg,images/nw-1276-08-000027.jpg,nw,0,water,,0,640,640,S1_20190217_035116_035258_VV_79,S1A_IW_GRDH_1SDV_20190217T035141_20190217T035206_025964_02E473_41AA.SAFE,2019-02-17T03:51:16
nw-1277-08-000028,nw-1277-08-000028.jpg,images/nw-1277-08-000028.jpg,nw,0,water,,0,640,640,S1_20190217_153942_154057_VV_105,S1B_IW_GRDH_1SDV_20190217T154032_20190217T154057_014988_01BFFD_6BFC.SAFE,2019-02-17T15:39:42
nw-1278-08-000029,nw-1278-08-000029.jpg,images/nw-1278-08-000029.jpg,nw,0,water,,0,640,640,S1_20190217_153942_154057_VV_115,S1B_IW_GRDH_1SDV_20190217T154032_20190217T154057_014988_01BFFD_6BFC.SAFE,2019-02-17T15:39:42
nw-1279-08-000030,nw-1279-08-000030.jpg,images/nw-1279-08-000030.jpg,nw,0,water,,0,640,640,S1_20190218_034234_034349_VV_110,S1B_IW_GRDH_1SDV_20190218T034259_20190218T034324_014995_01C035_58C9.SAFE,2019-02-18T03:42:34
nw-1280-08-000031,nw-1280-08-000031.jpg,images/nw-1280-08-000031.jpg,nw,0,water,,0,640,640,S1_20190218_034234_034349_VV_116,S1B_IW_GRDH_1SDV_20190218T034259_20190218T034324_014995_01C035_58C9.SAFE,2019-02-18T03:42:34
nw-1281-08-000032,nw-1281-08-000032.jpg,images/nw-1281-08-000032.jpg,nw,0,water,,0,640,640,S1_20190218_034234_034349_VV_144,S1B_IW_GRDH_1SDV_20190218T034234_20190218T034259_014995_01C035_8F1B.SAFE,2019-02-18T03:42:34
nw-1282-08-000033,nw-1282-08-000033.jpg,images/nw-1282-08-000033.jpg,nw,0,water,,0,640,640,S1_20190218_034234_034349_VV_161,S1B_IW_GRDH_1SDV_20190218T034259_20190218T034324_014995_01C035_58C9.SAFE,2019-02-18T03:42:34
nw-1283-08-000034,nw-1283-08-000034.jpg,images/nw-1283-08-000034.jpg,nw,0,water,,0,640,640,S1_20190221_155637_155817_VV_170,S1A_IW_GRDH_1SDV_20190221T155702_20190221T155727_026030_02E6CF_D766.SAFE,2019-02-21T15:56:37
nw-1284-08-000035,nw-1284-08-000035.jpg,images/nw-1284-08-000035.jpg,nw,0,water,,0,640,640,S1_20190222_035926_040106_VV_112,S1A_IW_GRDH_1SDV_20190222T035951_20190222T040016_026037_02E70F_6632.SAFE,2019-02-22T03:59:26
nw-1285-08-000036,nw-1285-08-000036.jpg,images/nw-1285-08-000036.jpg,nw,0,water,,0,640,640,S1_20190222_035926_040106_VV_26,S1A_IW_GRDH_1SDV_20190222T035926_20190222T035951_026037_02E70F_1C4A.SAFE,2019-02-22T03:59:26
nw-1286-08-000037,nw-1286-08-000037.jpg,images/nw-1286-08-000037.jpg,nw,0,water,,0,640,640,S1_20190222_154745_154925_VV_189,S1B_IW_GRDH_1SDV_20190222T154835_20190222T154900_015061_01C24C_E464.SAFE,2019-02-22T15:47:45
nw-1287-08-000038,nw-1287-08-000038.jpg,images/nw-1287-08-000038.jpg,nw,0,water,,0,640,640,S1_20190222_154745_154925_VV_214,S1B_IW_GRDH_1SDV_20190222T154900_20190222T154925_015061_01C24C_2830.SAFE,2019-02-22T15:47:45
nw-1288-08-000039,nw-1288-08-000039.jpg,images/nw-1288-08-000039.jpg,nw,0,water,,0,640,640,S1_20190222_154745_154925_VV_232,S1B_IW_GRDH_1SDV_20190222T154900_20190222T154925_015061_01C24C_2830.SAFE,2019-02-22T15:47:45
nw-1289-08-000040,nw-1289-08-000040.jpg,images/nw-1289-08-000040.jpg,nw,0,water,,0,640,640,S1_20190223_035040_035219_VV_193,S1B_IW_GRDH_1SDV_20190223T035130_20190223T035155_015068_01C287_0DC8.SAFE,2019-02-23T03:50:40
nw-1290-08-000041,nw-1290-08-000041.jpg,images/nw-1290-08-000041.jpg,nw,0,water,,0,640,640,S1_20190223_154007_154147_VV_157,S1A_IW_GRDH_1SDV_20190223T154122_20190223T154147_026059_02E7D6_5BFC.SAFE,2019-02-23T15:40:07
nw-1291-08-000042,nw-1291-08-000042.jpg,images/nw-1291-08-000042.jpg,nw,0,water,,0,640,640,S1_20190224_034257_034437_VV_12,S1A_IW_GRDH_1SDV_20190224T034257_20190224T034322_026066_02E816_A40D.SAFE,2019-02-24T03:42:57
nw-1292-08-000043,nw-1292-08-000043.jpg,images/nw-1292-08-000043.jpg,nw,0,water,,0,640,640,S1_20190302_034234_034349_VV_37,S1B_IW_GRDH_1SDV_20190302T034259_20190302T034324_015170_01C5ED_B305.SAFE;S1B_IW_GRDH_1SDV_20190302T034234_20190302T034259_015170_01C5ED_04F5.SAFE,2019-03-02T03:42:34
nw-1293-08-000044,nw-1293-08-000044.jpg,images/nw-1293-08-000044.jpg,nw,0,water,,0,640,640,S1_20190304_160404_160544_VV_74,S1B_IW_GRDH_1SDV_20190304T160454_20190304T160519_015207_01C72A_2357.SAFE,2019-03-04T16:04:04
nw-1294-08-000045,nw-1294-08-000045.jpg,images/nw-1294-08-000045.jpg,nw,0,water,,0,640,640,S1_20190304_160404_160544_VV_77,S1B_IW_GRDH_1SDV_20190304T160454_20190304T160519_015207_01C72A_2357.SAFE,2019-03-04T16:04:04
nw-1295-08-000046,nw-1295-08-000046.jpg,images/nw-1295-08-000046.jpg,nw,0,water,,0,640,640,S1_20190306_035926_040106_VV_61,S1A_IW_GRDH_1SDV_20190306T035951_20190306T040016_026212_02ED51_0951.SAFE;S1A_IW_GRDH_1SDV_20190306T035926_20190306T035951_026212_02ED51_1D32.SAFE,2019-03-06T03:59:26
nw-1296-08-000047,nw-1296-08-000047.jpg,images/nw-1296-08-000047.jpg,nw,0,water,,0,640,640,S1_20190308_034257_034437_VV_21,S1A_IW_GRDH_1SDV_20190308T034257_20190308T034322_026241_02EE61_4F36.SAFE,2019-03-08T03:42:57
nw-1297-08-000048,nw-1297-08-000048.jpg,images/nw-1297-08-000048.jpg,nw,0,water,,0,640,640,S1_20190308_034257_034437_VV_59,S1A_IW_GRDH_1SDV_20190308T034322_20190308T034347_026241_02EE61_CABA.SAFE,2019-03-08T03:42:57
nw-1298-08-000049,nw-1298-08-000049.jpg,images/nw-1298-08-000049.jpg,nw,0,water,,0,640,640,S1_20190314_034234_034349_VV_15,S1B_IW_GRDH_1SDV_20190314T034234_20190314T034259_015345_01CBA8_E507.SAFE,2019-03-14T03:42:34
nw-1299-08-000050,nw-1299-08-000050.jpg,images/nw-1299-08-000050.jpg,nw,0,water,,0,640,640,S1_20190314_034234_034349_VV_31,S1B_IW_GRDH_1SDV_20190314T034234_20190314T034259_015345_01CBA8_E507.SAFE,2019-03-14T03:42:34
nw-1300-08-000051,nw-1300-08-000051.jpg,images/nw-1300-08-000051.jpg,nw,0,water,,0,640,640,S1_20190314_034234_034349_VV_59,S1B_IW_GRDH_1SDV_20190314T034234_20190314T034259_015345_01CBA8_E507.SAFE,2019-03-14T03:42:34
nw-1301-08-000052,nw-1301-08-000052.jpg,images/nw-1301-08-000052.jpg,nw,0,water,,0,640,640,S1_20190314_034234_034349_VV_7,S1B_IW_GRDH_1SDV_20190314T034234_20190314T034259_015345_01CBA8_E507.SAFE,2019-03-14T03:42:34
nw-1302-08-000053,nw-1302-08-000053.jpg,images/nw-1302-08-000053.jpg,nw,0,water,,0,640,640,S1_20190320_153127_153307_VV_351,S1B_IW_GRDH_1SDV_20190320T153217_20190320T153242_015440_01CEAD_0499.SAFE,2019-03-20T15:31:27
nw-1303-08-000054,nw-1303-08-000054.jpg,images/nw-1303-08-000054.jpg,nw,0,water,,0,640,640,S1_20190324_154836_155016_VV_15,S1A_IW_GRDH_1SDV_20190324T154901_20190324T154926_026482_02F74C_6168.SAFE,2019-03-24T15:48:36
nw-1304-08-000055,nw-1304-08-000055.jpg,images/nw-1304-08-000055.jpg,nw,0,water,,0,640,640,S1_20190324_154836_155016_VV_57,S1A_IW_GRDH_1SDV_20190324T154951_20190324T155016_026482_02F74C_6262.SAFE,2019-03-24T15:48:36
nw-1305-08-000056,nw-1305-08-000056.jpg,images/nw-1305-08-000056.jpg,nw,0,water,,0,640,640,S1_20190324_154836_155016_VV_91,S1A_IW_GRDH_1SDV_20190324T154926_20190324T154951_026482_02F74C_C245.SAFE,2019-03-24T15:48:36
nw-1306-08-000057,nw-1306-08-000057.jpg,images/nw-1306-08-000057.jpg,nw,0,water,,0,640,640,S1_20190330_154745_154925_VV_24,S1B_IW_GRDH_1SDV_20190330T154900_20190330T154925_015586_01D376_BC6C.SAFE,2019-03-30T15:47:45
nw-1307-08-000058,nw-1307-08-000058.jpg,images/nw-1307-08-000058.jpg,nw,0,water,,0,640,640,S1_20190331_154007_154147_VV_129,S1A_IW_GRDH_1SDV_20190331T154122_20190331T154147_026584_02FB04_E6E8.SAFE,2019-03-31T15:40:07
nw-1308-08-000059,nw-1308-08-000059.jpg,images/nw-1308-08-000059.jpg,nw,0,water,,0,640,640,S1_20190331_154007_154147_VV_79,S1A_IW_GRDH_1SDV_20190331T154122_20190331T154147_026584_02FB04_E6E8.SAFE,2019-03-31T15:40:07
nw-1309-08-000060,nw-1309-08-000060.jpg,images/nw-1309-08-000060.jpg,nw,0,water,,0,640,640,S1_20190405_035850_040029_VV_35,S1B_IW_GRDH_1SDV_20190405T035915_20190405T035940_015666_01D628_E73F.SAFE,2019-04-05T03:58:50
nw-1310-08-000061,nw-1310-08-000061.jpg,images/nw-1310-08-000061.jpg,nw,0,water,,0,640,640,S1_20190410_155637_155817_VV_28,S1A_IW_GRDH_1SDV_20190410T155752_20190410T155817_026730_030069_3C33.SAFE,2019-04-10T15:56:37
nw-1311-08-000062,nw-1311-08-000062.jpg,images/nw-1311-08-000062.jpg,nw,0,water,,0,640,640,S1_20190416_155641_155735_VV_13,S1B_IW_GRDH_1SDV_20190416T155710_20190416T155735_015834_01DBB3_443C.SAFE,2019-04-16T15:56:41
nw-1312-08-000063,nw-1312-08-000063.jpg,images/nw-1312-08-000063.jpg,nw,0,water,,0,640,640,S1_20190425_034258_034438_VV_12,S1A_IW_GRDH_1SDV_20190425T034258_20190425T034323_026941_030806_D45F.SAFE,2019-04-25T03:42:58
nw-1313-08-000064,nw-1313-08-000064.jpg,images/nw-1313-08-000064.jpg,nw,0,water,,0,640,640,S1_20190426_033409_033549_VV_1,S1B_IW_GRDH_1SDV_20190426T033409_20190426T033434_015972_01E03C_2784.SAFE,2019-04-26T03:34:09
nw-1314-08-000065,nw-1314-08-000065.jpg,images/nw-1314-08-000065.jpg,nw,0,water,,0,640,640,S1_20190429_035851_040030_VV_15,S1B_IW_GRDH_1SDV_20190429T035851_20190429T035916_016016_01E1C8_1C16.SAFE,2019-04-29T03:58:51
nw-1315-08-000066,nw-1315-08-000066.jpg,images/nw-1315-08-000066.jpg,nw,0,water,,0,640,640,S1_20190429_154837_155017_VV_51,S1A_IW_GRDH_1SDV_20190429T154927_20190429T154952_027007_030A73_C58E.SAFE,2019-04-29T15:48:37
nw-1316-08-000067,nw-1316-08-000067.jpg,images/nw-1316-08-000067.jpg,nw,0,water,,0,640,640,S1_20190430_035118_035259_VV_79,S1A_IW_GRDH_1SDV_20190430T035118_20190430T035143_027014_030AB6_614C.SAFE,2019-04-30T03:51:18
nw-1317-08-000068,nw-1317-08-000068.jpg,images/nw-1317-08-000068.jpg,nw,0,water,,0,640,640,S1_20190501_034219_034359_VV_14,S1B_IW_GRDH_1SDV_20190501T034219_20190501T034244_016045_01E2CB_DAFE.SAFE,2019-05-01T03:42:19
nw-1318-08-000069,nw-1318-08-000069.jpg,images/nw-1318-08-000069.jpg,nw,0,water,,0,640,640,S1_20190506_035041_035220_VV_32,S1B_IW_GRDH_1SDV_20190506T035106_20190506T035131_016118_01E530_B2A0.SAFE,2019-05-06T03:50:41
nw-1319-08-000070,nw-1319-08-000070.jpg,images/nw-1319-08-000070.jpg,nw,0,water,,0,640,640,S1_20190506_035041_035220_VV_56,S1B_IW_GRDH_1SDV_20190506T035131_20190506T035156_016118_01E530_855F.SAFE,2019-05-06T03:50:41
nw-1320-08-000071,nw-1320-08-000071.jpg,images/nw-1320-08-000071.jpg,nw,0,water,,0,640,640,S1_20190515_160406_160546_VV_62,S1B_IW_GRDH_1SDV_20190515T160521_20190515T160546_016257_01E988_5FD0.SAFE,2019-05-15T16:04:06
nw-1321-08-000072,nw-1321-08-000072.jpg,images/nw-1321-08-000072.jpg,nw,0,water,,0,640,640,S1_20190515_160406_160546_VV_73,S1B_IW_GRDH_1SDV_20190515T160521_20190515T160546_016257_01E988_5FD0.SAFE,2019-05-15T16:04:06
nw-1322-08-000073,nw-1322-08-000073.jpg,images/nw-1322-08-000073.jpg,nw,0,water,,0,640,640,S1_20190523_154838_155018_VV_149,S1A_IW_GRDH_1SDV_20190523T154953_20190523T155018_027357_0315EA_7A48.SAFE,2019-05-23T15:48:38
nw-1323-08-000074,nw-1323-08-000074.jpg,images/nw-1323-08-000074.jpg,nw,0,water,,0,640,640,S1_20190523_154838_155018_VV_150,S1A_IW_GRDH_1SDV_20190523T154953_20190523T155018_027357_0315EA_7A48.SAFE,2019-05-23T15:48:38
nw-1324-08-000075,nw-1324-08-000075.jpg,images/nw-1324-08-000075.jpg,nw,0,water,,0,640,640,S1_20190524_035119_035300_VV_73,S1A_IW_GRDH_1SDV_20190524T035144_20190524T035209_027364_031625_287A.SAFE;S1A_IW_GRDH_1SDV_20190524T035119_20190524T035144_027364_031625_69C6.SAFE,2019-05-24T03:51:19
nw-1325-08-000076,nw-1325-08-000076.jpg,images/nw-1325-08-000076.jpg,nw,0,water,,0,640,640,S1_20190529_154748_154928_VV_27,S1B_IW_GRDH_1SDV_20190529T154903_20190529T154928_016461_01EFC4_CD23.SAFE,2019-05-29T15:47:48
nw-1326-08-000077,nw-1326-08-000077.jpg,images/nw-1326-08-000077.jpg,nw,0,water,,0,640,640,S1_20190530_035042_035221_VV_105,S1B_IW_GRDH_1SDV_20190530T035107_20190530T035132_016468_01EFFB_17D5.SAFE,2019-05-30T03:50:42
nw-1327-08-000078,nw-1327-08-000078.jpg,images/nw-1327-08-000078.jpg,nw,0,water,,0,640,640,S1_20190530_035042_035221_VV_19,S1B_IW_GRDH_1SDV_20190530T035042_20190530T035107_016468_01EFFB_06B2.SAFE,2019-05-30T03:50:42
nw-1328-08-000079,nw-1328-08-000079.jpg,images/nw-1328-08-000079.jpg,nw,0,water,,0,640,640,S1_20190530_154010_154150_VV_84,S1A_IW_GRDH_1SDV_20190530T154125_20190530T154150_027459_031913_1260.SAFE,2019-05-30T15:40:10
nw-1329-08-000080,nw-1329-08-000080.jpg,images/nw-1329-08-000080.jpg,nw,0,water,,0,640,640,S1_20190530_154010_154150_VV_86,S1A_IW_GRDH_1SDV_20190530T154125_20190530T154150_027459_031913_1260.SAFE,2019-05-30T15:40:10
nw-1330-08-000081,nw-1330-08-000081.jpg,images/nw-1330-08-000081.jpg,nw,0,water,,0,640,640,S1_20190531_034300_034440_VV_20,S1A_IW_GRDH_1SDV_20190531T034300_20190531T034325_027466_031954_5014.SAFE,2019-05-31T03:43:00
nw-1331-08-000082,nw-1331-08-000082.jpg,images/nw-1331-08-000082.jpg,nw,0,water,,0,640,640,S1_20190531_034300_034440_VV_41,S1A_IW_GRDH_1SDV_20190531T034300_20190531T034325_027466_031954_5014.SAFE,2019-05-31T03:43:00
nw-1332-08-000083,nw-1332-08-000083.jpg,images/nw-1332-08-000083.jpg,nw,0,water,,0,640,640,S1_20190612_034300_034440_VV_22,S1A_IW_GRDH_1SDV_20190612T034300_20190612T034325_027641_031EA9_7D1B.SAFE,2019-06-12T03:43:00
nw-1333-08-000084,nw-1333-08-000084.jpg,images/nw-1333-08-000084.jpg,nw,0,water,,0,640,640,S1_20190616_035853_040032_VV_97,S1B_IW_GRDH_1SDV_20190616T035918_20190616T035943_016716_01F766_2E45.SAFE,2019-06-16T03:58:53
nw-1334-08-000085,nw-1334-08-000085.jpg,images/nw-1334-08-000085.jpg,nw,0,water,,0,640,640,S1_20190624_034301_034441_VV_195,S1A_IW_GRDH_1SDV_20190624T034301_20190624T034326_027816_0323DB_4474.SAFE,2019-06-24T03:43:01
nw-1335-08-000086,nw-1335-08-000086.jpg,images/nw-1335-08-000086.jpg,nw,0,water,,0,640,640,S1_20190628_035854_040033_VV_0,S1B_IW_GRDH_1SDV_20190628T035854_20190628T035919_016891_01FC8F_151B.SAFE,2019-06-28T03:58:54
nw-1336-08-000087,nw-1336-08-000087.jpg,images/nw-1336-08-000087.jpg,nw,0,water,,0,640,640,S1_20190817_034225_034405_VV_52,S1B_IW_GRDH_1SDV_20190817T034340_20190817T034405_017620_021260_79A2.SAFE;S1B_IW_GRDH_1SDV_20190817T034315_20190817T034340_017620_021260_CC88.SAFE,2019-08-17T03:42:25
nw-1337-08-000088,nw-1337-08-000088.jpg,images/nw-1337-08-000088.jpg,nw,0,water,,0,640,640,S1_20190823_034305_034445_VV_14,S1A_IW_GRDH_1SDV_20190823T034305_20190823T034330_028691_033F57_8F26.SAFE,2019-08-23T03:43:05
nw-1338-08-000089,nw-1338-08-000089.jpg,images/nw-1338-08-000089.jpg,nw,0,water,,0,640,640,S1_20190823_034305_034445_VV_83,S1A_IW_GRDH_1SDV_20190823T034330_20190823T034355_028691_033F57_A0BF.SAFE,2019-08-23T03:43:05
nw-1339-08-000090,nw-1339-08-000090.jpg,images/nw-1339-08-000090.jpg,nw,0,water,,0,640,640,S1_20190828_035124_035306_VV_30,S1A_IW_GRDH_1SDV_20190828T035124_20190828T035149_028764_0341F0_DBEB.SAFE,2019-08-28T03:51:24
nw-1340-08-000091,nw-1340-08-000091.jpg,images/nw-1340-08-000091.jpg,nw,0,water,,0,640,640,S1_20190902_035935_040115_VV_27,S1A_IW_GRDH_1SDV_20190902T035935_20190902T040000_028837_03447B_7C6D.SAFE,2019-09-02T03:59:35
nw-1341-08-000092,nw-1341-08-000092.jpg,images/nw-1341-08-000092.jpg,nw,0,water,,0,640,640,S1_20190903_035048_035227_VV_103,S1B_IW_GRDH_1SDV_20190903T035113_20190903T035138_017868_021A04_3E95.SAFE,2019-09-03T03:50:48
nw-1342-08-000093,nw-1342-08-000093.jpg,images/nw-1342-08-000093.jpg,nw,0,water,,0,640,640,S1_20190903_035048_035227_VV_108,S1B_IW_GRDH_1SDV_20190903T035138_20190903T035203_017868_021A04_85C3.SAFE;S1B_IW_GRDH_1SDV_20190903T035113_20190903T035138_017868_021A04_3E95.SAFE,2019-09-03T03:50:48
nw-1343-08-000094,nw-1343-08-000094.jpg,images/nw-1343-08-000094.jpg,nw,0,water,,0,640,640,S1_20190904_034305_034445_VV_157,S1A_IW_GRDH_1SDV_20190904T034355_20190904T034420_028866_034579_B50C.SAFE,2019-09-04T03:43:05
nw-1344-08-000095,nw-1344-08-000095.jpg,images/nw-1344-08-000095.jpg,nw,0,water,,0,640,640,S1_20190910_034226_034406_VV_149,S1B_IW_GRDH_1SDV_20190910T034316_20190910T034341_017970_021D4F_D703.SAFE,2019-09-10T03:42:26
nw-1345-08-000096,nw-1345-08-000096.jpg,images/nw-1345-08-000096.jpg,nw,0,water,,0,640,640,S1_20190910_034226_034406_VV_63,S1B_IW_GRDH_1SDV_20190910T034251_20190910T034316_017970_021D4F_07F7.SAFE,2019-09-10T03:42:26
nw-1346-08-000097,nw-1346-08-000097.jpg,images/nw-1346-08-000097.jpg,nw,0,water,,0,640,640,S1_20190910_034226_034406_VV_83,S1B_IW_GRDH_1SDV_20190910T034316_20190910T034341_017970_021D4F_D703.SAFE,2019-09-10T03:42:26
nw-1347-08-000098,nw-1347-08-000098.jpg,images/nw-1347-08-000098.jpg,nw,0,water,,0,640,640,S1_20190914_154754_154934_VV_51,S1B_IW_GRDH_1SDV_20190914T154909_20190914T154934_018036_021F43_81B3.SAFE,2019-09-14T15:47:54
nw-1348-08-000099,nw-1348-08-000099.jpg,images/nw-1348-08-000099.jpg,nw,0,water,,0,640,640,S1_20190914_154754_154934_VV_84,S1B_IW_GRDH_1SDV_20190914T154909_20190914T154934_018036_021F43_81B3.SAFE,2019-09-14T15:47:54
nw-1349-08-000100,nw-1349-08-000100.jpg,images/nw-1349-08-000100.jpg,nw,0,water,,0,640,640,S1_20190915_035049_035228_VV_91,S1B_IW_GRDH_1SDV_20190915T035049_20190915T035114_018043_021F77_F12E.SAFE,2019-09-15T03:50:49
nw-1350-08-000101,nw-1350-08-000101.jpg,images/nw-1350-08-000101.jpg,nw,0,water,,0,640,640,S1_20190915_035049_035228_VV_98,S1B_IW_GRDH_1SDV_20190915T035049_20190915T035114_018043_021F77_F12E.SAFE,2019-09-15T03:50:49
nw-1351-08-000102,nw-1351-08-000102.jpg,images/nw-1351-08-000102.jpg,nw,0,water,,0,640,640,S1_20190916_034306_034446_VV_84,S1A_IW_GRDH_1SDV_20190916T034356_20190916T034421_029041_034B8F_5C81.SAFE,2019-09-16T03:43:06
nw-1352-08-000103,nw-1352-08-000103.jpg,images/nw-1352-08-000103.jpg,nw,0,water,,0,640,640,S1_20190926_035936_040116_VV_41,S1A_IW_GRDH_1SDV_20190926T035936_20190926T040001_029187_035080_891A.SAFE,2019-09-26T03:59:36
nw-1353-08-000104,nw-1353-08-000104.jpg,images/nw-1353-08-000104.jpg,nw,0,water,,0,640,640,S1_20190930_160458_160638_VV_45,S1A_IW_GRDH_1SDV_20190930T160613_20190930T160638_029253_0352E1_768B.SAFE,2019-09-30T16:04:58
nw-1354-08-000105,nw-1354-08-000105.jpg,images/nw-1354-08-000105.jpg,nw,0,water,,0,640,640,S1_20191002_035859_040038_VV_258,S1B_IW_GRDH_1SDV_20191002T035949_20191002T040014_018291_022738_5054.SAFE,2019-10-02T03:58:59
nw-1355-08-000106,nw-1355-08-000106.jpg,images/nw-1355-08-000106.jpg,nw,0,water,,0,640,640,S1_20191002_035859_040038_VV_93,S1B_IW_GRDH_1SDV_20191002T035949_20191002T040014_018291_022738_5054.SAFE,2019-10-02T03:58:59
nw-1356-08-000107,nw-1356-08-000107.jpg,images/nw-1356-08-000107.jpg,nw,0,water,,0,640,640,S1_20191004_034227_034407_VV_195,S1B_IW_GRDH_1SDV_20191004T034227_20191004T034252_018320_02282B_0F0F.SAFE,2019-10-04T03:42:27
nw-1357-08-000108,nw-1357-08-000108.jpg,images/nw-1357-08-000108.jpg,nw,0,water,,0,640,640,S1_20191004_034227_034407_VV_73,S1B_IW_GRDH_1SDV_20191004T034252_20191004T034317_018320_02282B_B1FB.SAFE,2019-10-04T03:42:27
nw-1358-08-000109,nw-1358-08-000109.jpg,images/nw-1358-08-000109.jpg,nw,0,water,,0,640,640,S1_20191007_155647_155827_VV_73,S1A_IW_GRDH_1SDV_20191007T155802_20191007T155827_029355_035652_6903.SAFE,2019-10-07T15:56:47
nw-1359-08-000110,nw-1359-08-000110.jpg,images/nw-1359-08-000110.jpg,nw,0,water,,0,640,640,S1_20191007_155647_155827_VV_78,S1A_IW_GRDH_1SDV_20191007T155802_20191007T155827_029355_035652_6903.SAFE,2019-10-07T15:56:47
nw-1360-08-000111,nw-1360-08-000111.jpg,images/nw-1360-08-000111.jpg,nw,0,water,,0,640,640,S1_20191008_035936_040116_VV_10,S1A_IW_GRDH_1SDV_20191008T035936_20191008T040001_029362_03568A_4BC2.SAFE,2019-10-08T03:59:36
nw-1361-08-000112,nw-1361-08-000112.jpg,images/nw-1361-08-000112.jpg,nw,0,water,,0,640,640,S1_20191014_154845_155025_VV_171,S1A_IW_GRDH_1SDV_20191014T154935_20191014T155000_029457_0359DE_42F0.SAFE,2019-10-14T15:48:45
nw-1362-08-000113,nw-1362-08-000113.jpg,images/nw-1362-08-000113.jpg,nw,0,water,,0,640,640,S1_20191015_035126_035307_VV_61,S1A_IW_GRDH_1SDV_20191015T035216_20191015T035241_029464_035A19_207B.SAFE,2019-10-15T03:51:26
nw-1363-08-000114,nw-1363-08-000114.jpg,images/nw-1363-08-000114.jpg,nw,0,water,,0,640,640,S1_20191016_034227_034407_VV_66,S1B_IW_GRDH_1SDV_20191016T034252_20191016T034317_018495_022D96_AE2A.SAFE;S1B_IW_GRDH_1SDV_20191016T034227_20191016T034252_018495_022D96_DFD2.SAFE,2019-10-16T03:42:27
nw-1364-08-000115,nw-1364-08-000115.jpg,images/nw-1364-08-000115.jpg,nw,0,water,,0,640,640,S1_20191020_154755_154935_VV_16,S1B_IW_GRDH_1SDV_20191020T154910_20191020T154935_018561_022F8C_14B1.SAFE,2019-10-20T15:47:55
nw-1365-08-000116,nw-1365-08-000116.jpg,images/nw-1365-08-000116.jpg,nw,0,water,,0,640,640,S1_20191024_160458_160638_VV_27,S1A_IW_GRDH_1SDV_20191024T160523_20191024T160548_029603_035EE4_64F7.SAFE,2019-10-24T16:04:58
nw-1366-08-000117,nw-1366-08-000117.jpg,images/nw-1366-08-000117.jpg,nw,0,water,,0,640,640,S1_20191025_155619_155644_VV_22,S1B_IW_GRDH_1SDV_20191025T155619_20191025T155644_018634_0231C5_600D.SAFE,2019-10-25T15:56:19
nw-1367-08-000118,nw-1367-08-000118.jpg,images/nw-1367-08-000118.jpg,nw,0,water,,0,640,640,S1_20191027_035126_035307_VV_96,S1A_IW_GRDH_1SDV_20191027T035216_20191027T035241_029639_036018_3127.SAFE,2019-10-27T03:51:26
nw-1368-08-000119,nw-1368-08-000119.jpg,images/nw-1368-08-000119.jpg,nw,0,water,,0,640,640,S1_20191027_153951_154106_VV_78,S1B_IW_GRDH_1SDV_20191027T154016_20191027T154041_018663_0232BF_6EB7.SAFE,2019-10-27T15:39:51
nw-1369-08-000120,nw-1369-08-000120.jpg,images/nw-1369-08-000120.jpg,nw,0,water,,0,640,640,S1_20191028_034227_034407_VV_142,S1B_IW_GRDH_1SDV_20191028T034252_20191028T034317_018670_0232F7_237B.SAFE,2019-10-28T03:42:27
nw-1370-08-000121,nw-1370-08-000121.jpg,images/nw-1370-08-000121.jpg,nw,0,water,,0,640,640,S1_20191028_034227_034407_VV_153,S1B_IW_GRDH_1SDV_20191028T034252_20191028T034317_018670_0232F7_237B.SAFE,2019-10-28T03:42:27
nw-1371-08-000122,nw-1371-08-000122.jpg,images/nw-1371-08-000122.jpg,nw,0,water,,0,640,640,S1_20191028_034227_034407_VV_158,S1B_IW_GRDH_1SDV_20191028T034252_20191028T034317_018670_0232F7_237B.SAFE,2019-10-28T03:42:27
nw-1372-08-000123,nw-1372-08-000123.jpg,images/nw-1372-08-000123.jpg,nw,0,water,,0,640,640,S1_20191028_034227_034407_VV_38,S1B_IW_GRDH_1SDV_20191028T034227_20191028T034252_018670_0232F7_69C9.SAFE,2019-10-28T03:42:27
nw-1373-08-000124,nw-1373-08-000124.jpg,images/nw-1373-08-000124.jpg,nw,0,water,,0,640,640,S1_20191028_034227_034407_VV_88,S1B_IW_GRDH_1SDV_20191028T034252_20191028T034317_018670_0232F7_237B.SAFE;S1B_IW_GRDH_1SDV_20191028T034227_20191028T034252_018670_0232F7_69C9.SAFE,2019-10-28T03:42:27
nw-1374-08-000125,nw-1374-08-000125.jpg,images/nw-1374-08-000125.jpg,nw,0,water,,0,640,640,S1_20191030_160414_160554_VV_101,S1B_IW_GRDH_1SDV_20191030T160529_20191030T160554_018707_023425_8B2A.SAFE,2019-10-30T16:04:14
nw-1375-08-000126,nw-1375-08-000126.jpg,images/nw-1375-08-000126.jpg,nw,0,water,,0,640,640,S1_20191030_160414_160554_VV_104,S1B_IW_GRDH_1SDV_20191030T160529_20191030T160554_018707_023425_8B2A.SAFE,2019-10-30T16:04:14
nw-1376-08-000127,nw-1376-08-000127.jpg,images/nw-1376-08-000127.jpg,nw,0,water,,0,640,640,S1_20191030_160414_160554_VV_97,S1B_IW_GRDH_1SDV_20191030T160529_20191030T160554_018707_023425_8B2A.SAFE,2019-10-30T16:04:14
nw-1377-08-000128,nw-1377-08-000128.jpg,images/nw-1377-08-000128.jpg,nw,0,water,,0,640,640,S1_20191031_155647_155827_VV_93,S1A_IW_GRDH_1SDV_20191031T155802_20191031T155827_029705_036271_A67B.SAFE,2019-10-31T15:56:47
nw-1378-08-000129,nw-1378-08-000129.jpg,images/nw-1378-08-000129.jpg,nw,0,water,,0,640,640,S1_20191031_155647_155827_VV_95,S1A_IW_GRDH_1SDV_20191031T155802_20191031T155827_029705_036271_A67B.SAFE,2019-10-31T15:56:47
nw-1379-08-000130,nw-1379-08-000130.jpg,images/nw-1379-08-000130.jpg,nw,0,water,,0,640,640,S1_20191114_154017_154157_VV_130,S1A_IW_GRDH_1SDV_20191114T154132_20191114T154157_029909_03698D_5D14.SAFE,2019-11-14T15:40:17
nw-1380-08-000131,nw-1380-08-000131.jpg,images/nw-1380-08-000131.jpg,nw,0,water,,0,640,640,S1_20191119_035859_040038_VV_26,S1B_IW_GRDH_1SDV_20191119T035924_20191119T035949_018991_023D4F_586C.SAFE,2019-11-19T03:58:59
nw-1381-08-000132,nw-1381-08-000132.jpg,images/nw-1381-08-000132.jpg,nw,0,water,,0,640,640,S1_20191123_160414_160554_VV_62,S1B_IW_GRDH_1SDV_20191123T160504_20191123T160529_019057_023F6D_E19E.SAFE,2019-11-23T16:04:14
nw-1382-08-000133,nw-1382-08-000133.jpg,images/nw-1382-08-000133.jpg,nw,0,water,,0,640,640,S1_20191127_034306_034446_VV_227,S1A_IW_GRDH_1SDV_20191127T034306_20191127T034331_030091_036FE7_8035.SAFE,2019-11-27T03:43:06
nw-1383-08-000134,nw-1383-08-000134.jpg,images/nw-1383-08-000134.jpg,nw,0,water,,0,640,640,S1_20191127_034306_034446_VV_74,S1A_IW_GRDH_1SDV_20191127T034331_20191127T034356_030091_036FE7_55A3.SAFE,2019-11-27T03:43:06
nw-1384-08-000135,nw-1384-08-000135.jpg,images/nw-1384-08-000135.jpg,nw,0,water,,0,640,640,S1_20191127_153136_153316_VV_521,S1B_IW_GRDH_1SDV_20191127T153251_20191127T153316_019115_024136_DAF8.SAFE,2019-11-27T15:31:36
nw-1385-08-000136,nw-1385-08-000136.jpg,images/nw-1385-08-000136.jpg,nw,0,water,,0,640,640,S1_20191127_153136_153316_VV_623,S1B_IW_GRDH_1SDV_20191127T153251_20191127T153316_019115_024136_DAF8.SAFE,2019-11-27T15:31:36
nw-1386-08-000137,nw-1386-08-000137.jpg,images/nw-1386-08-000137.jpg,nw,0,water,,0,640,640,S1_20191201_035859_040038_VV_4,S1B_IW_GRDH_1SDV_20191201T035949_20191201T040014_019166_0242DD_8737.SAFE,2019-12-01T03:58:59
nw-1387-08-000138,nw-1387-08-000138.jpg,images/nw-1387-08-000138.jpg,nw,0,water,,0,640,640,S1_20191201_154844_155024_VV_86,S1A_IW_GRDH_1SDV_20191201T154909_20191201T154934_030157_03722E_6A79.SAFE,2019-12-01T15:48:44
nw-1388-08-000139,nw-1388-08-000139.jpg,images/nw-1388-08-000139.jpg,nw,0,water,,0,640,640,S1_20191203_034226_034406_VV_193,S1B_IW_GRDH_1SDV_20191203T034316_20191203T034341_019195_0243D6_6D71.SAFE,2019-12-03T03:42:26
nw-1389-08-000140,nw-1389-08-000140.jpg,images/nw-1389-08-000140.jpg,nw,0,water,,0,640,640,S1_20191203_034226_034406_VV_281,S1B_IW_GRDH_1SDV_20191203T034251_20191203T034316_019195_0243D6_EC71.SAFE,2019-12-03T03:42:26
nw-1390-08-000141,nw-1390-08-000141.jpg,images/nw-1390-08-000141.jpg,nw,0,water,,0,640,640,S1_20191203_034226_034406_VV_295,S1B_IW_GRDH_1SDV_20191203T034251_20191203T034316_019195_0243D6_EC71.SAFE,2019-12-03T03:42:26
nw-1391-08-000142,nw-1391-08-000142.jpg,images/nw-1391-08-000142.jpg,nw,0,water,,0,640,640,S1_20191206_155646_155826_VV_321,S1A_IW_GRDH_1SDV_20191206T155801_20191206T155826_030230_0374B1_B398.SAFE,2019-12-06T15:56:46
nw-1392-08-000143,nw-1392-08-000143.jpg,images/nw-1392-08-000143.jpg,nw,0,water,,0,640,640,S1_20191208_035048_035227_VV_2,S1B_IW_GRDH_1SDV_20191208T035048_20191208T035113_019268_02460F_78B1.SAFE,2019-12-08T03:50:48
nw-1393-08-000144,nw-1393-08-000144.jpg,images/nw-1393-08-000144.jpg,nw,0,water,,0,640,640,S1_20191208_035048_035227_VV_338,S1B_IW_GRDH_1SDV_20191208T035048_20191208T035113_019268_02460F_78B1.SAFE,2019-12-08T03:50:48
nw-1394-08-000145,nw-1394-08-000145.jpg,images/nw-1394-08-000145.jpg,nw,0,water,,0,640,640,S1_20191208_154016_154156_VV_286,S1A_IW_GRDH_1SDV_20191208T154131_20191208T154156_030259_0375A0_A790.SAFE,2019-12-08T15:40:16
nw-1395-08-000146,nw-1395-08-000146.jpg,images/nw-1395-08-000146.jpg,nw,0,water,,0,640,640,S1_20191208_154016_154156_VV_296,S1A_IW_GRDH_1SDV_20191208T154131_20191208T154156_030259_0375A0_A790.SAFE,2019-12-08T15:40:16
nw-1396-08-000147,nw-1396-08-000147.jpg,images/nw-1396-08-000147.jpg,nw,0,water,,0,640,640,S1_20191208_154016_154156_VV_326,S1A_IW_GRDH_1SDV_20191208T154131_20191208T154156_030259_0375A0_A790.SAFE,2019-12-08T15:40:16
nw-1397-08-000148,nw-1397-08-000148.jpg,images/nw-1397-08-000148.jpg,nw,0,water,,0,640,640,S1_20191208_154016_154156_VV_428,S1A_IW_GRDH_1SDV_20191208T154131_20191208T154156_030259_0375A0_A790.SAFE,2019-12-08T15:40:16
nw-1398-08-000149,nw-1398-08-000149.jpg,images/nw-1398-08-000149.jpg,nw,0,water,,0,640,640,S1_20191209_034306_034446_VV_231,S1A_IW_GRDH_1SDV_20191209T034306_20191209T034331_030266_0375E5_975E.SAFE,2019-12-09T03:43:06
nw-1399-08-000150,nw-1399-08-000150.jpg,images/nw-1399-08-000150.jpg,nw,0,water,,0,640,640,S1_20191209_034306_034446_VV_250,S1A_IW_GRDH_1SDV_20191209T034331_20191209T034356_030266_0375E5_4006.SAFE,2019-12-09T03:43:06
nw-1400-08-000151,nw-1400-08-000151.jpg,images/nw-1400-08-000151.jpg,nw,0,water,,0,640,640,S1_20191209_034306_034446_VV_88,S1A_IW_GRDH_1SDV_20191209T034331_20191209T034356_030266_0375E5_4006.SAFE,2019-12-09T03:43:06
nw-1401-08-000152,nw-1401-08-000152.jpg,images/nw-1401-08-000152.jpg,nw,0,water,,0,640,640,S1_20191209_153136_153316_VV_480,S1B_IW_GRDH_1SDV_20191209T153226_20191209T153251_019290_0246C0_89B6.SAFE,2019-12-09T15:31:36
nw-1402-08-000153,nw-1402-08-000153.jpg,images/nw-1402-08-000153.jpg,nw,0,water,,0,640,640,S1_20191211_160457_160637_VV_177,S1A_IW_GRDH_1SDV_20191211T160547_20191211T160612_030303_037740_EFF3.SAFE,2019-12-11T16:04:57
nw-1403-08-000154,nw-1403-08-000154.jpg,images/nw-1403-08-000154.jpg,nw,0,water,,0,640,640,S1_20191213_035858_040037_VV_31,S1B_IW_GRDH_1SDV_20191213T035858_20191213T035923_019341_024871_4AD6.SAFE,2019-12-13T03:58:58
nw-1404-08-000155,nw-1404-08-000155.jpg,images/nw-1404-08-000155.jpg,nw,0,water,,0,640,640,S1_20191213_154844_155024_VV_138,S1A_IW_GRDH_1SDV_20191213T154934_20191213T154959_030332_03783C_5712.SAFE,2019-12-13T15:48:44
nw-1405-08-000156,nw-1405-08-000156.jpg,images/nw-1405-08-000156.jpg,nw,0,water,,0,640,640,S1_20191213_154844_155024_VV_189,S1A_IW_GRDH_1SDV_20191213T154959_20191213T155024_030332_03783C_0DB6.SAFE,2019-12-13T15:48:44
nw-1406-08-000157,nw-1406-08-000157.jpg,images/nw-1406-08-000157.jpg,nw,0,water,,0,640,640,S1_20191214_035125_035306_VV_88,S1A_IW_GRDH_1SDV_20191214T035150_20191214T035215_030339_037875_1D0E.SAFE,2019-12-14T03:51:25
nw-1407-08-000158,nw-1407-08-000158.jpg,images/nw-1407-08-000158.jpg,nw,0,water,,0,640,640,S1_20191215_034226_034406_VV_241,S1B_IW_GRDH_1SDV_20191215T034226_20191215T034251_019370_024965_0DDE.SAFE,2019-12-15T03:42:26
nw-1408-08-000159,nw-1408-08-000159.jpg,images/nw-1408-08-000159.jpg,nw,0,water,,0,640,640,S1_20191217_160413_160553_VV_197,S1B_IW_GRDH_1SDV_20191217T160438_20191217T160503_019407_024A8B_74A1.SAFE,2019-12-17T16:04:13
nw-1409-08-000160,nw-1409-08-000160.jpg,images/nw-1409-08-000160.jpg,nw,0,water,,0,640,640,S1_20191217_160413_160553_VV_203,S1B_IW_GRDH_1SDV_20191217T160503_20191217T160528_019407_024A8B_2E63.SAFE;S1B_IW_GRDH_1SDV_20191217T160438_20191217T160503_019407_024A8B_74A1.SAFE,2019-12-17T16:04:13
nw-1410-08-000161,nw-1410-08-000161.jpg,images/nw-1410-08-000161.jpg,nw,0,water,,0,640,640,S1_20191225_035858_040037_VV_177,S1B_IW_GRDH_1SDV_20191225T035858_20191225T035923_019516_024E03_DEFF.SAFE,2019-12-25T03:58:58
nw-1411-08-000162,nw-1411-08-000162.jpg,images/nw-1411-08-000162.jpg,nw,0,water,,0,640,640,S1_20191226_035124_035306_VV_18,S1A_IW_GRDH_1SDV_20191226T035124_20191226T035149_030514_037E7E_0626.SAFE,2019-12-26T03:51:24
nw-1412-08-000163,nw-1412-08-000163.jpg,images/nw-1412-08-000163.jpg,nw,0,water,,0,640,640,S1_20191226_035124_035306_VV_26,S1A_IW_GRDH_1SDV_20191226T035124_20191226T035149_030514_037E7E_0626.SAFE,2019-12-26T03:51:24
nw-1413-08-000164,nw-1413-08-000164.jpg,images/nw-1413-08-000164.jpg,nw,0,water,,0,640,640,S1_20191226_035124_035306_VV_285,S1A_IW_GRDH_1SDV_20191226T035214_20191226T035239_030514_037E7E_8DF3.SAFE,2019-12-26T03:51:24
nw-1414-08-000165,nw-1414-08-000165.jpg,images/nw-1414-08-000165.jpg,nw,0,water,,0,640,640,S1_20191226_153950_154105_VV_294,S1B_IW_GRDH_1SDV_20191226T154040_20191226T154105_019538_024EBC_8CA8.SAFE,2019-12-26T15:39:50
nw-1415-08-000166,nw-1415-08-000166.jpg,images/nw-1415-08-000166.jpg,nw,0,water,,0,640,640,S1_20191229_160412_160552_VV_151,S1B_IW_GRDH_1SDV_20191229T160502_20191229T160527_019582_02501D_1510.SAFE,2019-12-29T16:04:12
nw-1416-08-000167,nw-1416-08-000167.jpg,images/nw-1416-08-000167.jpg,nw,0,water,,0,640,640,S1_20191229_160412_160552_VV_164,S1B_IW_GRDH_1SDV_20191229T160527_20191229T160552_019582_02501D_988D.SAFE;S1B_IW_GRDH_1SDV_20191229T160502_20191229T160527_019582_02501D_1510.SAFE,2019-12-29T16:04:12
nw-1417-08-000168,nw-1417-08-000168.jpg,images/nw-1417-08-000168.jpg,nw,0,water,,0,640,640,S1_20191229_160412_160552_VV_177,S1B_IW_GRDH_1SDV_20191229T160527_20191229T160552_019582_02501D_988D.SAFE,2019-12-29T16:04:12
nw-1418-08-000169,nw-1418-08-000169.jpg,images/nw-1418-08-000169.jpg,nw,0,water,,0,640,640,S1_20191229_160412_160552_VV_187,S1B_IW_GRDH_1SDV_20191229T160527_20191229T160552_019582_02501D_988D.SAFE,2019-12-29T16:04:12
nw-1419-08-000170,nw-1419-08-000170.jpg,images/nw-1419-08-000170.jpg,nw,0,water,,0,640,640,S1_20191229_160412_160552_VV_206,S1B_IW_GRDH_1SDV_20191229T160527_20191229T160552_019582_02501D_988D.SAFE,2019-12-29T16:04:12
nw-1420-08-000171,nw-1420-08-000171.jpg,images/nw-1420-08-000171.jpg,nw,0,water,,0,640,640,S1_20191229_160412_160552_VV_208,S1B_IW_GRDH_1SDV_20191229T160527_20191229T160552_019582_02501D_988D.SAFE,2019-12-29T16:04:12
nw-1421-08-000172,nw-1421-08-000172.jpg,images/nw-1421-08-000172.jpg,nw,0,water,,0,640,640,S1_20191229_160412_160552_VV_281,S1B_IW_GRDH_1SDV_20191229T160527_20191229T160552_019582_02501D_988D.SAFE,2019-12-29T16:04:12
nw-1422-08-000173,nw-1422-08-000173.jpg,images/nw-1422-08-000173.jpg,nw,0,water,,0,640,640,S1_20191231_035934_040114_VV_191,S1A_IW_GRDH_1SDV_20191231T040024_20191231T040049_030587_038100_9DB1.SAFE,2019-12-31T03:59:34
nw-1423-08-000174,nw-1423-08-000174.jpg,images/nw-1423-08-000174.jpg,nw,0,water,,0,640,640,S1_20191231_035934_040114_VV_56,S1A_IW_GRDH_1SDV_20191231T040049_20191231T040114_030587_038100_3E6A.SAFE,2019-12-31T03:59:34
nw-1424-08-000175,nw-1424-08-000175.jpg,images/nw-1424-08-000175.jpg,nw,0,water,,0,640,640,S1_20191231_154753_154933_VV_161,S1B_IW_GRDH_1SDV_20191231T154818_20191231T154843_019611_025103_9D8D.SAFE,2019-12-31T15:47:53
nw-1425-09-000001,nw-1425-09-000001.jpg,images/nw-1425-09-000001.jpg,nw,0,water,,0,640,640,S1_20190101_034235_034350_VV_24,S1B_IW_GRDH_1SDV_20190101T034235_20190101T034300_014295_01A97E_458A.SAFE,2019-01-01T03:42:35
nw-1426-09-000002,nw-1426-09-000002.jpg,images/nw-1426-09-000002.jpg,nw,0,water,,0,640,640,S1_20190105_035928_040108_VV_17,S1A_IW_GRDH_1SDV_20190105T035928_20190105T035953_025337_02CDDA_E728.SAFE,2019-01-05T03:59:28
nw-1427-09-000003,nw-1427-09-000003.jpg,images/nw-1427-09-000003.jpg,nw,0,water,,0,640,640,S1_20190105_035928_040108_VV_31,S1A_IW_GRDH_1SDV_20190105T035928_20190105T035953_025337_02CDDA_E728.SAFE,2019-01-05T03:59:28
nw-1428-09-000004,nw-1428-09-000004.jpg,images/nw-1428-09-000004.jpg,nw,0,water,,0,640,640,S1_20190107_034258_034438_VV_32,S1A_IW_GRDH_1SDV_20190107T034258_20190107T034323_025366_02CEEB_0BC0.SAFE,2019-01-07T03:42:58
nw-1429-09-000005,nw-1429-09-000005.jpg,images/nw-1429-09-000005.jpg,nw,0,water,,0,640,640,S1_20190111_154836_155016_VV_76,S1A_IW_GRDH_1SDV_20190111T154926_20190111T154951_025432_02D14A_113A.SAFE,2019-01-11T15:48:36
nw-1430-09-000006,nw-1430-09-000006.jpg,images/nw-1430-09-000006.jpg,nw,0,water,,0,640,640,S1_20190112_153943_154058_VV_129,S1B_IW_GRDH_1SDV_20190112T154008_20190112T154033_014463_01AEE6_BC6A.SAFE;S1B_IW_GRDH_1SDV_20190112T153943_20190112T154008_014463_01AEE6_1C23.SAFE,2019-01-12T15:39:43
nw-1431-09-000007,nw-1431-09-000007.jpg,images/nw-1431-09-000007.jpg,nw,0,water,,0,640,640,S1_20190115_160405_160545_VV_42,S1B_IW_GRDH_1SDV_20190115T160520_20190115T160545_014507_01B052_6B4C.SAFE,2019-01-15T16:04:05
nw-1432-09-000008,nw-1432-09-000008.jpg,images/nw-1432-09-000008.jpg,nw,0,water,,0,640,640,S1_20190115_160405_160545_VV_58,S1B_IW_GRDH_1SDV_20190115T160455_20190115T160520_014507_01B052_D146.SAFE,2019-01-15T16:04:05
nw-1433-09-000009,nw-1433-09-000009.jpg,images/nw-1433-09-000009.jpg,nw,0,water,,0,640,640,S1_20190119_034258_034438_VV_57,S1A_IW_GRDH_1SDV_20190119T034323_20190119T034348_025541_02D53C_8F34.SAFE,2019-01-19T03:42:58
nw-1434-09-000010,nw-1434-09-000010.jpg,images/nw-1434-09-000010.jpg,nw,0,water,,0,640,640,S1_20190125_034234_034349_VV_13,S1B_IW_GRDH_1SDV_20190125T034234_20190125T034259_014645_01B4B6_3194.SAFE,2019-01-25T03:42:34
nw-1435-09-000011,nw-1435-09-000011.jpg,images/nw-1435-09-000011.jpg,nw,0,water,,0,640,640,S1_20190127_160405_160545_VV_38,S1B_IW_GRDH_1SDV_20190127T160520_20190127T160545_014682_01B5E9_2D4B.SAFE,2019-01-27T16:04:05
nw-1436-09-000012,nw-1436-09-000012.jpg,images/nw-1436-09-000012.jpg,nw,0,water,,0,640,640,S1_20190129_035927_040107_VV_18,S1A_IW_GRDH_1SDV_20190129T035952_20190129T040017_025687_02DA92_1060.SAFE,2019-01-29T03:59:27
nw-1437-09-000013,nw-1437-09-000013.jpg,images/nw-1437-09-000013.jpg,nw,0,water,,0,640,640,S1_20190203_155610_155635_VV_9,S1B_IW_GRDH_1SDV_20190203T155610_20190203T155635_014784_01B936_2332.SAFE,2019-02-03T15:56:10
nw-1438-09-000014,nw-1438-09-000014.jpg,images/nw-1438-09-000014.jpg,nw,0,water,,0,640,640,S1_20190206_034234_034349_VV_58,S1B_IW_GRDH_1SDV_20190206T034259_20190206T034324_014820_01BA76_B371.SAFE,2019-02-06T03:42:34
nw-1439-09-000015,nw-1439-09-000015.jpg,images/nw-1439-09-000015.jpg,nw,0,water,,0,640,640,S1_20190207_033454_033634_VV_10,S1A_IW_GRDH_1SDV_20190207T033454_20190207T033519_025818_02DF3B_8839.SAFE,2019-02-07T03:34:54
nw-1440-09-000016,nw-1440-09-000016.jpg,images/nw-1440-09-000016.jpg,nw,0,water,,0,640,640,S1_20190207_033454_033634_VV_15,S1A_IW_GRDH_1SDV_20190207T033454_20190207T033519_025818_02DF3B_8839.SAFE,2019-02-07T03:34:54
nw-1441-09-000017,nw-1441-09-000017.jpg,images/nw-1441-09-000017.jpg,nw,0,water,,0,640,640,S1_20190208_160405_160545_VV_48,S1B_IW_GRDH_1SDV_20190208T160520_20190208T160545_014857_01BBA6_32E4.SAFE;S1B_IW_GRDH_1SDV_20190208T160455_20190208T160520_014857_01BBA6_B1A4.SAFE,2019-02-08T16:04:05
nw-1442-09-000018,nw-1442-09-000018.jpg,images/nw-1442-09-000018.jpg,nw,0,water,,0,640,640,S1_20190210_035926_040106_VV_56,S1A_IW_GRDH_1SDV_20190210T040041_20190210T040106_025862_02E0DD_EBDC.SAFE;S1A_IW_GRDH_1SDV_20190210T040016_20190210T040041_025862_02E0DD_BBED.SAFE,2019-02-10T03:59:26
nw-1443-09-000019,nw-1443-09-000019.jpg,images/nw-1443-09-000019.jpg,nw,0,water,,0,640,640,S1_20190212_034257_034437_VV_115,S1A_IW_GRDH_1SDV_20190212T034412_20190212T034437_025891_02E1DC_36F3.SAFE,2019-02-12T03:42:57
nw-1444-09-000020,nw-1444-09-000020.jpg,images/nw-1444-09-000020.jpg,nw,0,water,,0,640,640,S1_20190212_034257_034437_VV_116,S1A_IW_GRDH_1SDV_20190212T034412_20190212T034437_025891_02E1DC_36F3.SAFE,2019-02-12T03:42:57
nw-1445-09-000021,nw-1445-09-000021.jpg,images/nw-1445-09-000021.jpg,nw,0,water,,0,640,640,S1_20190213_033408_033548_VV_1,S1B_IW_GRDH_1SDV_20190213T033408_20190213T033433_014922_01BDB4_3D7D.SAFE,2019-02-13T03:34:08
nw-1446-09-000022,nw-1446-09-000022.jpg,images/nw-1446-09-000022.jpg,nw,0,water,,0,640,640,S1_20190222_035926_040106_VV_98,S1A_IW_GRDH_1SDV_20190222T035926_20190222T035951_026037_02E70F_1C4A.SAFE,2019-02-22T03:59:26
nw-1447-09-000023,nw-1447-09-000023.jpg,images/nw-1447-09-000023.jpg,nw,0,water,,0,640,640,S1_20190223_035040_035219_VV_20,S1B_IW_GRDH_1SDV_20190223T035040_20190223T035105_015068_01C287_5EB6.SAFE,2019-02-23T03:50:40
nw-1448-09-000024,nw-1448-09-000024.jpg,images/nw-1448-09-000024.jpg,nw,0,water,,0,640,640,S1_20190228_154835_155015_VV_15,S1A_IW_GRDH_1SDV_20190228T154925_20190228T154950_026132_02EA77_CDD9.SAFE,2019-02-28T15:48:35
nw-1449-09-000025,nw-1449-09-000025.jpg,images/nw-1449-09-000025.jpg,nw,0,water,,0,640,640,S1_20190302_034234_034349_VV_41,S1B_IW_GRDH_1SDV_20190302T034259_20190302T034324_015170_01C5ED_B305.SAFE,2019-03-02T03:42:34
nw-1450-09-000026,nw-1450-09-000026.jpg,images/nw-1450-09-000026.jpg,nw,0,water,,0,640,640,S1_20190312_035849_040029_VV_130,S1B_IW_GRDH_1SDV_20190312T040004_20190312T040029_015316_01CAB5_D793.SAFE,2019-03-12T03:58:49
nw-1451-09-000027,nw-1451-09-000027.jpg,images/nw-1451-09-000027.jpg,nw,0,water,,0,640,640,S1_20190312_035849_040029_VV_64,S1B_IW_GRDH_1SDV_20190312T035939_20190312T040004_015316_01CAB5_09EE.SAFE,2019-03-12T03:58:49
nw-1452-09-000028,nw-1452-09-000028.jpg,images/nw-1452-09-000028.jpg,nw,0,water,,0,640,640,S1_20190312_154835_155015_VV_101,S1A_IW_GRDH_1SDV_20190312T154925_20190312T154950_026307_02F0D5_08E2.SAFE,2019-03-12T15:48:35
nw-1453-09-000029,nw-1453-09-000029.jpg,images/nw-1453-09-000029.jpg,nw,0,water,,0,640,640,S1_20190312_154835_155015_VV_47,S1A_IW_GRDH_1SDV_20190312T154925_20190312T154950_026307_02F0D5_08E2.SAFE,2019-03-12T15:48:35
nw-1454-09-000030,nw-1454-09-000030.jpg,images/nw-1454-09-000030.jpg,nw,0,water,,0,640,640,S1_20190313_035116_035258_VV_68,S1A_IW_GRDH_1SDV_20190313T035116_20190313T035141_026314_02F112_0450.SAFE,2019-03-13T03:51:16
nw-1455-09-000031,nw-1455-09-000031.jpg,images/nw-1455-09-000031.jpg,nw,0,water,,0,640,640,S1_20190317_155637_155817_VV_8,S1A_IW_GRDH_1SDV_20190317T155702_20190317T155727_026380_02F38B_5C28.SAFE,2019-03-17T15:56:37
nw-1456-09-000032,nw-1456-09-000032.jpg,images/nw-1456-09-000032.jpg,nw,0,water,,0,640,640,S1_20190320_034257_034437_VV_8,S1A_IW_GRDH_1SDV_20190320T034257_20190320T034322_026416_02F4D4_2093.SAFE,2019-03-20T03:42:57
nw-1457-09-000033,nw-1457-09-000033.jpg,images/nw-1457-09-000033.jpg,nw,0,water,,0,640,640,S1_20190323_155640_155734_VV_36,S1B_IW_GRDH_1SDV_20190323T155640_20190323T155709_015484_01D01A_DA9D.SAFE,2019-03-23T15:56:40
nw-1458-09-000034,nw-1458-09-000034.jpg,images/nw-1458-09-000034.jpg,nw,0,water,,0,640,640,S1_20190323_155640_155734_VV_80,S1B_IW_GRDH_1SDV_20190323T155709_20190323T155734_015484_01D01A_C448.SAFE,2019-03-23T15:56:40
nw-1459-09-000035,nw-1459-09-000035.jpg,images/nw-1459-09-000035.jpg,nw,0,water,,0,640,640,S1_20190324_154836_155016_VV_90,S1A_IW_GRDH_1SDV_20190324T154901_20190324T154926_026482_02F74C_6168.SAFE,2019-03-24T15:48:36
nw-1460-09-000036,nw-1460-09-000036.jpg,images/nw-1460-09-000036.jpg,nw,0,water,,0,640,640,S1_20190401_034257_034437_VV_78,S1A_IW_GRDH_1SDV_20190401T034347_20190401T034412_026591_02FB4C_C712.SAFE,2019-04-01T03:42:57
nw-1461-09-000037,nw-1461-09-000037.jpg,images/nw-1461-09-000037.jpg,nw,0,water,,0,640,640,S1_20190401_034257_034437_VV_80,S1A_IW_GRDH_1SDV_20190401T034257_20190401T034322_026591_02FB4C_C4E9.SAFE,2019-04-01T03:42:57
nw-1462-09-000038,nw-1462-09-000038.jpg,images/nw-1462-09-000038.jpg,nw,0,water,,0,640,640,S1_20190406_035117_035258_VV_76,S1A_IW_GRDH_1SDV_20190406T035117_20190406T035142_026664_02FE02_C5A5.SAFE,2019-04-06T03:51:17
nw-1463-09-000039,nw-1463-09-000039.jpg,images/nw-1463-09-000039.jpg,nw,0,water,,0,640,640,S1_20190407_034234_034349_VV_33,S1B_IW_GRDH_1SDV_20190407T034259_20190407T034324_015695_01D728_6F12.SAFE,2019-04-07T03:42:34
nw-1464-09-000040,nw-1464-09-000040.jpg,images/nw-1464-09-000040.jpg,nw,0,water,,0,640,640,S1_20190407_034234_034349_VV_64,S1B_IW_GRDH_1SDV_20190407T034324_20190407T034349_015695_01D728_35B4.SAFE,2019-04-07T03:42:34
nw-1465-09-000041,nw-1465-09-000041.jpg,images/nw-1465-09-000041.jpg,nw,0,water,,0,640,640,S1_20190407_034234_034349_VV_89,S1B_IW_GRDH_1SDV_20190407T034259_20190407T034324_015695_01D728_6F12.SAFE,2019-04-07T03:42:34
nw-1466-09-000042,nw-1466-09-000042.jpg,images/nw-1466-09-000042.jpg,nw,0,water,,0,640,640,S1_20190408_033454_033634_VV_4,S1A_IW_GRDH_1SDV_20190408T033454_20190408T033519_026693_02FF08_729E.SAFE,2019-04-08T03:34:54
nw-1467-09-000043,nw-1467-09-000043.jpg,images/nw-1467-09-000043.jpg,nw,0,water,,0,640,640,S1_20190419_034234_034349_VV_38,S1B_IW_GRDH_1SDV_20190419T034324_20190419T034349_015870_01DCF1_E67E.SAFE,2019-04-19T03:42:34
nw-1468-09-000044,nw-1468-09-000044.jpg,images/nw-1468-09-000044.jpg,nw,0,water,,0,640,640,S1_20190424_154008_154148_VV_54,S1A_IW_GRDH_1SDV_20190424T154123_20190424T154148_026934_0307C2_8DFF.SAFE,2019-04-24T15:40:08
nw-1469-09-000045,nw-1469-09-000045.jpg,images/nw-1469-09-000045.jpg,nw,0,water,,0,640,640,S1_20190425_034258_034438_VV_89,S1A_IW_GRDH_1SDV_20190425T034323_20190425T034348_026941_030806_C553.SAFE,2019-04-25T03:42:58
nw-1470-09-000046,nw-1470-09-000046.jpg,images/nw-1470-09-000046.jpg,nw,0,water,,0,640,640,S1_20190426_033409_033549_VV_19,S1B_IW_GRDH_1SDV_20190426T033409_20190426T033434_015972_01E03C_2784.SAFE,2019-04-26T03:34:09
nw-1471-09-000047,nw-1471-09-000047.jpg,images/nw-1471-09-000047.jpg,nw,0,water,,0,640,640,S1_20190428_155642_155736_VV_19,S1B_IW_GRDH_1SDV_20190428T155711_20190428T155736_016009_01E183_B373.SAFE,2019-04-28T15:56:42
nw-1472-09-000048,nw-1472-09-000048.jpg,images/nw-1472-09-000048.jpg,nw,0,water,,0,640,640,S1_20190428_155642_155736_VV_32,S1B_IW_GRDH_1SDV_20190428T155711_20190428T155736_016009_01E183_B373.SAFE,2019-04-28T15:56:42
nw-1473-09-000049,nw-1473-09-000049.jpg,images/nw-1473-09-000049.jpg,nw,0,water,,0,640,640,S1_20190428_155642_155736_VV_40,S1B_IW_GRDH_1SDV_20190428T155642_20190428T155711_016009_01E183_AEED.SAFE,2019-04-28T15:56:42
nw-1474-09-000050,nw-1474-09-000050.jpg,images/nw-1474-09-000050.jpg,nw,0,water,,0,640,640,S1_20190428_155642_155736_VV_60,S1B_IW_GRDH_1SDV_20190428T155711_20190428T155736_016009_01E183_B373.SAFE,2019-04-28T15:56:42
nw-1475-09-000051,nw-1475-09-000051.jpg,images/nw-1475-09-000051.jpg,nw,0,water,,0,640,640,S1_20190430_035118_035259_VV_19,S1A_IW_GRDH_1SDV_20190430T035118_20190430T035143_027014_030AB6_614C.SAFE,2019-04-30T03:51:18
nw-1476-09-000052,nw-1476-09-000052.jpg,images/nw-1476-09-000052.jpg,nw,0,water,,0,640,640,S1_20190430_035118_035259_VV_211,S1A_IW_GRDH_1SDV_20190430T035208_20190430T035233_027014_030AB6_6298.SAFE,2019-04-30T03:51:18
nw-1477-09-000053,nw-1477-09-000053.jpg,images/nw-1477-09-000053.jpg,nw,0,water,,0,640,640,S1_20190430_035118_035259_VV_212,S1A_IW_GRDH_1SDV_20190430T035208_20190430T035233_027014_030AB6_6298.SAFE,2019-04-30T03:51:18
nw-1478-09-000054,nw-1478-09-000054.jpg,images/nw-1478-09-000054.jpg,nw,0,water,,0,640,640,S1_20190430_035118_035259_VV_83,S1A_IW_GRDH_1SDV_20190430T035143_20190430T035208_027014_030AB6_4943.SAFE;S1A_IW_GRDH_1SDV_20190430T035118_20190430T035143_027014_030AB6_614C.SAFE,2019-04-30T03:51:18
nw-1479-09-000055,nw-1479-09-000055.jpg,images/nw-1479-09-000055.jpg,nw,0,water,,0,640,640,S1_20190430_153943_154058_VV_112,S1B_IW_GRDH_1SDV_20190430T154033_20190430T154058_016038_01E28F_07FE.SAFE,2019-04-30T15:39:43
nw-1480-09-000056,nw-1480-09-000056.jpg,images/nw-1480-09-000056.jpg,nw,0,water,,0,640,640,S1_20190430_153943_154058_VV_64,S1B_IW_GRDH_1SDV_20190430T154033_20190430T154058_016038_01E28F_07FE.SAFE,2019-04-30T15:39:43
nw-1481-09-000057,nw-1481-09-000057.jpg,images/nw-1481-09-000057.jpg,nw,0,water,,0,640,640,S1_20190501_034219_034359_VV_121,S1B_IW_GRDH_1SDV_20190501T034244_20190501T034309_016045_01E2CB_793F.SAFE,2019-05-01T03:42:19
nw-1482-09-000058,nw-1482-09-000058.jpg,images/nw-1482-09-000058.jpg,nw,0,water,,0,640,640,S1_20190501_034219_034359_VV_123,S1B_IW_GRDH_1SDV_20190501T034244_20190501T034309_016045_01E2CB_793F.SAFE,2019-05-01T03:42:19
nw-1483-09-000059,nw-1483-09-000059.jpg,images/nw-1483-09-000059.jpg,nw,0,water,,0,640,640,S1_20190501_034219_034359_VV_83,S1B_IW_GRDH_1SDV_20190501T034244_20190501T034309_016045_01E2CB_793F.SAFE,2019-05-01T03:42:19
nw-1484-09-000060,nw-1484-09-000060.jpg,images/nw-1484-09-000060.jpg,nw,0,water,,0,640,640,S1_20190506_035041_035220_VV_127,S1B_IW_GRDH_1SDV_20190506T035131_20190506T035156_016118_01E530_855F.SAFE,2019-05-06T03:50:41
nw-1485-09-000061,nw-1485-09-000061.jpg,images/nw-1485-09-000061.jpg,nw,0,water,,0,640,640,S1_20190506_035041_035220_VV_33,S1B_IW_GRDH_1SDV_20190506T035106_20190506T035131_016118_01E530_B2A0.SAFE,2019-05-06T03:50:41
nw-1486-09-000062,nw-1486-09-000062.jpg,images/nw-1486-09-000062.jpg,nw,0,water,,0,640,640,S1_20190506_035041_035220_VV_46,S1B_IW_GRDH_1SDV_20190506T035131_20190506T035156_016118_01E530_855F.SAFE,2019-05-06T03:50:41
nw-1487-09-000063,nw-1487-09-000063.jpg,images/nw-1487-09-000063.jpg,nw,0,water,,0,640,640,S1_20190507_034258_034438_VV_5,S1A_IW_GRDH_1SDV_20190507T034258_20190507T034323_027116_030E69_363D.SAFE,2019-05-07T03:42:58
nw-1488-09-000064,nw-1488-09-000064.jpg,images/nw-1488-09-000064.jpg,nw,0,water,,0,640,640,S1_20190509_160450_160630_VV_30,S1A_IW_GRDH_1SDV_20190509T160515_20190509T160540_027153_030F91_9213.SAFE,2019-05-09T16:04:50
nw-1489-09-000065,nw-1489-09-000065.jpg,images/nw-1489-09-000065.jpg,nw,0,water,,0,640,640,S1_20190512_035118_035259_VV_52,S1A_IW_GRDH_1SDV_20190512T035143_20190512T035208_027189_0310AB_00AD.SAFE;S1A_IW_GRDH_1SDV_20190512T035118_20190512T035143_027189_0310AB_EEF7.SAFE,2019-05-12T03:51:18
nw-1490-09-000066,nw-1490-09-000066.jpg,images/nw-1490-09-000066.jpg,nw,0,water,,0,640,640,S1_20190513_034219_034359_VV_102,S1B_IW_GRDH_1SDV_20190513T034334_20190513T034359_016220_01E86A_D898.SAFE,2019-05-13T03:42:19
nw-1491-09-000067,nw-1491-09-000067.jpg,images/nw-1491-09-000067.jpg,nw,0,water,,0,640,640,S1_20190513_034219_034359_VV_146,S1B_IW_GRDH_1SDV_20190513T034334_20190513T034359_016220_01E86A_D898.SAFE,2019-05-13T03:42:19
nw-1492-09-000068,nw-1492-09-000068.jpg,images/nw-1492-09-000068.jpg,nw,0,water,,0,640,640,S1_20190518_154009_154149_VV_12,S1A_IW_GRDH_1SDV_20190518T154059_20190518T154124_027284_03139E_2F70.SAFE,2019-05-18T15:40:09
nw-1493-09-000069,nw-1493-09-000069.jpg,images/nw-1493-09-000069.jpg,nw,0,water,,0,640,640,S1_20190523_035852_040031_VV_44,S1B_IW_GRDH_1SDV_20190523T040007_20190523T040031_016366_01ECE8_C1A1.SAFE,2019-05-23T03:58:52
nw-1494-09-000070,nw-1494-09-000070.jpg,images/nw-1494-09-000070.jpg,nw,0,water,,0,640,640,S1_20190523_154838_155018_VV_294,S1A_IW_GRDH_1SDV_20190523T154953_20190523T155018_027357_0315EA_7A48.SAFE;S1A_IW_GRDH_1SDV_20190523T154928_20190523T154953_027357_0315EA_D01B.SAFE,2019-05-23T15:48:38
nw-1495-09-000071,nw-1495-09-000071.jpg,images/nw-1495-09-000071.jpg,nw,0,water,,0,640,640,S1_20190523_154838_155018_VV_46,S1A_IW_GRDH_1SDV_20190523T154903_20190523T154928_027357_0315EA_95BE.SAFE;S1A_IW_GRDH_1SDV_20190523T154838_20190523T154903_027357_0315EA_5427.SAFE,2019-05-23T15:48:38
nw-1496-09-000072,nw-1496-09-000072.jpg,images/nw-1496-09-000072.jpg,nw,0,water,,0,640,640,S1_20190524_035119_035300_VV_113,S1A_IW_GRDH_1SDV_20190524T035144_20190524T035209_027364_031625_287A.SAFE,2019-05-24T03:51:19
nw-1497-09-000073,nw-1497-09-000073.jpg,images/nw-1497-09-000073.jpg,nw,0,water,,0,640,640,S1_20190524_035119_035300_VV_171,S1A_IW_GRDH_1SDV_20190524T035209_20190524T035234_027364_031625_B50F.SAFE,2019-05-24T03:51:19
nw-1498-09-000074,nw-1498-09-000074.jpg,images/nw-1498-09-000074.jpg,nw,0,water,,0,640,640,S1_20190524_035119_035300_VV_191,S1A_IW_GRDH_1SDV_20190524T035209_20190524T035234_027364_031625_B50F.SAFE,2019-05-24T03:51:19
nw-1499-09-000075,nw-1499-09-000075.jpg,images/nw-1499-09-000075.jpg,nw,0,water,,0,640,640,S1_20190524_035119_035300_VV_204,S1A_IW_GRDH_1SDV_20190524T035209_20190524T035234_027364_031625_B50F.SAFE,2019-05-24T03:51:19
nw-1500-09-000076,nw-1500-09-000076.jpg,images/nw-1500-09-000076.jpg,nw,0,water,,0,640,640,S1_20190524_035119_035300_VV_289,S1A_IW_GRDH_1SDV_20190524T035209_20190524T035234_027364_031625_B50F.SAFE,2019-05-24T03:51:19
nw-1501-09-000077,nw-1501-09-000077.jpg,images/nw-1501-09-000077.jpg,nw,0,water,,0,640,640,S1_20190524_153944_154059_VV_105,S1B_IW_GRDH_1SDV_20190524T154034_20190524T154059_016388_01ED9E_45F8.SAFE,2019-05-24T15:39:44
nw-1502-09-000078,nw-1502-09-000078.jpg,images/nw-1502-09-000078.jpg,nw,0,water,,0,640,640,S1_20190524_153944_154059_VV_115,S1B_IW_GRDH_1SDV_20190524T154009_20190524T154034_016388_01ED9E_4277.SAFE,2019-05-24T15:39:44
nw-1503-09-000079,nw-1503-09-000079.jpg,images/nw-1503-09-000079.jpg,nw,0,water,,0,640,640,S1_20190528_155640_155820_VV_60,S1A_IW_GRDH_1SDV_20190528T155755_20190528T155820_027430_03182C_A8F6.SAFE,2019-05-28T15:56:40
nw-1504-09-000080,nw-1504-09-000080.jpg,images/nw-1504-09-000080.jpg,nw,0,water,,0,640,640,S1_20190529_035929_040109_VV_14,S1A_IW_GRDH_1SDV_20190529T035929_20190529T035954_027437_031860_5BEE.SAFE,2019-05-29T03:59:29
nw-1505-09-000081,nw-1505-09-000081.jpg,images/nw-1505-09-000081.jpg,nw,0,water,,0,640,640,S1_20190529_035929_040109_VV_57,S1A_IW_GRDH_1SDV_20190529T040019_20190529T040044_027437_031860_421A.SAFE,2019-05-29T03:59:29
nw-1506-09-000082,nw-1506-09-000082.jpg,images/nw-1506-09-000082.jpg,nw,0,water,,0,640,640,S1_20190529_035929_040109_VV_71,S1A_IW_GRDH_1SDV_20190529T040019_20190529T040044_027437_031860_421A.SAFE,2019-05-29T03:59:29
nw-1507-09-000083,nw-1507-09-000083.jpg,images/nw-1507-09-000083.jpg,nw,0,water,,0,640,640,S1_20190529_035929_040109_VV_90,S1A_IW_GRDH_1SDV_20190529T040019_20190529T040044_027437_031860_421A.SAFE,2019-05-29T03:59:29
nw-1508-09-000084,nw-1508-09-000084.jpg,images/nw-1508-09-000084.jpg,nw,0,water,,0,640,640,S1_20190529_154748_154928_VV_4,S1B_IW_GRDH_1SDV_20190529T154813_20190529T154838_016461_01EFC4_3A8F.SAFE;S1B_IW_GRDH_1SDV_20190529T154748_20190529T154813_016461_01EFC4_EB6A.SAFE,2019-05-29T15:47:48
nw-1509-09-000085,nw-1509-09-000085.jpg,images/nw-1509-09-000085.jpg,nw,0,water,,0,640,640,S1_20190529_154748_154928_VV_56,S1B_IW_GRDH_1SDV_20190529T154903_20190529T154928_016461_01EFC4_CD23.SAFE,2019-05-29T15:47:48
nw-1510-09-000086,nw-1510-09-000086.jpg,images/nw-1510-09-000086.jpg,nw,0,water,,0,640,640,S1_20190529_154748_154928_VV_69,S1B_IW_GRDH_1SDV_20190529T154903_20190529T154928_016461_01EFC4_CD23.SAFE,2019-05-29T15:47:48
nw-1511-09-000087,nw-1511-09-000087.jpg,images/nw-1511-09-000087.jpg,nw,0,water,,0,640,640,S1_20190529_154748_154928_VV_9,S1B_IW_GRDH_1SDV_20190529T154838_20190529T154903_016461_01EFC4_8B41.SAFE,2019-05-29T15:47:48
nw-1512-09-000088,nw-1512-09-000088.jpg,images/nw-1512-09-000088.jpg,nw,0,water,,0,640,640,S1_20190530_035042_035221_VV_125,S1B_IW_GRDH_1SDV_20190530T035132_20190530T035157_016468_01EFFB_A41B.SAFE,2019-05-30T03:50:42
nw-1513-09-000089,nw-1513-09-000089.jpg,images/nw-1513-09-000089.jpg,nw,0,water,,0,640,640,S1_20190530_035042_035221_VV_134,S1B_IW_GRDH_1SDV_20190530T035132_20190530T035157_016468_01EFFB_A41B.SAFE,2019-05-30T03:50:42
nw-1514-09-000090,nw-1514-09-000090.jpg,images/nw-1514-09-000090.jpg,nw,0,water,,0,640,640,S1_20190530_035042_035221_VV_142,S1B_IW_GRDH_1SDV_20190530T035132_20190530T035157_016468_01EFFB_A41B.SAFE,2019-05-30T03:50:42
nw-1515-09-000091,nw-1515-09-000091.jpg,images/nw-1515-09-000091.jpg,nw,0,water,,0,640,640,S1_20190530_035042_035221_VV_39,S1B_IW_GRDH_1SDV_20190530T035042_20190530T035107_016468_01EFFB_06B2.SAFE,2019-05-30T03:50:42
nw-1516-09-000092,nw-1516-09-000092.jpg,images/nw-1516-09-000092.jpg,nw,0,water,,0,640,640,S1_20190530_154010_154150_VV_21,S1A_IW_GRDH_1SDV_20190530T154100_20190530T154125_027459_031913_DA3E.SAFE,2019-05-30T15:40:10
nw-1517-09-000093,nw-1517-09-000093.jpg,images/nw-1517-09-000093.jpg,nw,0,water,,0,640,640,S1_20190531_034300_034440_VV_119,S1A_IW_GRDH_1SDV_20190531T034325_20190531T034350_027466_031954_4726.SAFE,2019-05-31T03:43:00
nw-1518-09-000094,nw-1518-09-000094.jpg,images/nw-1518-09-000094.jpg,nw,0,water,,0,640,640,S1_20190531_034300_034440_VV_176,S1A_IW_GRDH_1SDV_20190531T034350_20190531T034415_027466_031954_419E.SAFE;S1A_IW_GRDH_1SDV_20190531T034325_20190531T034350_027466_031954_4726.SAFE,2019-05-31T03:43:00
nw-1519-09-000095,nw-1519-09-000095.jpg,images/nw-1519-09-000095.jpg,nw,0,water,,0,640,640,S1_20190531_034300_034440_VV_182,S1A_IW_GRDH_1SDV_20190531T034350_20190531T034415_027466_031954_419E.SAFE,2019-05-31T03:43:00
nw-1520-09-000096,nw-1520-09-000096.jpg,images/nw-1520-09-000096.jpg,nw,0,water,,0,640,640,S1_20190531_034300_034440_VV_217,S1A_IW_GRDH_1SDV_20190531T034325_20190531T034350_027466_031954_4726.SAFE,2019-05-31T03:43:00
nw-1521-09-000097,nw-1521-09-000097.jpg,images/nw-1521-09-000097.jpg,nw,0,water,,0,640,640,S1_20190531_034300_034440_VV_246,S1A_IW_GRDH_1SDV_20190531T034350_20190531T034415_027466_031954_419E.SAFE;S1A_IW_GRDH_1SDV_20190531T034325_20190531T034350_027466_031954_4726.SAFE,2019-05-31T03:43:00
nw-1522-09-000098,nw-1522-09-000098.jpg,images/nw-1522-09-000098.jpg,nw,0,water,,0,640,640,S1_20190604_154838_155018_VV_25,S1A_IW_GRDH_1SDV_20190604T154928_20190604T154953_027532_031B5A_1FA3.SAFE,2019-06-04T15:48:38
nw-1523-09-000099,nw-1523-09-000099.jpg,images/nw-1523-09-000099.jpg,nw,0,water,,0,640,640,S1_20190604_154838_155018_VV_33,S1A_IW_GRDH_1SDV_20190604T154928_20190604T154953_027532_031B5A_1FA3.SAFE,2019-06-04T15:48:38
nw-1524-09-000100,nw-1524-09-000100.jpg,images/nw-1524-09-000100.jpg,nw,0,water,,0,640,640,S1_20190609_155640_155820_VV_125,S1A_IW_GRDH_1SDV_20190609T155755_20190609T155820_027605_031D91_0B06.SAFE,2019-06-09T15:56:40
nw-1525-09-000101,nw-1525-09-000101.jpg,images/nw-1525-09-000101.jpg,nw,0,water,,0,640,640,S1_20190610_035930_040110_VV_56,S1A_IW_GRDH_1SDV_20190610T035930_20190610T035955_027612_031DBE_CF47.SAFE,2019-06-10T03:59:30
nw-1526-09-000102,nw-1526-09-000102.jpg,images/nw-1526-09-000102.jpg,nw,0,water,,0,640,640,S1_20190613_033411_033551_VV_34,S1B_IW_GRDH_1SDV_20190613T033436_20190613T033501_016672_01F603_835A.SAFE,2019-06-13T03:34:11
nw-1527-09-000103,nw-1527-09-000103.jpg,images/nw-1527-09-000103.jpg,nw,0,water,,0,640,640,S1_20190614_160452_160632_VV_28,S1A_IW_GRDH_1SDV_20190614T160607_20190614T160632_027678_031FC6_8FCE.SAFE,2019-06-14T16:04:52
nw-1528-09-000104,nw-1528-09-000104.jpg,images/nw-1528-09-000104.jpg,nw,0,water,,0,640,640,S1_20190614_160452_160632_VV_5,S1A_IW_GRDH_1SDV_20190614T160607_20190614T160632_027678_031FC6_8FCE.SAFE,2019-06-14T16:04:52
nw-1529-09-000105,nw-1529-09-000105.jpg,images/nw-1529-09-000105.jpg,nw,0,water,,0,640,640,S1_20190616_035853_040032_VV_62,S1B_IW_GRDH_1SDV_20190616T035918_20190616T035943_016716_01F766_2E45.SAFE,2019-06-16T03:58:53
nw-1530-09-000106,nw-1530-09-000106.jpg,images/nw-1530-09-000106.jpg,nw,0,water,,0,640,640,S1_20190617_035120_035301_VV_83,S1A_IW_GRDH_1SDV_20190617T035145_20190617T035210_027714_0320D5_4009.SAFE,2019-06-17T03:51:20
nw-1531-09-000107,nw-1531-09-000107.jpg,images/nw-1531-09-000107.jpg,nw,0,water,,0,640,640,S1_20190624_034301_034441_VV_63,S1A_IW_GRDH_1SDV_20190624T034301_20190624T034326_027816_0323DB_4474.SAFE,2019-06-24T03:43:01
nw-1532-09-000108,nw-1532-09-000108.jpg,images/nw-1532-09-000108.jpg,nw,0,water,,0,640,640,S1_20190704_035931_040111_VV_80,S1A_IW_GRDH_1SDV_20190704T040046_20190704T040111_027962_032842_2F14.SAFE,2019-07-04T03:59:31
nw-1533-09-000109,nw-1533-09-000109.jpg,images/nw-1533-09-000109.jpg,nw,0,water,,0,640,640,S1_20190705_035045_035224_VV_24,S1B_IW_GRDH_1SDV_20190705T035045_20190705T035110_016993_01FF91_8B48.SAFE,2019-07-05T03:50:45
nw-1534-09-000110,nw-1534-09-000110.jpg,images/nw-1534-09-000110.jpg,nw,0,water,,0,640,640,S1_20190707_033413_033553_VV_19,S1B_IW_GRDH_1SDV_20190707T033413_20190707T033438_017022_02005E_80F1.SAFE,2019-07-07T03:34:13
nw-1535-09-000111,nw-1535-09-000111.jpg,images/nw-1535-09-000111.jpg,nw,0,water,,0,640,640,S1_20190711_035121_035303_VV_30,S1A_IW_GRDH_1SDV_20190711T035121_20190711T035146_028064_032B5E_8132.SAFE,2019-07-11T03:51:21
nw-1536-09-000112,nw-1536-09-000112.jpg,images/nw-1536-09-000112.jpg,nw,0,water,,0,640,640,S1_20190718_034303_034443_VV_45,S1A_IW_GRDH_1SDV_20190718T034328_20190718T034353_028166_032E76_4818.SAFE,2019-07-18T03:43:03
nw-1537-09-000113,nw-1537-09-000113.jpg,images/nw-1537-09-000113.jpg,nw,0,water,,0,640,640,S1_20190718_034303_034443_VV_63,S1A_IW_GRDH_1SDV_20190718T034418_20190718T034443_028166_032E76_B00A.SAFE,2019-07-18T03:43:03
nw-1538-09-000114,nw-1538-09-000114.jpg,images/nw-1538-09-000114.jpg,nw,0,water,,0,640,640,S1_20190722_154841_155021_VV_37,S1A_IW_GRDH_1SDV_20190722T154956_20190722T155021_028232_033073_31CC.SAFE,2019-07-22T15:48:41
nw-1539-09-000115,nw-1539-09-000115.jpg,images/nw-1539-09-000115.jpg,nw,0,water,,0,640,640,S1_20190723_035122_035304_VV_63,S1A_IW_GRDH_1SDV_20190723T035147_20190723T035212_028239_0330A7_B840.SAFE;S1A_IW_GRDH_1SDV_20190723T035122_20190723T035147_028239_0330A7_4635.SAFE,2019-07-23T03:51:22
nw-1540-09-000116,nw-1540-09-000116.jpg,images/nw-1540-09-000116.jpg,nw,0,water,,0,640,640,S1_20190723_035122_035304_VV_66,S1A_IW_GRDH_1SDV_20190723T035147_20190723T035212_028239_0330A7_B840.SAFE;S1A_IW_GRDH_1SDV_20190723T035122_20190723T035147_028239_0330A7_4635.SAFE,2019-07-23T03:51:22
nw-1541-09-000117,nw-1541-09-000117.jpg,images/nw-1541-09-000117.jpg,nw,0,water,,0,640,640,S1_20190803_035856_040035_VV_80,S1B_IW_GRDH_1SDV_20190803T035856_20190803T035921_017416_020C16_EF88.SAFE,2019-08-03T03:58:56
nw-1542-09-000118,nw-1542-09-000118.jpg,images/nw-1542-09-000118.jpg,nw,0,water,,0,640,640,S1_20190803_035856_040035_VV_85,S1B_IW_GRDH_1SDV_20190803T035856_20190803T035921_017416_020C16_EF88.SAFE,2019-08-03T03:58:56
nw-1543-09-000119,nw-1543-09-000119.jpg,images/nw-1543-09-000119.jpg,nw,0,water,,0,640,640,S1_20190805_034224_034404_VV_17,S1B_IW_GRDH_1SDV_20190805T034224_20190805T034249_017445_020CF7_1135.SAFE,2019-08-05T03:42:24
nw-1544-09-000120,nw-1544-09-000120.jpg,images/nw-1544-09-000120.jpg,nw,0,water,,0,640,640,S1_20190805_034224_034404_VV_72,S1B_IW_GRDH_1SDV_20190805T034224_20190805T034249_017445_020CF7_1135.SAFE,2019-08-05T03:42:24
nw-1545-09-000121,nw-1545-09-000121.jpg,images/nw-1545-09-000121.jpg,nw,0,water,,0,640,640,S1_20190815_154843_155023_VV_7,S1A_IW_GRDH_1SDV_20190815T154908_20190815T154933_028582_033B99_01B4.SAFE,2019-08-15T15:48:43
nw-1546-09-000122,nw-1546-09-000122.jpg,images/nw-1546-09-000122.jpg,nw,0,water,,0,640,640,S1_20190816_035124_035305_VV_55,S1A_IW_GRDH_1SDV_20190816T035214_20190816T035239_028589_033BD4_B8FD.SAFE,2019-08-16T03:51:24
nw-1547-09-000123,nw-1547-09-000123.jpg,images/nw-1547-09-000123.jpg,nw,0,water,,0,640,640,S1_20190823_034305_034445_VV_108,S1A_IW_GRDH_1SDV_20190823T034330_20190823T034355_028691_033F57_A0BF.SAFE,2019-08-23T03:43:05
nw-1548-09-000124,nw-1548-09-000124.jpg,images/nw-1548-09-000124.jpg,nw,0,water,,0,640,640,S1_20190823_034305_034445_VV_129,S1A_IW_GRDH_1SDV_20190823T034330_20190823T034355_028691_033F57_A0BF.SAFE,2019-08-23T03:43:05
nw-1549-09-000125,nw-1549-09-000125.jpg,images/nw-1549-09-000125.jpg,nw,0,water,,0,640,640,S1_20190823_034305_034445_VV_146,S1A_IW_GRDH_1SDV_20190823T034305_20190823T034330_028691_033F57_8F26.SAFE,2019-08-23T03:43:05
nw-1550-09-000126,nw-1550-09-000126.jpg,images/nw-1550-09-000126.jpg,nw,0,water,,0,640,640,S1_20190823_034305_034445_VV_17,S1A_IW_GRDH_1SDV_20190823T034305_20190823T034330_028691_033F57_8F26.SAFE,2019-08-23T03:43:05
nw-1551-09-000127,nw-1551-09-000127.jpg,images/nw-1551-09-000127.jpg,nw,0,water,,0,640,640,S1_20190823_034305_034445_VV_64,S1A_IW_GRDH_1SDV_20190823T034330_20190823T034355_028691_033F57_A0BF.SAFE,2019-08-23T03:43:05
nw-1552-09-000128,nw-1552-09-000128.jpg,images/nw-1552-09-000128.jpg,nw,0,water,,0,640,640,S1_20190824_033416_033556_VV_18,S1B_IW_GRDH_1SDV_20190824T033416_20190824T033441_017722_021577_195C.SAFE,2019-08-24T03:34:16
nw-1553-09-000129,nw-1553-09-000129.jpg,images/nw-1553-09-000129.jpg,nw,0,water,,0,640,640,S1_20190910_034226_034406_VV_150,S1B_IW_GRDH_1SDV_20190910T034316_20190910T034341_017970_021D4F_D703.SAFE,2019-09-10T03:42:26
nw-1554-09-000130,nw-1554-09-000130.jpg,images/nw-1554-09-000130.jpg,nw,0,water,,0,640,640,S1_20190915_035049_035228_VV_69,S1B_IW_GRDH_1SDV_20190915T035049_20190915T035114_018043_021F77_F12E.SAFE,2019-09-15T03:50:49
nw-1555-09-000131,nw-1555-09-000131.jpg,images/nw-1555-09-000131.jpg,nw,0,water,,0,640,640,S1_20191013_155650_155744_VV_68,S1B_IW_GRDH_1SDV_20191013T155719_20191013T155744_018459_022C6B_D17C.SAFE,2019-10-13T15:56:50
nw-1556-09-000132,nw-1556-09-000132.jpg,images/nw-1556-09-000132.jpg,nw,0,water,,0,640,640,S1_20191014_035859_040038_VV_0,S1B_IW_GRDH_1SDV_20191014T035859_20191014T035924_018466_022CAA_0B81.SAFE,2019-10-14T03:58:59
nw-1557-09-000133,nw-1557-09-000133.jpg,images/nw-1557-09-000133.jpg,nw,0,water,,0,640,640,S1_20191014_154845_155025_VV_110,S1A_IW_GRDH_1SDV_20191014T155000_20191014T155025_029457_0359DE_FB77.SAFE,2019-10-14T15:48:45
nw-1558-09-000134,nw-1558-09-000134.jpg,images/nw-1558-09-000134.jpg,nw,0,water,,0,640,640,S1_20191014_154845_155025_VV_120,S1A_IW_GRDH_1SDV_20191014T155000_20191014T155025_029457_0359DE_FB77.SAFE,2019-10-14T15:48:45
nw-1559-09-000135,nw-1559-09-000135.jpg,images/nw-1559-09-000135.jpg,nw,0,water,,0,640,640,S1_20191014_154845_155025_VV_57,S1A_IW_GRDH_1SDV_20191014T154935_20191014T155000_029457_0359DE_42F0.SAFE,2019-10-14T15:48:45
nw-1560-09-000136,nw-1560-09-000136.jpg,images/nw-1560-09-000136.jpg,nw,0,water,,0,640,640,S1_20191015_035126_035307_VV_20,S1A_IW_GRDH_1SDV_20191015T035126_20191015T035151_029464_035A19_9F94.SAFE,2019-10-15T03:51:26
nw-1561-09-000137,nw-1561-09-000137.jpg,images/nw-1561-09-000137.jpg,nw,0,water,,0,640,640,S1_20191016_034227_034407_VV_113,S1B_IW_GRDH_1SDV_20191016T034252_20191016T034317_018495_022D96_AE2A.SAFE,2019-10-16T03:42:27
nw-1562-09-000138,nw-1562-09-000138.jpg,images/nw-1562-09-000138.jpg,nw,0,water,,0,640,640,S1_20191016_034227_034407_VV_22,S1B_IW_GRDH_1SDV_20191016T034227_20191016T034252_018495_022D96_DFD2.SAFE,2019-10-16T03:42:27
nw-1563-09-000139,nw-1563-09-000139.jpg,images/nw-1563-09-000139.jpg,nw,0,water,,0,640,640,S1_20191025_155619_155644_VV_10,S1B_IW_GRDH_1SDV_20191025T155619_20191025T155644_018634_0231C5_600D.SAFE,2019-10-25T15:56:19
nw-1564-09-000140,nw-1564-09-000140.jpg,images/nw-1564-09-000140.jpg,nw,0,water,,0,640,640,S1_20191030_160414_160554_VV_12,S1B_IW_GRDH_1SDV_20191030T160439_20191030T160504_018707_023425_6ED4.SAFE,2019-10-30T16:04:14
nw-1565-09-000141,nw-1565-09-000141.jpg,images/nw-1565-09-000141.jpg,nw,0,water,,0,640,640,S1_20191102_154017_154157_VV_77,S1A_IW_GRDH_1SDV_20191102T154132_20191102T154157_029734_036369_DF53.SAFE,2019-11-02T15:40:17
nw-1566-09-000142,nw-1566-09-000142.jpg,images/nw-1566-09-000142.jpg,nw,0,water,,0,640,640,S1_20191107_035859_040038_VV_11,S1B_IW_GRDH_1SDV_20191107T035859_20191107T035924_018816_0237A1_83D2.SAFE,2019-11-07T03:58:59
nw-1567-09-000143,nw-1567-09-000143.jpg,images/nw-1567-09-000143.jpg,nw,0,water,,0,640,640,S1_20191107_154845_155025_VV_68,S1A_IW_GRDH_1SDV_20191107T154935_20191107T155000_029807_03660E_C039.SAFE,2019-11-07T15:48:45
nw-1568-09-000144,nw-1568-09-000144.jpg,images/nw-1568-09-000144.jpg,nw,0,water,,0,640,640,S1_20191109_034227_034407_VV_122,S1B_IW_GRDH_1SDV_20191109T034342_20191109T034407_018845_0238A3_42C2.SAFE,2019-11-09T03:42:27
nw-1569-09-000145,nw-1569-09-000145.jpg,images/nw-1569-09-000145.jpg,nw,0,water,,0,640,640,S1_20191113_035936_040116_VV_18,S1A_IW_GRDH_1SDV_20191113T035936_20191113T040001_029887_0368D2_1D62.SAFE,2019-11-13T03:59:36
nw-1570-09-000146,nw-1570-09-000146.jpg,images/nw-1570-09-000146.jpg,nw,0,water,,0,640,640,S1_20191113_154755_154935_VV_65,S1B_IW_GRDH_1SDV_20191113T154820_20191113T154845_018911_023AAD_38BC.SAFE,2019-11-13T15:47:55
nw-1571-09-000147,nw-1571-09-000147.jpg,images/nw-1571-09-000147.jpg,nw,0,water,,0,640,640,S1_20191126_035049_035228_VV_41,S1B_IW_GRDH_1SDV_20191126T035049_20191126T035114_019093_024085_A0F3.SAFE,2019-11-26T03:50:49
nw-1572-09-000148,nw-1572-09-000148.jpg,images/nw-1572-09-000148.jpg,nw,0,water,,0,640,640,S1_20191128_033417_033557_VV_33,S1B_IW_GRDH_1SDV_20191128T033417_20191128T033442_019122_024166_7868.SAFE,2019-11-28T03:34:17
nw-1573-09-000149,nw-1573-09-000149.jpg,images/nw-1573-09-000149.jpg,nw,0,water,,0,640,640,S1_20191213_035858_040037_VV_36,S1B_IW_GRDH_1SDV_20191213T035858_20191213T035923_019341_024871_4AD6.SAFE,2019-12-13T03:58:58
nw-1574-09-000150,nw-1574-09-000150.jpg,images/nw-1574-09-000150.jpg,nw,0,water,,0,640,640,S1_20191213_035858_040037_VV_42,S1B_IW_GRDH_1SDV_20191213T035858_20191213T035923_019341_024871_4AD6.SAFE,2019-12-13T03:58:58
nw-1575-09-000151,nw-1575-09-000151.jpg,images/nw-1575-09-000151.jpg,nw,0,water,,0,640,640,S1_20191213_154844_155024_VV_133,S1A_IW_GRDH_1SDV_20191213T154909_20191213T154934_030332_03783C_EB60.SAFE,2019-12-13T15:48:44
nw-1576-09-000152,nw-1576-09-000152.jpg,images/nw-1576-09-000152.jpg,nw,0,water,,0,640,640,S1_20191214_035125_035306_VV_5,S1A_IW_GRDH_1SDV_20191214T035125_20191214T035150_030339_037875_3C8E.SAFE,2019-12-14T03:51:25
nw-1577-09-000153,nw-1577-09-000153.jpg,images/nw-1577-09-000153.jpg,nw,0,water,,0,640,640,S1_20191217_160413_160553_VV_188,S1B_IW_GRDH_1SDV_20191217T160438_20191217T160503_019407_024A8B_74A1.SAFE,2019-12-17T16:04:13
nw-1578-09-000154,nw-1578-09-000154.jpg,images/nw-1578-09-000154.jpg,nw,0,water,,0,640,640,S1_20191221_034305_034445_VV_142,S1A_IW_GRDH_1SDV_20191221T034355_20191221T034420_030441_037BF3_EAD0.SAFE,2019-12-21T03:43:05
nw-1579-09-000155,nw-1579-09-000155.jpg,images/nw-1579-09-000155.jpg,nw,0,water,,0,640,640,S1_20191221_034305_034445_VV_173,S1A_IW_GRDH_1SDV_20191221T034420_20191221T034445_030441_037BF3_B34A.SAFE,2019-12-21T03:43:05
nw-1580-09-000156,nw-1580-09-000156.jpg,images/nw-1580-09-000156.jpg,nw,0,water,,0,640,640,S1_20191225_035858_040037_VV_18,S1B_IW_GRDH_1SDV_20191225T035948_20191225T040013_019516_024E03_FD65.SAFE,2019-12-25T03:58:58
nw-1581-09-000157,nw-1581-09-000157.jpg,images/nw-1581-09-000157.jpg,nw,0,water,,0,640,640,S1_20191225_035858_040037_VV_186,S1B_IW_GRDH_1SDV_20191225T035923_20191225T035948_019516_024E03_9F14.SAFE,2019-12-25T03:58:58
nw-1582-09-000158,nw-1582-09-000158.jpg,images/nw-1582-09-000158.jpg,nw,0,water,,0,640,640,S1_20191225_035858_040037_VV_189,S1B_IW_GRDH_1SDV_20191225T035923_20191225T035948_019516_024E03_9F14.SAFE,2019-12-25T03:58:58
nw-1583-09-000159,nw-1583-09-000159.jpg,images/nw-1583-09-000159.jpg,nw,0,water,,0,640,640,S1_20191225_035858_040037_VV_192,S1B_IW_GRDH_1SDV_20191225T035923_20191225T035948_019516_024E03_9F14.SAFE,2019-12-25T03:58:58
nw-1584-09-000160,nw-1584-09-000160.jpg,images/nw-1584-09-000160.jpg,nw,0,water,,0,640,640,S1_20191225_035858_040037_VV_198,S1B_IW_GRDH_1SDV_20191225T035923_20191225T035948_019516_024E03_9F14.SAFE,2019-12-25T03:58:58
nw-1585-09-000161,nw-1585-09-000161.jpg,images/nw-1585-09-000161.jpg,nw,0,water,,0,640,640,S1_20191225_035858_040037_VV_202,S1B_IW_GRDH_1SDV_20191225T035948_20191225T040013_019516_024E03_FD65.SAFE,2019-12-25T03:58:58
nw-1586-09-000162,nw-1586-09-000162.jpg,images/nw-1586-09-000162.jpg,nw,0,water,,0,640,640,S1_20191225_035858_040037_VV_203,S1B_IW_GRDH_1SDV_20191225T035948_20191225T040013_019516_024E03_FD65.SAFE,2019-12-25T03:58:58
nw-1587-09-000163,nw-1587-09-000163.jpg,images/nw-1587-09-000163.jpg,nw,0,water,,0,640,640,S1_20191225_154843_155023_VV_89,S1A_IW_GRDH_1SDV_20191225T154908_20191225T154933_030507_037E47_44CB.SAFE,2019-12-25T15:48:43
nw-1588-09-000164,nw-1588-09-000164.jpg,images/nw-1588-09-000164.jpg,nw,0,water,,0,640,640,S1_20191226_035124_035306_VV_290,S1A_IW_GRDH_1SDV_20191226T035214_20191226T035239_030514_037E7E_8DF3.SAFE,2019-12-26T03:51:24
nw-1589-09-000165,nw-1589-09-000165.jpg,images/nw-1589-09-000165.jpg,nw,0,water,,0,640,640,S1_20191226_153950_154105_VV_287,S1B_IW_GRDH_1SDV_20191226T154040_20191226T154105_019538_024EBC_8CA8.SAFE,2019-12-26T15:39:50
nw-1590-09-000166,nw-1590-09-000166.jpg,images/nw-1590-09-000166.jpg,nw,0,water,,0,640,640,S1_20191229_160412_160552_VV_145,S1B_IW_GRDH_1SDV_20191229T160437_20191229T160502_019582_02501D_B2D0.SAFE,2019-12-29T16:04:12
nw-1591-09-000167,nw-1591-09-000167.jpg,images/nw-1591-09-000167.jpg,nw,0,water,,0,640,640,S1_20191229_160412_160552_VV_198,S1B_IW_GRDH_1SDV_20191229T160527_20191229T160552_019582_02501D_988D.SAFE,2019-12-29T16:04:12
nw-1592-09-000168,nw-1592-09-000168.jpg,images/nw-1592-09-000168.jpg,nw,0,water,,0,640,640,S1_20191231_035934_040114_VV_29,S1A_IW_GRDH_1SDV_20191231T035934_20191231T035959_030587_038100_BDB9.SAFE,2019-12-31T03:59:34
nw-1593-10-000001,nw-1593-10-000001.jpg,images/nw-1593-10-000001.jpg,nw,0,water,,0,640,640,S1_20190111_035851_040030_VV_123,S1B_IW_GRDH_1SDV_20190111T035941_20190111T040006_014441_01AE2F_B933.SAFE,2019-01-11T03:58:51
nw-1594-10-000002,nw-1594-10-000002.jpg,images/nw-1594-10-000002.jpg,nw,0,water,,0,640,640,S1_20190111_035851_040030_VV_30,S1B_IW_GRDH_1SDV_20190111T035916_20190111T035941_014441_01AE2F_A0C2.SAFE,2019-01-11T03:58:51
nw-1595-10-000003,nw-1595-10-000003.jpg,images/nw-1595-10-000003.jpg,nw,0,water,,0,640,640,S1_20190111_035851_040030_VV_85,S1B_IW_GRDH_1SDV_20190111T035941_20190111T040006_014441_01AE2F_B933.SAFE,2019-01-11T03:58:51
nw-1596-10-000004,nw-1596-10-000004.jpg,images/nw-1596-10-000004.jpg,nw,0,water,,0,640,640,S1_20190111_035851_040030_VV_88,S1B_IW_GRDH_1SDV_20190111T035941_20190111T040006_014441_01AE2F_B933.SAFE,2019-01-11T03:58:51
nw-1597-10-000005,nw-1597-10-000005.jpg,images/nw-1597-10-000005.jpg,nw,0,water,,0,640,640,S1_20190111_035851_040030_VV_96,S1B_IW_GRDH_1SDV_20190111T035941_20190111T040006_014441_01AE2F_B933.SAFE,2019-01-11T03:58:51
nw-1598-10-000006,nw-1598-10-000006.jpg,images/nw-1598-10-000006.jpg,nw,0,water,,0,640,640,S1_20190111_154836_155016_VV_54,S1A_IW_GRDH_1SDV_20190111T154836_20190111T154901_025432_02D14A_E884.SAFE,2019-01-11T15:48:36
nw-1599-10-000007,nw-1599-10-000007.jpg,images/nw-1599-10-000007.jpg,nw,0,water,,0,640,640,S1_20190112_035117_035259_VV_126,S1A_IW_GRDH_1SDV_20190112T035207_20190112T035232_025439_02D183_4040.SAFE,2019-01-12T03:51:17
nw-1600-10-000008,nw-1600-10-000008.jpg,images/nw-1600-10-000008.jpg,nw,0,water,,0,640,640,S1_20190112_035117_035259_VV_72,S1A_IW_GRDH_1SDV_20190112T035207_20190112T035232_025439_02D183_4040.SAFE,2019-01-12T03:51:17
nw-1601-10-000009,nw-1601-10-000009.jpg,images/nw-1601-10-000009.jpg,nw,0,water,,0,640,640,S1_20190112_153943_154058_VV_85,S1B_IW_GRDH_1SDV_20190112T154033_20190112T154058_014463_01AEE6_B38F.SAFE,2019-01-12T15:39:43
nw-1602-10-000010,nw-1602-10-000010.jpg,images/nw-1602-10-000010.jpg,nw,0,water,,0,640,640,S1_20190118_154008_154148_VV_20,S1A_IW_GRDH_1SDV_20190118T154058_20190118T154123_025534_02D4F3_3A0C.SAFE,2019-01-18T15:40:08
nw-1603-10-000011,nw-1603-10-000011.jpg,images/nw-1603-10-000011.jpg,nw,0,water,,0,640,640,S1_20190118_154008_154148_VV_42,S1A_IW_GRDH_1SDV_20190118T154058_20190118T154123_025534_02D4F3_3A0C.SAFE,2019-01-18T15:40:08
nw-1604-10-000012,nw-1604-10-000012.jpg,images/nw-1604-10-000012.jpg,nw,0,water,,0,640,640,S1_20190123_035850_040029_VV_34,S1B_IW_GRDH_1SDV_20190123T035850_20190123T035915_014616_01B3CB_4179.SAFE,2019-01-23T03:58:50
nw-1605-10-000013,nw-1605-10-000013.jpg,images/nw-1605-10-000013.jpg,nw,0,water,,0,640,640,S1_20190123_035850_040029_VV_46,S1B_IW_GRDH_1SDV_20190123T035850_20190123T035915_014616_01B3CB_4179.SAFE,2019-01-23T03:58:50
nw-1606-10-000014,nw-1606-10-000014.jpg,images/nw-1606-10-000014.jpg,nw,0,water,,0,640,640,S1_20190212_034257_034437_VV_73,S1A_IW_GRDH_1SDV_20190212T034347_20190212T034412_025891_02E1DC_27C4.SAFE,2019-02-12T03:42:57
nw-1607-10-000015,nw-1607-10-000015.jpg,images/nw-1607-10-000015.jpg,nw,0,water,,0,640,640,S1_20190212_034257_034437_VV_76,S1A_IW_GRDH_1SDV_20190212T034347_20190212T034412_025891_02E1DC_27C4.SAFE,2019-02-12T03:42:57
nw-1608-10-000016,nw-1608-10-000016.jpg,images/nw-1608-10-000016.jpg,nw,0,water,,0,640,640,S1_20190217_035116_035258_VV_64,S1A_IW_GRDH_1SDV_20190217T035141_20190217T035206_025964_02E473_41AA.SAFE,2019-02-17T03:51:16
nw-1609-10-000017,nw-1609-10-000017.jpg,images/nw-1609-10-000017.jpg,nw,0,water,,0,640,640,S1_20190218_034234_034349_VV_14,S1B_IW_GRDH_1SDV_20190218T034234_20190218T034259_014995_01C035_8F1B.SAFE,2019-02-18T03:42:34
nw-1610-10-000018,nw-1610-10-000018.jpg,images/nw-1610-10-000018.jpg,nw,0,water,,0,640,640,S1_20190218_034234_034349_VV_62,S1B_IW_GRDH_1SDV_20190218T034234_20190218T034259_014995_01C035_8F1B.SAFE,2019-02-18T03:42:34
nw-1611-10-000019,nw-1611-10-000019.jpg,images/nw-1611-10-000019.jpg,nw,0,water,,0,640,640,S1_20190218_034234_034349_VV_67,S1B_IW_GRDH_1SDV_20190218T034234_20190218T034259_014995_01C035_8F1B.SAFE,2019-02-18T03:42:34
nw-1612-10-000020,nw-1612-10-000020.jpg,images/nw-1612-10-000020.jpg,nw,0,water,,0,640,640,S1_20190220_160404_160544_VV_34,S1B_IW_GRDH_1SDV_20190220T160454_20190220T160519_015032_01C169_7DBC.SAFE,2019-02-20T16:04:04
nw-1613-10-000021,nw-1613-10-000021.jpg,images/nw-1613-10-000021.jpg,nw,0,water,,0,640,640,S1_20190221_155637_155817_VV_146,S1A_IW_GRDH_1SDV_20190221T155752_20190221T155817_026030_02E6CF_6EBE.SAFE,2019-02-21T15:56:37
nw-1614-10-000022,nw-1614-10-000022.jpg,images/nw-1614-10-000022.jpg,nw,0,water,,0,640,640,S1_20190221_155637_155817_VV_69,S1A_IW_GRDH_1SDV_20190221T155727_20190221T155752_026030_02E6CF_E2B0.SAFE,2019-02-21T15:56:37
nw-1615-10-000023,nw-1615-10-000023.jpg,images/nw-1615-10-000023.jpg,nw,0,water,,0,640,640,S1_20190221_155637_155817_VV_85,S1A_IW_GRDH_1SDV_20190221T155752_20190221T155817_026030_02E6CF_6EBE.SAFE,2019-02-21T15:56:37
nw-1616-10-000024,nw-1616-10-000024.jpg,images/nw-1616-10-000024.jpg,nw,0,water,,0,640,640,S1_20190222_154745_154925_VV_131,S1B_IW_GRDH_1SDV_20190222T154835_20190222T154900_015061_01C24C_E464.SAFE,2019-02-22T15:47:45
nw-1617-10-000025,nw-1617-10-000025.jpg,images/nw-1617-10-000025.jpg,nw,0,water,,0,640,640,S1_20190222_154745_154925_VV_279,S1B_IW_GRDH_1SDV_20190222T154900_20190222T154925_015061_01C24C_2830.SAFE,2019-02-22T15:47:45
nw-1618-10-000026,nw-1618-10-000026.jpg,images/nw-1618-10-000026.jpg,nw,0,water,,0,640,640,S1_20190223_035040_035219_VV_103,S1B_IW_GRDH_1SDV_20190223T035105_20190223T035130_015068_01C287_AE93.SAFE,2019-02-23T03:50:40
nw-1619-10-000027,nw-1619-10-000027.jpg,images/nw-1619-10-000027.jpg,nw,0,water,,0,640,640,S1_20190223_035040_035219_VV_118,S1B_IW_GRDH_1SDV_20190223T035105_20190223T035130_015068_01C287_AE93.SAFE,2019-02-23T03:50:40
nw-1620-10-000028,nw-1620-10-000028.jpg,images/nw-1620-10-000028.jpg,nw,0,water,,0,640,640,S1_20190223_035040_035219_VV_157,S1B_IW_GRDH_1SDV_20190223T035105_20190223T035130_015068_01C287_AE93.SAFE,2019-02-23T03:50:40
nw-1621-10-000029,nw-1621-10-000029.jpg,images/nw-1621-10-000029.jpg,nw,0,water,,0,640,640,S1_20190223_035040_035219_VV_195,S1B_IW_GRDH_1SDV_20190223T035130_20190223T035155_015068_01C287_0DC8.SAFE,2019-02-23T03:50:40
nw-1622-10-000030,nw-1622-10-000030.jpg,images/nw-1622-10-000030.jpg,nw,0,water,,0,640,640,S1_20190223_035040_035219_VV_211,S1B_IW_GRDH_1SDV_20190223T035130_20190223T035155_015068_01C287_0DC8.SAFE,2019-02-23T03:50:40
nw-1623-10-000031,nw-1623-10-000031.jpg,images/nw-1623-10-000031.jpg,nw,0,water,,0,640,640,S1_20190223_035040_035219_VV_78,S1B_IW_GRDH_1SDV_20190223T035105_20190223T035130_015068_01C287_AE93.SAFE;S1B_IW_GRDH_1SDV_20190223T035040_20190223T035105_015068_01C287_5EB6.SAFE,2019-02-23T03:50:40
nw-1624-10-000032,nw-1624-10-000032.jpg,images/nw-1624-10-000032.jpg,nw,0,water,,0,640,640,S1_20190223_154007_154147_VV_102,S1A_IW_GRDH_1SDV_20190223T154122_20190223T154147_026059_02E7D6_5BFC.SAFE,2019-02-23T15:40:07
nw-1625-10-000033,nw-1625-10-000033.jpg,images/nw-1625-10-000033.jpg,nw,0,water,,0,640,640,S1_20190223_154007_154147_VV_128,S1A_IW_GRDH_1SDV_20190223T154122_20190223T154147_026059_02E7D6_5BFC.SAFE,2019-02-23T15:40:07
nw-1626-10-000034,nw-1626-10-000034.jpg,images/nw-1626-10-000034.jpg,nw,0,water,,0,640,640,S1_20190223_154007_154147_VV_68,S1A_IW_GRDH_1SDV_20190223T154122_20190223T154147_026059_02E7D6_5BFC.SAFE,2019-02-23T15:40:07
nw-1627-10-000035,nw-1627-10-000035.jpg,images/nw-1627-10-000035.jpg,nw,0,water,,0,640,640,S1_20190223_154007_154147_VV_80,S1A_IW_GRDH_1SDV_20190223T154122_20190223T154147_026059_02E7D6_5BFC.SAFE,2019-02-23T15:40:07
nw-1628-10-000036,nw-1628-10-000036.jpg,images/nw-1628-10-000036.jpg,nw,0,water,,0,640,640,S1_20190223_154007_154147_VV_89,S1A_IW_GRDH_1SDV_20190223T154122_20190223T154147_026059_02E7D6_5BFC.SAFE,2019-02-23T15:40:07
nw-1629-10-000037,nw-1629-10-000037.jpg,images/nw-1629-10-000037.jpg,nw,0,water,,0,640,640,S1_20190305_155637_155817_VV_45,S1A_IW_GRDH_1SDV_20190305T155752_20190305T155817_026205_02ED1B_206C.SAFE,2019-03-05T15:56:37
nw-1630-10-000038,nw-1630-10-000038.jpg,images/nw-1630-10-000038.jpg,nw,0,water,,0,640,640,S1_20190306_035926_040106_VV_102,S1A_IW_GRDH_1SDV_20190306T035951_20190306T040016_026212_02ED51_0951.SAFE,2019-03-06T03:59:26
nw-1631-10-000039,nw-1631-10-000039.jpg,images/nw-1631-10-000039.jpg,nw,0,water,,0,640,640,S1_20190306_035926_040106_VV_121,S1A_IW_GRDH_1SDV_20190306T035951_20190306T040016_026212_02ED51_0951.SAFE,2019-03-06T03:59:26
nw-1632-10-000040,nw-1632-10-000040.jpg,images/nw-1632-10-000040.jpg,nw,0,water,,0,640,640,S1_20190306_035926_040106_VV_14,S1A_IW_GRDH_1SDV_20190306T035926_20190306T035951_026212_02ED51_1D32.SAFE,2019-03-06T03:59:26
nw-1633-10-000041,nw-1633-10-000041.jpg,images/nw-1633-10-000041.jpg,nw,0,water,,0,640,640,S1_20190306_035926_040106_VV_45,S1A_IW_GRDH_1SDV_20190306T035926_20190306T035951_026212_02ED51_1D32.SAFE,2019-03-06T03:59:26
nw-1634-10-000042,nw-1634-10-000042.jpg,images/nw-1634-10-000042.jpg,nw,0,water,,0,640,640,S1_20190306_035926_040106_VV_52,S1A_IW_GRDH_1SDV_20190306T035926_20190306T035951_026212_02ED51_1D32.SAFE,2019-03-06T03:59:26
nw-1635-10-000043,nw-1635-10-000043.jpg,images/nw-1635-10-000043.jpg,nw,0,water,,0,640,640,S1_20190306_035926_040106_VV_65,S1A_IW_GRDH_1SDV_20190306T035951_20190306T040016_026212_02ED51_0951.SAFE;S1A_IW_GRDH_1SDV_20190306T035926_20190306T035951_026212_02ED51_1D32.SAFE,2019-03-06T03:59:26
nw-1636-10-000044,nw-1636-10-000044.jpg,images/nw-1636-10-000044.jpg,nw,0,water,,0,640,640,S1_20190306_035926_040106_VV_70,S1A_IW_GRDH_1SDV_20190306T035951_20190306T040016_026212_02ED51_0951.SAFE,2019-03-06T03:59:26
nw-1637-10-000045,nw-1637-10-000045.jpg,images/nw-1637-10-000045.jpg,nw,0,water,,0,640,640,S1_20190312_154835_155015_VV_66,S1A_IW_GRDH_1SDV_20190312T154925_20190312T154950_026307_02F0D5_08E2.SAFE,2019-03-12T15:48:35
nw-1638-10-000046,nw-1638-10-000046.jpg,images/nw-1638-10-000046.jpg,nw,0,water,,0,640,640,S1_20190401_034257_034437_VV_70,S1A_IW_GRDH_1SDV_20190401T034322_20190401T034347_026591_02FB4C_1C41.SAFE,2019-04-01T03:42:57
nw-1639-10-000047,nw-1639-10-000047.jpg,images/nw-1639-10-000047.jpg,nw,0,water,,0,640,640,S1_20190413_034257_034437_VV_137,S1A_IW_GRDH_1SDV_20190413T034412_20190413T034437_026766_0301B4_815C.SAFE;S1A_IW_GRDH_1SDV_20190413T034347_20190413T034412_026766_0301B4_092E.SAFE,2019-04-13T03:42:57
nw-1640-10-000048,nw-1640-10-000048.jpg,images/nw-1640-10-000048.jpg,nw,0,water,,0,640,640,S1_20190510_155642_155736_VV_17,S1B_IW_GRDH_1SDV_20190510T155642_20190510T155711_016184_01E73D_7764.SAFE,2019-05-10T15:56:42
nw-1641-10-000049,nw-1641-10-000049.jpg,images/nw-1641-10-000049.jpg,nw,0,water,,0,640,640,S1_20190510_155642_155736_VV_2,S1B_IW_GRDH_1SDV_20190510T155642_20190510T155711_016184_01E73D_7764.SAFE,2019-05-10T15:56:42
nw-1642-10-000050,nw-1642-10-000050.jpg,images/nw-1642-10-000050.jpg,nw,0,water,,0,640,640,S1_20190510_155642_155736_VV_6,S1B_IW_GRDH_1SDV_20190510T155642_20190510T155711_016184_01E73D_7764.SAFE,2019-05-10T15:56:42
nw-1643-10-000051,nw-1643-10-000051.jpg,images/nw-1643-10-000051.jpg,nw,0,water,,0,640,640,S1_20190511_154837_155017_VV_110,S1A_IW_GRDH_1SDV_20190511T154952_20190511T155017_027182_031070_90C8.SAFE,2019-05-11T15:48:37
nw-1644-10-000052,nw-1644-10-000052.jpg,images/nw-1644-10-000052.jpg,nw,0,water,,0,640,640,S1_20190511_154837_155017_VV_118,S1A_IW_GRDH_1SDV_20190511T154952_20190511T155017_027182_031070_90C8.SAFE,2019-05-11T15:48:37
nw-1645-10-000053,nw-1645-10-000053.jpg,images/nw-1645-10-000053.jpg,nw,0,water,,0,640,640,S1_20190518_154009_154149_VV_32,S1A_IW_GRDH_1SDV_20190518T154059_20190518T154124_027284_03139E_2F70.SAFE,2019-05-18T15:40:09
nw-1646-10-000054,nw-1646-10-000054.jpg,images/nw-1646-10-000054.jpg,nw,0,water,,0,640,640,S1_20190522_155643_155737_VV_42,S1B_IW_GRDH_1SDV_20190522T155643_20190522T155712_016359_01ECA7_4C33.SAFE,2019-05-22T15:56:43
nw-1647-10-000055,nw-1647-10-000055.jpg,images/nw-1647-10-000055.jpg,nw,0,water,,0,640,640,S1_20190609_155640_155820_VV_23,S1A_IW_GRDH_1SDV_20190609T155730_20190609T155755_027605_031D91_51DD.SAFE,2019-06-09T15:56:40
nw-1648-10-000056,nw-1648-10-000056.jpg,images/nw-1648-10-000056.jpg,nw,0,water,,0,640,640,S1_20190609_155640_155820_VV_92,S1A_IW_GRDH_1SDV_20190609T155730_20190609T155755_027605_031D91_51DD.SAFE,2019-06-09T15:56:40
nw-1649-10-000057,nw-1649-10-000057.jpg,images/nw-1649-10-000057.jpg,nw,0,water,,0,640,640,S1_20190610_154748_154928_VV_62,S1B_IW_GRDH_1SDV_20190610T154838_20190610T154903_016636_01F4FD_6C1D.SAFE,2019-06-10T15:47:48
nw-1650-10-000058,nw-1650-10-000058.jpg,images/nw-1650-10-000058.jpg,nw,0,water,,0,640,640,S1_20190611_035043_035222_VV_21,S1B_IW_GRDH_1SDV_20190611T035043_20190611T035108_016643_01F530_F253.SAFE,2019-06-11T03:50:43
nw-1651-10-000059,nw-1651-10-000059.jpg,images/nw-1651-10-000059.jpg,nw,0,water,,0,640,640,S1_20190611_035043_035222_VV_28,S1B_IW_GRDH_1SDV_20190611T035043_20190611T035108_016643_01F530_F253.SAFE,2019-06-11T03:50:43
nw-1652-10-000060,nw-1652-10-000060.jpg,images/nw-1652-10-000060.jpg,nw,0,water,,0,640,640,S1_20190611_035043_035222_VV_61,S1B_IW_GRDH_1SDV_20190611T035108_20190611T035133_016643_01F530_8AD0.SAFE,2019-06-11T03:50:43
nw-1653-10-000061,nw-1653-10-000061.jpg,images/nw-1653-10-000061.jpg,nw,0,water,,0,640,640,S1_20190611_035043_035222_VV_67,S1B_IW_GRDH_1SDV_20190611T035108_20190611T035133_016643_01F530_8AD0.SAFE,2019-06-11T03:50:43
nw-1654-10-000062,nw-1654-10-000062.jpg,images/nw-1654-10-000062.jpg,nw,0,water,,0,640,640,S1_20190611_035043_035222_VV_84,S1B_IW_GRDH_1SDV_20190611T035133_20190611T035158_016643_01F530_8193.SAFE;S1B_IW_GRDH_1SDV_20190611T035108_20190611T035133_016643_01F530_8AD0.SAFE,2019-06-11T03:50:43
nw-1655-10-000063,nw-1655-10-000063.jpg,images/nw-1655-10-000063.jpg,nw,0,water,,0,640,640,S1_20190611_154010_154150_VV_35,S1A_IW_GRDH_1SDV_20190611T154125_20190611T154150_027634_031E6E_BCB3.SAFE,2019-06-11T15:40:10
nw-1656-10-000064,nw-1656-10-000064.jpg,images/nw-1656-10-000064.jpg,nw,0,water,,0,640,640,S1_20190612_034300_034440_VV_100,S1A_IW_GRDH_1SDV_20190612T034325_20190612T034350_027641_031EA9_55D4.SAFE,2019-06-12T03:43:00
nw-1657-10-000065,nw-1657-10-000065.jpg,images/nw-1657-10-000065.jpg,nw,0,water,,0,640,640,S1_20190612_034300_034440_VV_108,S1A_IW_GRDH_1SDV_20190612T034325_20190612T034350_027641_031EA9_55D4.SAFE,2019-06-12T03:43:00
nw-1658-10-000066,nw-1658-10-000066.jpg,images/nw-1658-10-000066.jpg,nw,0,water,,0,640,640,S1_20190612_034300_034440_VV_127,S1A_IW_GRDH_1SDV_20190612T034325_20190612T034350_027641_031EA9_55D4.SAFE,2019-06-12T03:43:00
nw-1659-10-000067,nw-1659-10-000067.jpg,images/nw-1659-10-000067.jpg,nw,0,water,,0,640,640,S1_20190612_034300_034440_VV_42,S1A_IW_GRDH_1SDV_20190612T034300_20190612T034325_027641_031EA9_7D1B.SAFE,2019-06-12T03:43:00
nw-1660-10-000068,nw-1660-10-000068.jpg,images/nw-1660-10-000068.jpg,nw,0,water,,0,640,640,S1_20190616_154839_155019_VV_22,S1A_IW_GRDH_1SDV_20190616T154929_20190616T154954_027707_0320A3_F570.SAFE,2019-06-16T15:48:39
nw-1661-10-000069,nw-1661-10-000069.jpg,images/nw-1661-10-000069.jpg,nw,0,water,,0,640,640,S1_20190616_154839_155019_VV_32,S1A_IW_GRDH_1SDV_20190616T154929_20190616T154954_027707_0320A3_F570.SAFE,2019-06-16T15:48:39
nw-1662-10-000070,nw-1662-10-000070.jpg,images/nw-1662-10-000070.jpg,nw,0,water,,0,640,640,S1_20190616_154839_155019_VV_38,S1A_IW_GRDH_1SDV_20190616T154954_20190616T155019_027707_0320A3_41EC.SAFE;S1A_IW_GRDH_1SDV_20190616T154929_20190616T154954_027707_0320A3_F570.SAFE,2019-06-16T15:48:39
nw-1663-10-000071,nw-1663-10-000071.jpg,images/nw-1663-10-000071.jpg,nw,0,water,,0,640,640,S1_20190617_035120_035301_VV_41,S1A_IW_GRDH_1SDV_20190617T035120_20190617T035145_027714_0320D5_DE52.SAFE,2019-06-17T03:51:20
nw-1664-10-000072,nw-1664-10-000072.jpg,images/nw-1664-10-000072.jpg,nw,0,water,,0,640,640,S1_20190617_035120_035301_VV_65,S1A_IW_GRDH_1SDV_20190617T035145_20190617T035210_027714_0320D5_4009.SAFE,2019-06-17T03:51:20
nw-1665-10-000073,nw-1665-10-000073.jpg,images/nw-1665-10-000073.jpg,nw,0,water,,0,640,640,S1_20190617_035120_035301_VV_67,S1A_IW_GRDH_1SDV_20190617T035145_20190617T035210_027714_0320D5_4009.SAFE,2019-06-17T03:51:20
nw-1666-10-000074,nw-1666-10-000074.jpg,images/nw-1666-10-000074.jpg,nw,0,water,,0,640,640,S1_20190623_035044_035223_VV_128,S1B_IW_GRDH_1SDV_20190623T035134_20190623T035159_016818_01FA62_D8E1.SAFE,2019-06-23T03:50:44
nw-1667-10-000075,nw-1667-10-000075.jpg,images/nw-1667-10-000075.jpg,nw,0,water,,0,640,640,S1_20190623_035044_035223_VV_198,S1B_IW_GRDH_1SDV_20190623T035109_20190623T035134_016818_01FA62_8B22.SAFE,2019-06-23T03:50:44
nw-1668-10-000076,nw-1668-10-000076.jpg,images/nw-1668-10-000076.jpg,nw,0,water,,0,640,640,S1_20190623_035044_035223_VV_61,S1B_IW_GRDH_1SDV_20190623T035044_20190623T035109_016818_01FA62_8090.SAFE,2019-06-23T03:50:44
nw-1669-10-000077,nw-1669-10-000077.jpg,images/nw-1669-10-000077.jpg,nw,0,water,,0,640,640,S1_20190623_035044_035223_VV_98,S1B_IW_GRDH_1SDV_20190623T035134_20190623T035159_016818_01FA62_D8E1.SAFE,2019-06-23T03:50:44
nw-1670-10-000078,nw-1670-10-000078.jpg,images/nw-1670-10-000078.jpg,nw,0,water,,0,640,640,S1_20190716_035932_040112_VV_42,S1A_IW_GRDH_1SDV_20190716T040022_20190716T040047_028137_032D90_2975.SAFE,2019-07-16T03:59:32
nw-1671-10-000079,nw-1671-10-000079.jpg,images/nw-1671-10-000079.jpg,nw,0,water,,0,640,640,S1_20190716_154751_154931_VV_13,S1B_IW_GRDH_1SDV_20190716T154816_20190716T154841_017161_020487_EEF7.SAFE,2019-07-16T15:47:51
nw-1672-10-000080,nw-1672-10-000080.jpg,images/nw-1672-10-000080.jpg,nw,0,water,,0,640,640,S1_20190730_034303_034443_VV_48,S1A_IW_GRDH_1SDV_20190730T034303_20190730T034328_028341_0333D2_2F03.SAFE,2019-07-30T03:43:03
nw-1673-10-000081,nw-1673-10-000081.jpg,images/nw-1673-10-000081.jpg,nw,0,water,,0,640,640,S1_20190730_034303_034443_VV_62,S1A_IW_GRDH_1SDV_20190730T034328_20190730T034353_028341_0333D2_4C47.SAFE,2019-07-30T03:43:03
nw-1674-10-000082,nw-1674-10-000082.jpg,images/nw-1674-10-000082.jpg,nw,0,water,,0,640,640,S1_20190803_035856_040035_VV_56,S1B_IW_GRDH_1SDV_20190803T035856_20190803T035921_017416_020C16_EF88.SAFE,2019-08-03T03:58:56
nw-1675-10-000083,nw-1675-10-000083.jpg,images/nw-1675-10-000083.jpg,nw,0,water,,0,640,640,S1_20190811_034304_034444_VV_62,S1A_IW_GRDH_1SDV_20190811T034419_20190811T034444_028516_03394F_C4A3.SAFE;S1A_IW_GRDH_1SDV_20190811T034354_20190811T034419_028516_03394F_EA40.SAFE,2019-08-11T03:43:04
nw-1676-10-000084,nw-1676-10-000084.jpg,images/nw-1676-10-000084.jpg,nw,0,water,,0,640,640,S1_20190815_154843_155023_VV_33,S1A_IW_GRDH_1SDV_20190815T154908_20190815T154933_028582_033B99_01B4.SAFE,2019-08-15T15:48:43
nw-1677-10-000085,nw-1677-10-000085.jpg,images/nw-1677-10-000085.jpg,nw,0,water,,0,640,640,S1_20190821_035934_040114_VV_51,S1A_IW_GRDH_1SDV_20190821T040024_20190821T040049_028662_033E63_3BDB.SAFE,2019-08-21T03:59:34
nw-1678-10-000086,nw-1678-10-000086.jpg,images/nw-1678-10-000086.jpg,nw,0,water,,0,640,640,S1_20190821_035934_040114_VV_58,S1A_IW_GRDH_1SDV_20190821T040024_20190821T040049_028662_033E63_3BDB.SAFE,2019-08-21T03:59:34
nw-1679-10-000087,nw-1679-10-000087.jpg,images/nw-1679-10-000087.jpg,nw,0,water,,0,640,640,S1_20190821_035934_040114_VV_69,S1A_IW_GRDH_1SDV_20190821T040049_20190821T040114_028662_033E63_B88E.SAFE;S1A_IW_GRDH_1SDV_20190821T040024_20190821T040049_028662_033E63_3BDB.SAFE,2019-08-21T03:59:34
nw-1680-10-000088,nw-1680-10-000088.jpg,images/nw-1680-10-000088.jpg,nw,0,water,,0,640,640,S1_20190828_153950_154105_VV_56,S1B_IW_GRDH_1SDV_20190828T154040_20190828T154105_017788_02179A_9F35.SAFE,2019-08-28T15:39:50
nw-1681-10-000089,nw-1681-10-000089.jpg,images/nw-1681-10-000089.jpg,nw,0,water,,0,640,640,S1_20190902_035935_040115_VV_1,S1A_IW_GRDH_1SDV_20190902T035935_20190902T040000_028837_03447B_7C6D.SAFE,2019-09-02T03:59:35
nw-1682-10-000090,nw-1682-10-000090.jpg,images/nw-1682-10-000090.jpg,nw,0,water,,0,640,640,S1_20190921_035125_035307_VV_50,S1A_IW_GRDH_1SDV_20190921T035125_20190921T035150_029114_034E08_0160.SAFE,2019-09-21T03:51:25
nw-1683-10-000091,nw-1683-10-000091.jpg,images/nw-1683-10-000091.jpg,nw,0,water,,0,640,640,S1_20190921_153951_154106_VV_50,S1B_IW_GRDH_1SDV_20190921T154041_20190921T154106_018138_022283_3509.SAFE,2019-09-21T15:39:51
nw-1684-10-000092,nw-1684-10-000092.jpg,images/nw-1684-10-000092.jpg,nw,0,water,,0,640,640,S1_20190921_153951_154106_VV_53,S1B_IW_GRDH_1SDV_20190921T154041_20190921T154106_018138_022283_3509.SAFE,2019-09-21T15:39:51
nw-1685-10-000093,nw-1685-10-000093.jpg,images/nw-1685-10-000093.jpg,nw,0,water,,0,640,640,S1_20190926_035936_040116_VV_133,S1A_IW_GRDH_1SDV_20190926T040026_20190926T040051_029187_035080_F816.SAFE;S1A_IW_GRDH_1SDV_20190926T040001_20190926T040026_029187_035080_FDB2.SAFE,2019-09-26T03:59:36
nw-1686-10-000094,nw-1686-10-000094.jpg,images/nw-1686-10-000094.jpg,nw,0,water,,0,640,640,S1_20190926_035936_040116_VV_50,S1A_IW_GRDH_1SDV_20190926T035936_20190926T040001_029187_035080_891A.SAFE,2019-09-26T03:59:36
nw-1687-10-000095,nw-1687-10-000095.jpg,images/nw-1687-10-000095.jpg,nw,0,water,,0,640,640,S1_20190926_035936_040116_VV_52,S1A_IW_GRDH_1SDV_20190926T035936_20190926T040001_029187_035080_891A.SAFE,2019-09-26T03:59:36
nw-1688-10-000096,nw-1688-10-000096.jpg,images/nw-1688-10-000096.jpg,nw,0,water,,0,640,640,S1_20190926_154755_154935_VV_76,S1B_IW_GRDH_1SDV_20190926T154845_20190926T154910_018211_0224A2_64E7.SAFE,2019-09-26T15:47:55
nw-1689-10-000097,nw-1689-10-000097.jpg,images/nw-1689-10-000097.jpg,nw,0,water,,0,640,640,S1_20190927_035049_035228_VV_5,S1B_IW_GRDH_1SDV_20190927T035049_20190927T035114_018218_0224DC_62D9.SAFE,2019-09-27T03:50:49
nw-1690-10-000098,nw-1690-10-000098.jpg,images/nw-1690-10-000098.jpg,nw,0,water,,0,640,640,S1_20190927_035049_035228_VV_65,S1B_IW_GRDH_1SDV_20190927T035139_20190927T035204_018218_0224DC_E6A4.SAFE,2019-09-27T03:50:49
nw-1691-10-000099,nw-1691-10-000099.jpg,images/nw-1691-10-000099.jpg,nw,0,water,,0,640,640,S1_20190927_035049_035228_VV_80,S1B_IW_GRDH_1SDV_20190927T035139_20190927T035204_018218_0224DC_E6A4.SAFE,2019-09-27T03:50:49
nw-1692-10-000100,nw-1692-10-000100.jpg,images/nw-1692-10-000100.jpg,nw,0,water,,0,640,640,S1_20190927_035049_035228_VV_84,S1B_IW_GRDH_1SDV_20190927T035139_20190927T035204_018218_0224DC_E6A4.SAFE,2019-09-27T03:50:49
nw-1693-10-000101,nw-1693-10-000101.jpg,images/nw-1693-10-000101.jpg,nw,0,water,,0,640,640,S1_20190927_035049_035228_VV_89,S1B_IW_GRDH_1SDV_20190927T035139_20190927T035204_018218_0224DC_E6A4.SAFE,2019-09-27T03:50:49
nw-1694-10-000102,nw-1694-10-000102.jpg,images/nw-1694-10-000102.jpg,nw,0,water,,0,640,640,S1_20190927_035049_035228_VV_92,S1B_IW_GRDH_1SDV_20190927T035139_20190927T035204_018218_0224DC_E6A4.SAFE,2019-09-27T03:50:49
nw-1695-10-000103,nw-1695-10-000103.jpg,images/nw-1695-10-000103.jpg,nw,0,water,,0,640,640,S1_20190927_154017_154157_VV_92,S1A_IW_GRDH_1SDV_20190927T154132_20190927T154157_029209_035141_93D0.SAFE,2019-09-27T15:40:17
nw-1696-10-000104,nw-1696-10-000104.jpg,images/nw-1696-10-000104.jpg,nw,0,water,,0,640,640,S1_20190927_154017_154157_VV_98,S1A_IW_GRDH_1SDV_20190927T154132_20190927T154157_029209_035141_93D0.SAFE,2019-09-27T15:40:17
nw-1697-10-000105,nw-1697-10-000105.jpg,images/nw-1697-10-000105.jpg,nw,0,water,,0,640,640,S1_20190928_034306_034446_VV_94,S1A_IW_GRDH_1SDV_20190928T034331_20190928T034356_029216_035188_442B.SAFE,2019-09-28T03:43:06
nw-1698-10-000106,nw-1698-10-000106.jpg,images/nw-1698-10-000106.jpg,nw,0,water,,0,640,640,S1_20190930_160458_160638_VV_33,S1A_IW_GRDH_1SDV_20190930T160548_20190930T160613_029253_0352E1_E2DE.SAFE,2019-09-30T16:04:58
nw-1699-10-000107,nw-1699-10-000107.jpg,images/nw-1699-10-000107.jpg,nw,0,water,,0,640,640,S1_20191004_034227_034407_VV_109,S1B_IW_GRDH_1SDV_20191004T034317_20191004T034342_018320_02282B_4A6D.SAFE;S1B_IW_GRDH_1SDV_20191004T034252_20191004T034317_018320_02282B_B1FB.SAFE,2019-10-04T03:42:27
nw-1700-10-000108,nw-1700-10-000108.jpg,images/nw-1700-10-000108.jpg,nw,0,water,,0,640,640,S1_20191004_034227_034407_VV_127,S1B_IW_GRDH_1SDV_20191004T034317_20191004T034342_018320_02282B_4A6D.SAFE,2019-10-04T03:42:27
nw-1701-10-000109,nw-1701-10-000109.jpg,images/nw-1701-10-000109.jpg,nw,0,water,,0,640,640,S1_20191004_034227_034407_VV_152,S1B_IW_GRDH_1SDV_20191004T034317_20191004T034342_018320_02282B_4A6D.SAFE,2019-10-04T03:42:27
nw-1702-10-000110,nw-1702-10-000110.jpg,images/nw-1702-10-000110.jpg,nw,0,water,,0,640,640,S1_20191004_034227_034407_VV_167,S1B_IW_GRDH_1SDV_20191004T034317_20191004T034342_018320_02282B_4A6D.SAFE,2019-10-04T03:42:27
nw-1703-10-000111,nw-1703-10-000111.jpg,images/nw-1703-10-000111.jpg,nw,0,water,,0,640,640,S1_20191004_034227_034407_VV_179,S1B_IW_GRDH_1SDV_20191004T034317_20191004T034342_018320_02282B_4A6D.SAFE,2019-10-04T03:42:27
nw-1704-10-000112,nw-1704-10-000112.jpg,images/nw-1704-10-000112.jpg,nw,0,water,,0,640,640,S1_20191004_034227_034407_VV_43,S1B_IW_GRDH_1SDV_20191004T034252_20191004T034317_018320_02282B_B1FB.SAFE,2019-10-04T03:42:27
nw-1705-10-000113,nw-1705-10-000113.jpg,images/nw-1705-10-000113.jpg,nw,0,water,,0,640,640,S1_20191004_034227_034407_VV_69,S1B_IW_GRDH_1SDV_20191004T034252_20191004T034317_018320_02282B_B1FB.SAFE,2019-10-04T03:42:27
nw-1706-10-000114,nw-1706-10-000114.jpg,images/nw-1706-10-000114.jpg,nw,0,water,,0,640,640,S1_20191004_034227_034407_VV_70,S1B_IW_GRDH_1SDV_20191004T034252_20191004T034317_018320_02282B_B1FB.SAFE,2019-10-04T03:42:27
nw-1707-10-000115,nw-1707-10-000115.jpg,images/nw-1707-10-000115.jpg,nw,0,water,,0,640,640,S1_20191004_034227_034407_VV_71,S1B_IW_GRDH_1SDV_20191004T034252_20191004T034317_018320_02282B_B1FB.SAFE,2019-10-04T03:42:27
nw-1708-10-000116,nw-1708-10-000116.jpg,images/nw-1708-10-000116.jpg,nw,0,water,,0,640,640,S1_20191004_034227_034407_VV_89,S1B_IW_GRDH_1SDV_20191004T034252_20191004T034317_018320_02282B_B1FB.SAFE,2019-10-04T03:42:27
nw-1709-10-000117,nw-1709-10-000117.jpg,images/nw-1709-10-000117.jpg,nw,0,water,,0,640,640,S1_20191007_155647_155827_VV_33,S1A_IW_GRDH_1SDV_20191007T155712_20191007T155737_029355_035652_8FCF.SAFE,2019-10-07T15:56:47
nw-1710-10-000118,nw-1710-10-000118.jpg,images/nw-1710-10-000118.jpg,nw,0,water,,0,640,640,S1_20191007_155647_155827_VV_47,S1A_IW_GRDH_1SDV_20191007T155712_20191007T155737_029355_035652_8FCF.SAFE,2019-10-07T15:56:47
nw-1711-10-000119,nw-1711-10-000119.jpg,images/nw-1711-10-000119.jpg,nw,0,water,,0,640,640,S1_20191009_035049_035228_VV_22,S1B_IW_GRDH_1SDV_20191009T035049_20191009T035114_018393_022A5F_CD0D.SAFE,2019-10-09T03:50:49
nw-1712-10-000120,nw-1712-10-000120.jpg,images/nw-1712-10-000120.jpg,nw,0,water,,0,640,640,S1_20191010_034306_034446_VV_118,S1A_IW_GRDH_1SDV_20191010T034306_20191010T034331_029391_035788_5523.SAFE,2019-10-10T03:43:06
nw-1713-10-000121,nw-1713-10-000121.jpg,images/nw-1713-10-000121.jpg,nw,0,water,,0,640,640,S1_20191010_034306_034446_VV_29,S1A_IW_GRDH_1SDV_20191010T034306_20191010T034331_029391_035788_5523.SAFE,2019-10-10T03:43:06
nw-1714-10-000122,nw-1714-10-000122.jpg,images/nw-1714-10-000122.jpg,nw,0,water,,0,640,640,S1_20191010_034306_034446_VV_63,S1A_IW_GRDH_1SDV_20191010T034331_20191010T034356_029391_035788_7CA8.SAFE,2019-10-10T03:43:06
nw-1715-10-000123,nw-1715-10-000123.jpg,images/nw-1715-10-000123.jpg,nw,0,water,,0,640,640,S1_20191014_154845_155025_VV_31,S1A_IW_GRDH_1SDV_20191014T154910_20191014T154935_029457_0359DE_77C2.SAFE,2019-10-14T15:48:45
nw-1716-10-000124,nw-1716-10-000124.jpg,images/nw-1716-10-000124.jpg,nw,0,water,,0,640,640,S1_20191014_154845_155025_VV_32,S1A_IW_GRDH_1SDV_20191014T154910_20191014T154935_029457_0359DE_77C2.SAFE,2019-10-14T15:48:45
nw-1717-10-000125,nw-1717-10-000125.jpg,images/nw-1717-10-000125.jpg,nw,0,water,,0,640,640,S1_20191014_154845_155025_VV_36,S1A_IW_GRDH_1SDV_20191014T154910_20191014T154935_029457_0359DE_77C2.SAFE,2019-10-14T15:48:45
nw-1718-10-000126,nw-1718-10-000126.jpg,images/nw-1718-10-000126.jpg,nw,0,water,,0,640,640,S1_20191020_154755_154935_VV_31,S1B_IW_GRDH_1SDV_20191020T154910_20191020T154935_018561_022F8C_14B1.SAFE,2019-10-20T15:47:55
nw-1719-10-000127,nw-1719-10-000127.jpg,images/nw-1719-10-000127.jpg,nw,0,water,,0,640,640,S1_20191021_035049_035228_VV_62,S1B_IW_GRDH_1SDV_20191021T035114_20191021T035139_018568_022FC0_0980.SAFE,2019-10-21T03:50:49
nw-1720-10-000128,nw-1720-10-000128.jpg,images/nw-1720-10-000128.jpg,nw,0,water,,0,640,640,S1_20191021_154016_154156_VV_34,S1A_IW_GRDH_1SDV_20191021T154131_20191021T154156_029559_035D56_1CD1.SAFE;S1A_IW_GRDH_1SDV_20191021T154106_20191021T154131_029559_035D56_48DB.SAFE,2019-10-21T15:40:16
nw-1721-10-000129,nw-1721-10-000129.jpg,images/nw-1721-10-000129.jpg,nw,0,water,,0,640,640,S1_20191021_154016_154156_VV_37,S1A_IW_GRDH_1SDV_20191021T154131_20191021T154156_029559_035D56_1CD1.SAFE;S1A_IW_GRDH_1SDV_20191021T154106_20191021T154131_029559_035D56_48DB.SAFE,2019-10-21T15:40:16
nw-1722-10-000130,nw-1722-10-000130.jpg,images/nw-1722-10-000130.jpg,nw,0,water,,0,640,640,S1_20191021_154016_154156_VV_78,S1A_IW_GRDH_1SDV_20191021T154131_20191021T154156_029559_035D56_1CD1.SAFE,2019-10-21T15:40:16
nw-1723-10-000131,nw-1723-10-000131.jpg,images/nw-1723-10-000131.jpg,nw,0,water,,0,640,640,S1_20191026_154845_155025_VV_9,S1A_IW_GRDH_1SDV_20191026T154845_20191026T154910_029632_035FDD_29A5.SAFE,2019-10-26T15:48:45
nw-1724-10-000132,nw-1724-10-000132.jpg,images/nw-1724-10-000132.jpg,nw,0,water,,0,640,640,S1_20191027_153951_154106_VV_46,S1B_IW_GRDH_1SDV_20191027T154041_20191027T154106_018663_0232BF_0AC1.SAFE,2019-10-27T15:39:51
nw-1725-10-000133,nw-1725-10-000133.jpg,images/nw-1725-10-000133.jpg,nw,0,water,,0,640,640,S1_20191028_034227_034407_VV_80,S1B_IW_GRDH_1SDV_20191028T034252_20191028T034317_018670_0232F7_237B.SAFE;S1B_IW_GRDH_1SDV_20191028T034227_20191028T034252_018670_0232F7_69C9.SAFE,2019-10-28T03:42:27
nw-1726-10-000134,nw-1726-10-000134.jpg,images/nw-1726-10-000134.jpg,nw,0,water,,0,640,640,S1_20191102_035049_035228_VV_31,S1B_IW_GRDH_1SDV_20191102T035139_20191102T035204_018743_02353E_3541.SAFE,2019-11-02T03:50:49
nw-1727-10-000135,nw-1727-10-000135.jpg,images/nw-1727-10-000135.jpg,nw,0,water,,0,640,640,S1_20191102_035049_035228_VV_54,S1B_IW_GRDH_1SDV_20191102T035139_20191102T035204_018743_02353E_3541.SAFE,2019-11-02T03:50:49
nw-1728-10-000136,nw-1728-10-000136.jpg,images/nw-1728-10-000136.jpg,nw,0,water,,0,640,640,S1_20191102_154017_154157_VV_56,S1A_IW_GRDH_1SDV_20191102T154132_20191102T154157_029734_036369_DF53.SAFE,2019-11-02T15:40:17
nw-1729-10-000137,nw-1729-10-000137.jpg,images/nw-1729-10-000137.jpg,nw,0,water,,0,640,640,S1_20191109_034227_034407_VV_65,S1B_IW_GRDH_1SDV_20191109T034252_20191109T034317_018845_0238A3_587D.SAFE,2019-11-09T03:42:27
nw-1730-10-000138,nw-1730-10-000138.jpg,images/nw-1730-10-000138.jpg,nw,0,water,,0,640,640,S1_20191119_154845_155025_VV_71,S1A_IW_GRDH_1SDV_20191119T155000_20191119T155025_029982_036C1D_0E50.SAFE,2019-11-19T15:48:45
nw-1731-10-000139,nw-1731-10-000139.jpg,images/nw-1731-10-000139.jpg,nw,0,water,,0,640,640,S1_20191119_154845_155025_VV_72,S1A_IW_GRDH_1SDV_20191119T155000_20191119T155025_029982_036C1D_0E50.SAFE,2019-11-19T15:48:45
nw-1732-10-000140,nw-1732-10-000140.jpg,images/nw-1732-10-000140.jpg,nw,0,water,,0,640,640,S1_20191120_035126_035307_VV_7,S1A_IW_GRDH_1SDV_20191120T035126_20191120T035151_029989_036C5B_1AC3.SAFE,2019-11-20T03:51:26
nw-1733-10-000141,nw-1733-10-000141.jpg,images/nw-1733-10-000141.jpg,nw,0,water,,0,640,640,S1_20191120_153951_154106_VV_47,S1B_IW_GRDH_1SDV_20191120T154041_20191120T154106_019013_023E0F_D976.SAFE,2019-11-20T15:39:51
nw-1734-10-000142,nw-1734-10-000142.jpg,images/nw-1734-10-000142.jpg,nw,0,water,,0,640,640,S1_20191120_153951_154106_VV_58,S1B_IW_GRDH_1SDV_20191120T154041_20191120T154106_019013_023E0F_D976.SAFE,2019-11-20T15:39:51
nw-1735-10-000143,nw-1735-10-000143.jpg,images/nw-1735-10-000143.jpg,nw,0,water,,0,640,640,S1_20191120_153951_154106_VV_67,S1B_IW_GRDH_1SDV_20191120T154041_20191120T154106_019013_023E0F_D976.SAFE,2019-11-20T15:39:51
nw-1736-10-000144,nw-1736-10-000144.jpg,images/nw-1736-10-000144.jpg,nw,0,water,,0,640,640,S1_20191121_034227_034407_VV_108,S1B_IW_GRDH_1SDV_20191121T034252_20191121T034317_019020_023E45_AFA4.SAFE,2019-11-21T03:42:27
nw-1737-10-000145,nw-1737-10-000145.jpg,images/nw-1737-10-000145.jpg,nw,0,water,,0,640,640,S1_20191121_034227_034407_VV_110,S1B_IW_GRDH_1SDV_20191121T034252_20191121T034317_019020_023E45_AFA4.SAFE,2019-11-21T03:42:27
nw-1738-10-000146,nw-1738-10-000146.jpg,images/nw-1738-10-000146.jpg,nw,0,water,,0,640,640,S1_20191121_034227_034407_VV_49,S1B_IW_GRDH_1SDV_20191121T034227_20191121T034252_019020_023E45_EAB3.SAFE,2019-11-21T03:42:27
nw-1739-10-000147,nw-1739-10-000147.jpg,images/nw-1739-10-000147.jpg,nw,0,water,,0,640,640,S1_20191121_034227_034407_VV_91,S1B_IW_GRDH_1SDV_20191121T034252_20191121T034317_019020_023E45_AFA4.SAFE,2019-11-21T03:42:27
nw-1740-10-000148,nw-1740-10-000148.jpg,images/nw-1740-10-000148.jpg,nw,0,water,,0,640,640,S1_20191203_034226_034406_VV_132,S1B_IW_GRDH_1SDV_20191203T034251_20191203T034316_019195_0243D6_EC71.SAFE,2019-12-03T03:42:26
nw-1741-10-000149,nw-1741-10-000149.jpg,images/nw-1741-10-000149.jpg,nw,0,water,,0,640,640,S1_20191203_034226_034406_VV_163,S1B_IW_GRDH_1SDV_20191203T034316_20191203T034341_019195_0243D6_6D71.SAFE,2019-12-03T03:42:26
nw-1742-10-000150,nw-1742-10-000150.jpg,images/nw-1742-10-000150.jpg,nw,0,water,,0,640,640,S1_20191203_034226_034406_VV_49,S1B_IW_GRDH_1SDV_20191203T034226_20191203T034251_019195_0243D6_C23B.SAFE,2019-12-03T03:42:26
nw-1743-10-000151,nw-1743-10-000151.jpg,images/nw-1743-10-000151.jpg,nw,0,water,,0,640,640,S1_20191203_034226_034406_VV_77,S1B_IW_GRDH_1SDV_20191203T034226_20191203T034251_019195_0243D6_C23B.SAFE,2019-12-03T03:42:26
nw-1744-10-000152,nw-1744-10-000152.jpg,images/nw-1744-10-000152.jpg,nw,0,water,,0,640,640,S1_20191207_154754_154934_VV_106,S1B_IW_GRDH_1SDV_20191207T154754_20191207T154819_019261_0245D7_1E9F.SAFE,2019-12-07T15:47:54
nw-1745-10-000153,nw-1745-10-000153.jpg,images/nw-1745-10-000153.jpg,nw,0,water,,0,640,640,S1_20191207_154754_154934_VV_171,S1B_IW_GRDH_1SDV_20191207T154819_20191207T154844_019261_0245D7_02A3.SAFE,2019-12-07T15:47:54
nw-1746-10-000154,nw-1746-10-000154.jpg,images/nw-1746-10-000154.jpg,nw,0,water,,0,640,640,S1_20191207_154754_154934_VV_176,S1B_IW_GRDH_1SDV_20191207T154819_20191207T154844_019261_0245D7_02A3.SAFE,2019-12-07T15:47:54
nw-1747-10-000155,nw-1747-10-000155.jpg,images/nw-1747-10-000155.jpg,nw,0,water,,0,640,640,S1_20191207_154754_154934_VV_188,S1B_IW_GRDH_1SDV_20191207T154819_20191207T154844_019261_0245D7_02A3.SAFE,2019-12-07T15:47:54
nw-1748-10-000156,nw-1748-10-000156.jpg,images/nw-1748-10-000156.jpg,nw,0,water,,0,640,640,S1_20191207_154754_154934_VV_190,S1B_IW_GRDH_1SDV_20191207T154844_20191207T154909_019261_0245D7_E80A.SAFE;S1B_IW_GRDH_1SDV_20191207T154819_20191207T154844_019261_0245D7_02A3.SAFE,2019-12-07T15:47:54
nw-1749-10-000157,nw-1749-10-000157.jpg,images/nw-1749-10-000157.jpg,nw,0,water,,0,640,640,S1_20191218_155645_155825_VV_143,S1A_IW_GRDH_1SDV_20191218T155800_20191218T155825_030405_037AC0_AAC3.SAFE,2019-12-18T15:56:45
nw-1750-10-000158,nw-1750-10-000158.jpg,images/nw-1750-10-000158.jpg,nw,0,water,,0,640,640,S1_20191219_035935_040115_VV_18,S1A_IW_GRDH_1SDV_20191219T035935_20191219T040000_030412_037AF3_6AFD.SAFE,2019-12-19T03:59:35
nw-1751-10-000159,nw-1751-10-000159.jpg,images/nw-1751-10-000159.jpg,nw,0,water,,0,640,640,S1_20191219_035935_040115_VV_42,S1A_IW_GRDH_1SDV_20191219T035935_20191219T040000_030412_037AF3_6AFD.SAFE,2019-12-19T03:59:35
nw-1752-10-000160,nw-1752-10-000160.jpg,images/nw-1752-10-000160.jpg,nw,0,water,,0,640,640,S1_20191219_035935_040115_VV_54,S1A_IW_GRDH_1SDV_20191219T035935_20191219T040000_030412_037AF3_6AFD.SAFE,2019-12-19T03:59:35
nw-1753-10-000161,nw-1753-10-000161.jpg,images/nw-1753-10-000161.jpg,nw,0,water,,0,640,640,S1_20191219_035935_040115_VV_57,S1A_IW_GRDH_1SDV_20191219T035935_20191219T040000_030412_037AF3_6AFD.SAFE,2019-12-19T03:59:35
nw-1754-10-000162,nw-1754-10-000162.jpg,images/nw-1754-10-000162.jpg,nw,0,water,,0,640,640,S1_20191219_154753_154933_VV_166,S1B_IW_GRDH_1SDV_20191219T154908_20191219T154933_019436_024B6B_E2BB.SAFE,2019-12-19T15:47:53
nw-1755-10-000163,nw-1755-10-000163.jpg,images/nw-1755-10-000163.jpg,nw,0,water,,0,640,640,S1_20191219_154753_154933_VV_208,S1B_IW_GRDH_1SDV_20191219T154908_20191219T154933_019436_024B6B_E2BB.SAFE,2019-12-19T15:47:53
nw-1756-10-000164,nw-1756-10-000164.jpg,images/nw-1756-10-000164.jpg,nw,0,water,,0,640,640,S1_20191220_035048_035227_VV_15,S1B_IW_GRDH_1SDV_20191220T035048_20191220T035113_019443_024BA5_28B4.SAFE,2019-12-20T03:50:48
nw-1757-10-000165,nw-1757-10-000165.jpg,images/nw-1757-10-000165.jpg,nw,0,water,,0,640,640,S1_20191220_035048_035227_VV_39,S1B_IW_GRDH_1SDV_20191220T035048_20191220T035113_019443_024BA5_28B4.SAFE,2019-12-20T03:50:48
nw-1758-10-000166,nw-1758-10-000166.jpg,images/nw-1758-10-000166.jpg,nw,0,water,,0,640,640,S1_20191220_035048_035227_VV_74,S1B_IW_GRDH_1SDV_20191220T035048_20191220T035113_019443_024BA5_28B4.SAFE,2019-12-20T03:50:48
nw-1759-10-000167,nw-1759-10-000167.jpg,images/nw-1759-10-000167.jpg,nw,0,water,,0,640,640,S1_20191220_035048_035227_VV_84,S1B_IW_GRDH_1SDV_20191220T035048_20191220T035113_019443_024BA5_28B4.SAFE,2019-12-20T03:50:48
nw-1760-10-000168,nw-1760-10-000168.jpg,images/nw-1760-10-000168.jpg,nw,0,water,,0,640,640,S1_20191220_035048_035227_VV_91,S1B_IW_GRDH_1SDV_20191220T035048_20191220T035113_019443_024BA5_28B4.SAFE,2019-12-20T03:50:48
nw-1761-10-000169,nw-1761-10-000169.jpg,images/nw-1761-10-000169.jpg,nw,0,water,,0,640,640,S1_20191220_154015_154155_VV_219,S1A_IW_GRDH_1SDV_20191220T154130_20191220T154155_030434_037BB3_2D8A.SAFE,2019-12-20T15:40:15
nw-1762-10-000170,nw-1762-10-000170.jpg,images/nw-1762-10-000170.jpg,nw,0,water,,0,640,640,S1_20191220_154015_154155_VV_241,S1A_IW_GRDH_1SDV_20191220T154130_20191220T154155_030434_037BB3_2D8A.SAFE,2019-12-20T15:40:15
nw-1763-10-000171,nw-1763-10-000171.jpg,images/nw-1763-10-000171.jpg,nw,0,water,,0,640,640,S1_20191221_034305_034445_VV_99,S1A_IW_GRDH_1SDV_20191221T034330_20191221T034355_030441_037BF3_5BD0.SAFE,2019-12-21T03:43:05
nw-1764-10-000172,nw-1764-10-000172.jpg,images/nw-1764-10-000172.jpg,nw,0,water,,0,640,640,S1_20191221_153135_153315_VV_624,S1B_IW_GRDH_1SDV_20191221T153250_20191221T153315_019465_024C52_8DD0.SAFE,2019-12-21T15:31:35
nw-1765-10-000173,nw-1765-10-000173.jpg,images/nw-1765-10-000173.jpg,nw,0,water,,0,640,640,S1_20191221_153135_153315_VV_625,S1B_IW_GRDH_1SDV_20191221T153250_20191221T153315_019465_024C52_8DD0.SAFE,2019-12-21T15:31:35
nw-1766-10-000174,nw-1766-10-000174.jpg,images/nw-1766-10-000174.jpg,nw,0,water,,0,640,640,S1_20191231_154753_154933_VV_137,S1B_IW_GRDH_1SDV_20191231T154818_20191231T154843_019611_025103_9D8D.SAFE,2019-12-31T15:47:53
nw-1767-11-000001,nw-1767-11-000001.jpg,images/nw-1767-11-000001.jpg,nw,0,water,,0,640,640,S1_20190104_155638_155818_VV_120,S1A_IW_GRDH_1SDV_20190104T155753_20190104T155818_025330_02CD9D_5240.SAFE,2019-01-04T15:56:38
nw-1768-11-000002,nw-1768-11-000002.jpg,images/nw-1768-11-000002.jpg,nw,0,water,,0,640,640,S1_20190111_154836_155016_VV_114,S1A_IW_GRDH_1SDV_20190111T154901_20190111T154926_025432_02D14A_4A63.SAFE,2019-01-11T15:48:36
nw-1769-11-000003,nw-1769-11-000003.jpg,images/nw-1769-11-000003.jpg,nw,0,water,,0,640,640,S1_20190112_153943_154058_VV_153,S1B_IW_GRDH_1SDV_20190112T154033_20190112T154058_014463_01AEE6_B38F.SAFE,2019-01-12T15:39:43
nw-1770-11-000004,nw-1770-11-000004.jpg,images/nw-1770-11-000004.jpg,nw,0,water,,0,640,640,S1_20190119_034258_034438_VV_147,S1A_IW_GRDH_1SDV_20190119T034323_20190119T034348_025541_02D53C_8F34.SAFE,2019-01-19T03:42:58
nw-1771-11-000005,nw-1771-11-000005.jpg,images/nw-1771-11-000005.jpg,nw,0,water,,0,640,640,S1_20190119_034258_034438_VV_89,S1A_IW_GRDH_1SDV_20190119T034348_20190119T034413_025541_02D53C_EE42.SAFE,2019-01-19T03:42:58
nw-1772-11-000006,nw-1772-11-000006.jpg,images/nw-1772-11-000006.jpg,nw,0,water,,0,640,640,S1_20190119_034258_034438_VV_90,S1A_IW_GRDH_1SDV_20190119T034348_20190119T034413_025541_02D53C_EE42.SAFE,2019-01-19T03:42:58
nw-1773-11-000007,nw-1773-11-000007.jpg,images/nw-1773-11-000007.jpg,nw,0,water,,0,640,640,S1_20190123_035850_040029_VV_116,S1B_IW_GRDH_1SDV_20190123T035915_20190123T035940_014616_01B3CB_38CE.SAFE,2019-01-23T03:58:50
nw-1774-11-000008,nw-1774-11-000008.jpg,images/nw-1774-11-000008.jpg,nw,0,water,,0,640,640,S1_20190123_035850_040029_VV_143,S1B_IW_GRDH_1SDV_20190123T035940_20190123T040005_014616_01B3CB_32E6.SAFE,2019-01-23T03:58:50
nw-1775-11-000009,nw-1775-11-000009.jpg,images/nw-1775-11-000009.jpg,nw,0,water,,0,640,640,S1_20190129_154746_154926_VV_1,S1B_IW_GRDH_1SDV_20190129T154746_20190129T154811_014711_01B6D1_4094.SAFE,2019-01-29T15:47:46
nw-1776-11-000010,nw-1776-11-000010.jpg,images/nw-1776-11-000010.jpg,nw,0,water,,0,640,640,S1_20190202_160449_160629_VV_16,S1A_IW_GRDH_1SDV_20190202T160539_20190202T160604_025753_02DD0D_1EB4.SAFE,2019-02-02T16:04:49
nw-1777-11-000011,nw-1777-11-000011.jpg,images/nw-1777-11-000011.jpg,nw,0,water,,0,640,640,S1_20190220_160404_160544_VV_113,S1B_IW_GRDH_1SDV_20190220T160519_20190220T160544_015032_01C169_37F7.SAFE,2019-02-20T16:04:04
nw-1778-11-000012,nw-1778-11-000012.jpg,images/nw-1778-11-000012.jpg,nw,0,water,,0,640,640,S1_20190220_160404_160544_VV_36,S1B_IW_GRDH_1SDV_20190220T160454_20190220T160519_015032_01C169_7DBC.SAFE,2019-02-20T16:04:04
nw-1779-11-000013,nw-1779-11-000013.jpg,images/nw-1779-11-000013.jpg,nw,0,water,,0,640,640,S1_20190221_155637_155817_VV_101,S1A_IW_GRDH_1SDV_20190221T155752_20190221T155817_026030_02E6CF_6EBE.SAFE,2019-02-21T15:56:37
nw-1780-11-000014,nw-1780-11-000014.jpg,images/nw-1780-11-000014.jpg,nw,0,water,,0,640,640,S1_20190221_155637_155817_VV_183,S1A_IW_GRDH_1SDV_20190221T155752_20190221T155817_026030_02E6CF_6EBE.SAFE,2019-02-21T15:56:37
nw-1781-11-000015,nw-1781-11-000015.jpg,images/nw-1781-11-000015.jpg,nw,0,water,,0,640,640,S1_20190221_155637_155817_VV_184,S1A_IW_GRDH_1SDV_20190221T155752_20190221T155817_026030_02E6CF_6EBE.SAFE,2019-02-21T15:56:37
nw-1782-11-000016,nw-1782-11-000016.jpg,images/nw-1782-11-000016.jpg,nw,0,water,,0,640,640,S1_20190221_155637_155817_VV_77,S1A_IW_GRDH_1SDV_20190221T155752_20190221T155817_026030_02E6CF_6EBE.SAFE;S1A_IW_GRDH_1SDV_20190221T155727_20190221T155752_026030_02E6CF_E2B0.SAFE,2019-02-21T15:56:37
nw-1783-11-000017,nw-1783-11-000017.jpg,images/nw-1783-11-000017.jpg,nw,0,water,,0,640,640,S1_20190221_155637_155817_VV_81,S1A_IW_GRDH_1SDV_20190221T155752_20190221T155817_026030_02E6CF_6EBE.SAFE,2019-02-21T15:56:37
nw-1784-11-000018,nw-1784-11-000018.jpg,images/nw-1784-11-000018.jpg,nw,0,water,,0,640,640,S1_20190222_035926_040106_VV_194,S1A_IW_GRDH_1SDV_20190222T035926_20190222T035951_026037_02E70F_1C4A.SAFE,2019-02-22T03:59:26
nw-1785-11-000019,nw-1785-11-000019.jpg,images/nw-1785-11-000019.jpg,nw,0,water,,0,640,640,S1_20190222_035926_040106_VV_195,S1A_IW_GRDH_1SDV_20190222T035926_20190222T035951_026037_02E70F_1C4A.SAFE,2019-02-22T03:59:26
nw-1786-11-000020,nw-1786-11-000020.jpg,images/nw-1786-11-000020.jpg,nw,0,water,,0,640,640,S1_20190222_035926_040106_VV_86,S1A_IW_GRDH_1SDV_20190222T035926_20190222T035951_026037_02E70F_1C4A.SAFE,2019-02-22T03:59:26
nw-1787-11-000021,nw-1787-11-000021.jpg,images/nw-1787-11-000021.jpg,nw,0,water,,0,640,640,S1_20190222_154745_154925_VV_105,S1B_IW_GRDH_1SDV_20190222T154835_20190222T154900_015061_01C24C_E464.SAFE,2019-02-22T15:47:45
nw-1788-11-000022,nw-1788-11-000022.jpg,images/nw-1788-11-000022.jpg,nw,0,water,,0,640,640,S1_20190222_154745_154925_VV_115,S1B_IW_GRDH_1SDV_20190222T154835_20190222T154900_015061_01C24C_E464.SAFE,2019-02-22T15:47:45
nw-1789-11-000023,nw-1789-11-000023.jpg,images/nw-1789-11-000023.jpg,nw,0,water,,0,640,640,S1_20190222_154745_154925_VV_212,S1B_IW_GRDH_1SDV_20190222T154900_20190222T154925_015061_01C24C_2830.SAFE,2019-02-22T15:47:45
nw-1790-11-000024,nw-1790-11-000024.jpg,images/nw-1790-11-000024.jpg,nw,0,water,,0,640,640,S1_20190222_154745_154925_VV_261,S1B_IW_GRDH_1SDV_20190222T154900_20190222T154925_015061_01C24C_2830.SAFE,2019-02-22T15:47:45
nw-1791-11-000025,nw-1791-11-000025.jpg,images/nw-1791-11-000025.jpg,nw,0,water,,0,640,640,S1_20190222_154745_154925_VV_272,S1B_IW_GRDH_1SDV_20190222T154900_20190222T154925_015061_01C24C_2830.SAFE,2019-02-22T15:47:45
nw-1792-11-000026,nw-1792-11-000026.jpg,images/nw-1792-11-000026.jpg,nw,0,water,,0,640,640,S1_20190222_154745_154925_VV_331,S1B_IW_GRDH_1SDV_20190222T154810_20190222T154835_015061_01C24C_9BBE.SAFE,2019-02-22T15:47:45
nw-1793-11-000027,nw-1793-11-000027.jpg,images/nw-1793-11-000027.jpg,nw,0,water,,0,640,640,S1_20190222_154745_154925_VV_332,S1B_IW_GRDH_1SDV_20190222T154810_20190222T154835_015061_01C24C_9BBE.SAFE,2019-02-22T15:47:45
nw-1794-11-000028,nw-1794-11-000028.jpg,images/nw-1794-11-000028.jpg,nw,0,water,,0,640,640,S1_20190222_154745_154925_VV_61,S1B_IW_GRDH_1SDV_20190222T154810_20190222T154835_015061_01C24C_9BBE.SAFE,2019-02-22T15:47:45
nw-1795-11-000029,nw-1795-11-000029.jpg,images/nw-1795-11-000029.jpg,nw,0,water,,0,640,640,S1_20190222_154745_154925_VV_75,S1B_IW_GRDH_1SDV_20190222T154835_20190222T154900_015061_01C24C_E464.SAFE;S1B_IW_GRDH_1SDV_20190222T154810_20190222T154835_015061_01C24C_9BBE.SAFE,2019-02-22T15:47:45
nw-1796-11-000030,nw-1796-11-000030.jpg,images/nw-1796-11-000030.jpg,nw,0,water,,0,640,640,S1_20190222_154745_154925_VV_79,S1B_IW_GRDH_1SDV_20190222T154835_20190222T154900_015061_01C24C_E464.SAFE;S1B_IW_GRDH_1SDV_20190222T154810_20190222T154835_015061_01C24C_9BBE.SAFE,2019-02-22T15:47:45
nw-1797-11-000031,nw-1797-11-000031.jpg,images/nw-1797-11-000031.jpg,nw,0,water,,0,640,640,S1_20190222_154745_154925_VV_90,S1B_IW_GRDH_1SDV_20190222T154835_20190222T154900_015061_01C24C_E464.SAFE,2019-02-22T15:47:45
nw-1798-11-000032,nw-1798-11-000032.jpg,images/nw-1798-11-000032.jpg,nw,0,water,,0,640,640,S1_20190223_154007_154147_VV_130,S1A_IW_GRDH_1SDV_20190223T154122_20190223T154147_026059_02E7D6_5BFC.SAFE,2019-02-23T15:40:07
nw-1799-11-000033,nw-1799-11-000033.jpg,images/nw-1799-11-000033.jpg,nw,0,water,,0,640,640,S1_20190304_160404_160544_VV_36,S1B_IW_GRDH_1SDV_20190304T160429_20190304T160454_015207_01C72A_60D4.SAFE,2019-03-04T16:04:04
nw-1800-11-000034,nw-1800-11-000034.jpg,images/nw-1800-11-000034.jpg,nw,0,water,,0,640,640,S1_20190306_035926_040106_VV_6,S1A_IW_GRDH_1SDV_20190306T035926_20190306T035951_026212_02ED51_1D32.SAFE,2019-03-06T03:59:26
nw-1801-11-000035,nw-1801-11-000035.jpg,images/nw-1801-11-000035.jpg,nw,0,water,,0,640,640,S1_20190312_035849_040029_VV_101,S1B_IW_GRDH_1SDV_20190312T035939_20190312T040004_015316_01CAB5_09EE.SAFE,2019-03-12T03:58:49
nw-1802-11-000036,nw-1802-11-000036.jpg,images/nw-1802-11-000036.jpg,nw,0,water,,0,640,640,S1_20190312_035849_040029_VV_173,S1B_IW_GRDH_1SDV_20190312T040004_20190312T040029_015316_01CAB5_D793.SAFE,2019-03-12T03:58:49
nw-1803-11-000037,nw-1803-11-000037.jpg,images/nw-1803-11-000037.jpg,nw,0,water,,0,640,640,S1_20190312_154835_155015_VV_170,S1A_IW_GRDH_1SDV_20190312T154900_20190312T154925_026307_02F0D5_5A39.SAFE,2019-03-12T15:48:35
nw-1804-11-000038,nw-1804-11-000038.jpg,images/nw-1804-11-000038.jpg,nw,0,water,,0,640,640,S1_20190312_154835_155015_VV_172,S1A_IW_GRDH_1SDV_20190312T154900_20190312T154925_026307_02F0D5_5A39.SAFE,2019-03-12T15:48:35
nw-1805-11-000039,nw-1805-11-000039.jpg,images/nw-1805-11-000039.jpg,nw,0,water,,0,640,640,S1_20190312_154835_155015_VV_212,S1A_IW_GRDH_1SDV_20190312T154925_20190312T154950_026307_02F0D5_08E2.SAFE,2019-03-12T15:48:35
nw-1806-11-000040,nw-1806-11-000040.jpg,images/nw-1806-11-000040.jpg,nw,0,water,,0,640,640,S1_20190318_154745_154925_VV_36,S1B_IW_GRDH_1SDV_20190318T154810_20190318T154835_015411_01CDBD_41F5.SAFE,2019-03-18T15:47:45
nw-1807-11-000041,nw-1807-11-000041.jpg,images/nw-1807-11-000041.jpg,nw,0,water,,0,640,640,S1_20190319_035039_035218_VV_150,S1B_IW_GRDH_1SDV_20190319T035039_20190319T035104_015418_01CDFB_172B.SAFE,2019-03-19T03:50:39
nw-1808-11-000042,nw-1808-11-000042.jpg,images/nw-1808-11-000042.jpg,nw,0,water,,0,640,640,S1_20190319_154007_154147_VV_43,S1A_IW_GRDH_1SDV_20190319T154122_20190319T154147_026409_02F495_4D5C.SAFE,2019-03-19T15:40:07
nw-1809-11-000043,nw-1809-11-000043.jpg,images/nw-1809-11-000043.jpg,nw,0,water,,0,640,640,S1_20190320_153127_153307_VV_394,S1B_IW_GRDH_1SDV_20190320T153242_20190320T153307_015440_01CEAD_9EE4.SAFE,2019-03-20T15:31:27
nw-1810-11-000044,nw-1810-11-000044.jpg,images/nw-1810-11-000044.jpg,nw,0,water,,0,640,640,S1_20190323_155640_155734_VV_153,S1B_IW_GRDH_1SDV_20190323T155640_20190323T155709_015484_01D01A_DA9D.SAFE,2019-03-23T15:56:40
nw-1811-11-000045,nw-1811-11-000045.jpg,images/nw-1811-11-000045.jpg,nw,0,water,,0,640,640,S1_20190323_155640_155734_VV_16,S1B_IW_GRDH_1SDV_20190323T155640_20190323T155709_015484_01D01A_DA9D.SAFE,2019-03-23T15:56:40
nw-1812-11-000046,nw-1812-11-000046.jpg,images/nw-1812-11-000046.jpg,nw,0,water,,0,640,640,S1_20190323_155640_155734_VV_47,S1B_IW_GRDH_1SDV_20190323T155640_20190323T155709_015484_01D01A_DA9D.SAFE,2019-03-23T15:56:40
nw-1813-11-000047,nw-1813-11-000047.jpg,images/nw-1813-11-000047.jpg,nw,0,water,,0,640,640,S1_20190405_035850_040029_VV_176,S1B_IW_GRDH_1SDV_20190405T035915_20190405T035940_015666_01D628_E73F.SAFE,2019-04-05T03:58:50
nw-1814-11-000048,nw-1814-11-000048.jpg,images/nw-1814-11-000048.jpg,nw,0,water,,0,640,640,S1_20190405_035850_040029_VV_187,S1B_IW_GRDH_1SDV_20190405T035940_20190405T040005_015666_01D628_676F.SAFE,2019-04-05T03:58:50
nw-1815-11-000049,nw-1815-11-000049.jpg,images/nw-1815-11-000049.jpg,nw,0,water,,0,640,640,S1_20190405_154836_155016_VV_148,S1A_IW_GRDH_1SDV_20190405T154951_20190405T155016_026657_02FDC3_09ED.SAFE,2019-04-05T15:48:36
nw-1816-11-000050,nw-1816-11-000050.jpg,images/nw-1816-11-000050.jpg,nw,0,water,,0,640,640,S1_20190405_154836_155016_VV_173,S1A_IW_GRDH_1SDV_20190405T154836_20190405T154901_026657_02FDC3_95CA.SAFE,2019-04-05T15:48:36
nw-1817-11-000051,nw-1817-11-000051.jpg,images/nw-1817-11-000051.jpg,nw,0,water,,0,640,640,S1_20190405_154836_155016_VV_242,S1A_IW_GRDH_1SDV_20190405T154951_20190405T155016_026657_02FDC3_09ED.SAFE,2019-04-05T15:48:36
nw-1818-11-000052,nw-1818-11-000052.jpg,images/nw-1818-11-000052.jpg,nw,0,water,,0,640,640,S1_20190406_035117_035258_VV_113,S1A_IW_GRDH_1SDV_20190406T035142_20190406T035207_026664_02FE02_BB0A.SAFE,2019-04-06T03:51:17
nw-1819-11-000053,nw-1819-11-000053.jpg,images/nw-1819-11-000053.jpg,nw,0,water,,0,640,640,S1_20190406_035117_035258_VV_217,S1A_IW_GRDH_1SDV_20190406T035142_20190406T035207_026664_02FE02_BB0A.SAFE,2019-04-06T03:51:17
nw-1820-11-000054,nw-1820-11-000054.jpg,images/nw-1820-11-000054.jpg,nw,0,water,,0,640,640,S1_20190406_035117_035258_VV_254,S1A_IW_GRDH_1SDV_20190406T035142_20190406T035207_026664_02FE02_BB0A.SAFE,2019-04-06T03:51:17
nw-1821-11-000055,nw-1821-11-000055.jpg,images/nw-1821-11-000055.jpg,nw,0,water,,0,640,640,S1_20190406_035117_035258_VV_265,S1A_IW_GRDH_1SDV_20190406T035142_20190406T035207_026664_02FE02_BB0A.SAFE,2019-04-06T03:51:17
nw-1822-11-000056,nw-1822-11-000056.jpg,images/nw-1822-11-000056.jpg,nw,0,water,,0,640,640,S1_20190406_035117_035258_VV_277,S1A_IW_GRDH_1SDV_20190406T035142_20190406T035207_026664_02FE02_BB0A.SAFE,2019-04-06T03:51:17
nw-1823-11-000057,nw-1823-11-000057.jpg,images/nw-1823-11-000057.jpg,nw,0,water,,0,640,640,S1_20190406_035117_035258_VV_35,S1A_IW_GRDH_1SDV_20190406T035117_20190406T035142_026664_02FE02_C5A5.SAFE,2019-04-06T03:51:17
nw-1824-11-000058,nw-1824-11-000058.jpg,images/nw-1824-11-000058.jpg,nw,0,water,,0,640,640,S1_20190406_035117_035258_VV_42,S1A_IW_GRDH_1SDV_20190406T035117_20190406T035142_026664_02FE02_C5A5.SAFE,2019-04-06T03:51:17
nw-1825-11-000059,nw-1825-11-000059.jpg,images/nw-1825-11-000059.jpg,nw,0,water,,0,640,640,S1_20190406_035117_035258_VV_44,S1A_IW_GRDH_1SDV_20190406T035117_20190406T035142_026664_02FE02_C5A5.SAFE,2019-04-06T03:51:17
nw-1826-11-000060,nw-1826-11-000060.jpg,images/nw-1826-11-000060.jpg,nw,0,water,,0,640,640,S1_20190406_153942_154057_VV_49,S1B_IW_GRDH_1SDV_20190406T154032_20190406T154057_015688_01D6ED_B234.SAFE,2019-04-06T15:39:42
nw-1827-11-000061,nw-1827-11-000061.jpg,images/nw-1827-11-000061.jpg,nw,0,water,,0,640,640,S1_20190407_034234_034349_VV_102,S1B_IW_GRDH_1SDV_20190407T034324_20190407T034349_015695_01D728_35B4.SAFE,2019-04-07T03:42:34
nw-1828-11-000062,nw-1828-11-000062.jpg,images/nw-1828-11-000062.jpg,nw,0,water,,0,640,640,S1_20190407_034234_034349_VV_106,S1B_IW_GRDH_1SDV_20190407T034324_20190407T034349_015695_01D728_35B4.SAFE,2019-04-07T03:42:34
nw-1829-11-000063,nw-1829-11-000063.jpg,images/nw-1829-11-000063.jpg,nw,0,water,,0,640,640,S1_20190411_154746_154926_VV_46,S1B_IW_GRDH_1SDV_20190411T154811_20190411T154836_015761_01D947_1908.SAFE,2019-04-11T15:47:46
nw-1830-11-000064,nw-1830-11-000064.jpg,images/nw-1830-11-000064.jpg,nw,0,water,,0,640,640,S1_20190412_035040_035219_VV_120,S1B_IW_GRDH_1SDV_20190412T035105_20190412T035130_015768_01D985_01C9.SAFE,2019-04-12T03:50:40
nw-1831-11-000065,nw-1831-11-000065.jpg,images/nw-1831-11-000065.jpg,nw,0,water,,0,640,640,S1_20190423_035928_040108_VV_89,S1A_IW_GRDH_1SDV_20190423T035953_20190423T040018_026912_0306F7_10F0.SAFE,2019-04-23T03:59:28
nw-1832-11-000066,nw-1832-11-000066.jpg,images/nw-1832-11-000066.jpg,nw,0,water,,0,640,640,S1_20190423_154746_154926_VV_49,S1B_IW_GRDH_1SDV_20190423T154836_20190423T154901_015936_01DF14_E7F4.SAFE,2019-04-23T15:47:46
nw-1833-11-000067,nw-1833-11-000067.jpg,images/nw-1833-11-000067.jpg,nw,0,water,,0,640,640,S1_20190424_035041_035220_VV_17,S1B_IW_GRDH_1SDV_20190424T035041_20190424T035106_015943_01DF52_4650.SAFE,2019-04-24T03:50:41
nw-1834-11-000068,nw-1834-11-000068.jpg,images/nw-1834-11-000068.jpg,nw,0,water,,0,640,640,S1_20190424_035041_035220_VV_24,S1B_IW_GRDH_1SDV_20190424T035041_20190424T035106_015943_01DF52_4650.SAFE,2019-04-24T03:50:41
nw-1835-11-000069,nw-1835-11-000069.jpg,images/nw-1835-11-000069.jpg,nw,0,water,,0,640,640,S1_20190424_035041_035220_VV_4,S1B_IW_GRDH_1SDV_20190424T035041_20190424T035106_015943_01DF52_4650.SAFE,2019-04-24T03:50:41
nw-1836-11-000070,nw-1836-11-000070.jpg,images/nw-1836-11-000070.jpg,nw,0,water,,0,640,640,S1_20190424_154008_154148_VV_63,S1A_IW_GRDH_1SDV_20190424T154123_20190424T154148_026934_0307C2_8DFF.SAFE,2019-04-24T15:40:08
nw-1837-11-000071,nw-1837-11-000071.jpg,images/nw-1837-11-000071.jpg,nw,0,water,,0,640,640,S1_20190425_034258_034438_VV_129,S1A_IW_GRDH_1SDV_20190425T034323_20190425T034348_026941_030806_C553.SAFE,2019-04-25T03:42:58
nw-1838-11-000072,nw-1838-11-000072.jpg,images/nw-1838-11-000072.jpg,nw,0,water,,0,640,640,S1_20190425_034258_034438_VV_29,S1A_IW_GRDH_1SDV_20190425T034258_20190425T034323_026941_030806_D45F.SAFE,2019-04-25T03:42:58
nw-1839-11-000073,nw-1839-11-000073.jpg,images/nw-1839-11-000073.jpg,nw,0,water,,0,640,640,S1_20190427_160450_160630_VV_223,S1A_IW_GRDH_1SDV_20190427T160605_20190427T160630_026978_03096D_3B92.SAFE,2019-04-27T16:04:50
nw-1840-11-000074,nw-1840-11-000074.jpg,images/nw-1840-11-000074.jpg,nw,0,water,,0,640,640,S1_20190427_160450_160630_VV_24,S1A_IW_GRDH_1SDV_20190427T160515_20190427T160540_026978_03096D_9164.SAFE,2019-04-27T16:04:50
nw-1841-11-000075,nw-1841-11-000075.jpg,images/nw-1841-11-000075.jpg,nw,0,water,,0,640,640,S1_20190427_160450_160630_VV_36,S1A_IW_GRDH_1SDV_20190427T160515_20190427T160540_026978_03096D_9164.SAFE,2019-04-27T16:04:50
nw-1842-11-000076,nw-1842-11-000076.jpg,images/nw-1842-11-000076.jpg,nw,0,water,,0,640,640,S1_20190427_160450_160630_VV_63,S1A_IW_GRDH_1SDV_20190427T160540_20190427T160605_026978_03096D_E604.SAFE,2019-04-27T16:04:50
nw-1843-11-000077,nw-1843-11-000077.jpg,images/nw-1843-11-000077.jpg,nw,0,water,,0,640,640,S1_20190427_160450_160630_VV_68,S1A_IW_GRDH_1SDV_20190427T160540_20190427T160605_026978_03096D_E604.SAFE,2019-04-27T16:04:50
nw-1844-11-000078,nw-1844-11-000078.jpg,images/nw-1844-11-000078.jpg,nw,0,water,,0,640,640,S1_20190429_154837_155017_VV_166,S1A_IW_GRDH_1SDV_20190429T154952_20190429T155017_027007_030A73_3AD5.SAFE,2019-04-29T15:48:37
nw-1845-11-000079,nw-1845-11-000079.jpg,images/nw-1845-11-000079.jpg,nw,0,water,,0,640,640,S1_20190429_154837_155017_VV_44,S1A_IW_GRDH_1SDV_20190429T154927_20190429T154952_027007_030A73_C58E.SAFE,2019-04-29T15:48:37
nw-1846-11-000080,nw-1846-11-000080.jpg,images/nw-1846-11-000080.jpg,nw,0,water,,0,640,640,S1_20190429_154837_155017_VV_80,S1A_IW_GRDH_1SDV_20190429T154927_20190429T154952_027007_030A73_C58E.SAFE,2019-04-29T15:48:37
nw-1847-11-000081,nw-1847-11-000081.jpg,images/nw-1847-11-000081.jpg,nw,0,water,,0,640,640,S1_20190430_035118_035259_VV_183,S1A_IW_GRDH_1SDV_20190430T035143_20190430T035208_027014_030AB6_4943.SAFE,2019-04-30T03:51:18
nw-1848-11-000082,nw-1848-11-000082.jpg,images/nw-1848-11-000082.jpg,nw,0,water,,0,640,640,S1_20190430_153943_154058_VV_54,S1B_IW_GRDH_1SDV_20190430T154033_20190430T154058_016038_01E28F_07FE.SAFE,2019-04-30T15:39:43
nw-1849-11-000083,nw-1849-11-000083.jpg,images/nw-1849-11-000083.jpg,nw,0,water,,0,640,640,S1_20190501_034219_034359_VV_139,S1B_IW_GRDH_1SDV_20190501T034244_20190501T034309_016045_01E2CB_793F.SAFE,2019-05-01T03:42:19
nw-1850-11-000084,nw-1850-11-000084.jpg,images/nw-1850-11-000084.jpg,nw,0,water,,0,640,640,S1_20190501_034219_034359_VV_198,S1B_IW_GRDH_1SDV_20190501T034219_20190501T034244_016045_01E2CB_DAFE.SAFE,2019-05-01T03:42:19
nw-1851-11-000085,nw-1851-11-000085.jpg,images/nw-1851-11-000085.jpg,nw,0,water,,0,640,640,S1_20190501_034219_034359_VV_33,S1B_IW_GRDH_1SDV_20190501T034219_20190501T034244_016045_01E2CB_DAFE.SAFE,2019-05-01T03:42:19
nw-1852-11-000086,nw-1852-11-000086.jpg,images/nw-1852-11-000086.jpg,nw,0,water,,0,640,640,S1_20190511_035851_040030_VV_10,S1B_IW_GRDH_1SDV_20190511T035851_20190511T035916_016191_01E77E_ECCB.SAFE,2019-05-11T03:58:51
nw-1853-11-000087,nw-1853-11-000087.jpg,images/nw-1853-11-000087.jpg,nw,0,water,,0,640,640,S1_20190511_154837_155017_VV_125,S1A_IW_GRDH_1SDV_20190511T154952_20190511T155017_027182_031070_90C8.SAFE,2019-05-11T15:48:37
nw-1854-11-000088,nw-1854-11-000088.jpg,images/nw-1854-11-000088.jpg,nw,0,water,,0,640,640,S1_20190511_154837_155017_VV_16,S1A_IW_GRDH_1SDV_20190511T154927_20190511T154952_027182_031070_998B.SAFE,2019-05-11T15:48:37
nw-1855-11-000089,nw-1855-11-000089.jpg,images/nw-1855-11-000089.jpg,nw,0,water,,0,640,640,S1_20190511_154837_155017_VV_59,S1A_IW_GRDH_1SDV_20190511T154927_20190511T154952_027182_031070_998B.SAFE,2019-05-11T15:48:37
nw-1856-11-000090,nw-1856-11-000090.jpg,images/nw-1856-11-000090.jpg,nw,0,water,,0,640,640,S1_20190515_160406_160546_VV_19,S1B_IW_GRDH_1SDV_20190515T160456_20190515T160521_016257_01E988_F53E.SAFE,2019-05-15T16:04:06
nw-1857-11-000091,nw-1857-11-000091.jpg,images/nw-1857-11-000091.jpg,nw,0,water,,0,640,640,S1_20190522_155643_155737_VV_145,S1B_IW_GRDH_1SDV_20190522T155712_20190522T155737_016359_01ECA7_BEBC.SAFE,2019-05-22T15:56:43
nw-1858-11-000092,nw-1858-11-000092.jpg,images/nw-1858-11-000092.jpg,nw,0,water,,0,640,640,S1_20190522_155643_155737_VV_158,S1B_IW_GRDH_1SDV_20190522T155712_20190522T155737_016359_01ECA7_BEBC.SAFE,2019-05-22T15:56:43
nw-1859-11-000093,nw-1859-11-000093.jpg,images/nw-1859-11-000093.jpg,nw,0,water,,0,640,640,S1_20190522_155643_155737_VV_177,S1B_IW_GRDH_1SDV_20190522T155712_20190522T155737_016359_01ECA7_BEBC.SAFE,2019-05-22T15:56:43
nw-1860-11-000094,nw-1860-11-000094.jpg,images/nw-1860-11-000094.jpg,nw,0,water,,0,640,640,S1_20190522_155643_155737_VV_285,S1B_IW_GRDH_1SDV_20190522T155712_20190522T155737_016359_01ECA7_BEBC.SAFE,2019-05-22T15:56:43
nw-1861-11-000095,nw-1861-11-000095.jpg,images/nw-1861-11-000095.jpg,nw,0,water,,0,640,640,S1_20190522_155643_155737_VV_51,S1B_IW_GRDH_1SDV_20190522T155643_20190522T155712_016359_01ECA7_4C33.SAFE,2019-05-22T15:56:43
nw-1862-11-000096,nw-1862-11-000096.jpg,images/nw-1862-11-000096.jpg,nw,0,water,,0,640,640,S1_20190522_155643_155737_VV_92,S1B_IW_GRDH_1SDV_20190522T155643_20190522T155712_016359_01ECA7_4C33.SAFE,2019-05-22T15:56:43
nw-1863-11-000097,nw-1863-11-000097.jpg,images/nw-1863-11-000097.jpg,nw,0,water,,0,640,640,S1_20190523_154838_155018_VV_85,S1A_IW_GRDH_1SDV_20190523T154903_20190523T154928_027357_0315EA_95BE.SAFE,2019-05-23T15:48:38
nw-1864-11-000098,nw-1864-11-000098.jpg,images/nw-1864-11-000098.jpg,nw,0,water,,0,640,640,S1_20190524_035119_035300_VV_298,S1A_IW_GRDH_1SDV_20190524T035209_20190524T035234_027364_031625_B50F.SAFE,2019-05-24T03:51:19
nw-1865-11-000099,nw-1865-11-000099.jpg,images/nw-1865-11-000099.jpg,nw,0,water,,0,640,640,S1_20190527_160407_160547_VV_146,S1B_IW_GRDH_1SDV_20190527T160457_20190527T160522_016432_01EEE6_4F2E.SAFE,2019-05-27T16:04:07
nw-1866-11-000100,nw-1866-11-000100.jpg,images/nw-1866-11-000100.jpg,nw,0,water,,0,640,640,S1_20190527_160407_160547_VV_194,S1B_IW_GRDH_1SDV_20190527T160522_20190527T160547_016432_01EEE6_9F08.SAFE,2019-05-27T16:04:07
nw-1867-11-000101,nw-1867-11-000101.jpg,images/nw-1867-11-000101.jpg,nw,0,water,,0,640,640,S1_20190527_160407_160547_VV_64,S1B_IW_GRDH_1SDV_20190527T160522_20190527T160547_016432_01EEE6_9F08.SAFE,2019-05-27T16:04:07
nw-1868-11-000102,nw-1868-11-000102.jpg,images/nw-1868-11-000102.jpg,nw,0,water,,0,640,640,S1_20190527_160407_160547_VV_65,S1B_IW_GRDH_1SDV_20190527T160522_20190527T160547_016432_01EEE6_9F08.SAFE,2019-05-27T16:04:07
nw-1869-11-000103,nw-1869-11-000103.jpg,images/nw-1869-11-000103.jpg,nw,0,water,,0,640,640,S1_20190527_160407_160547_VV_86,S1B_IW_GRDH_1SDV_20190527T160522_20190527T160547_016432_01EEE6_9F08.SAFE,2019-05-27T16:04:07
nw-1870-11-000104,nw-1870-11-000104.jpg,images/nw-1870-11-000104.jpg,nw,0,water,,0,640,640,S1_20190529_035929_040109_VV_110,S1A_IW_GRDH_1SDV_20190529T040019_20190529T040044_027437_031860_421A.SAFE,2019-05-29T03:59:29
nw-1871-11-000105,nw-1871-11-000105.jpg,images/nw-1871-11-000105.jpg,nw,0,water,,0,640,640,S1_20190529_035929_040109_VV_30,S1A_IW_GRDH_1SDV_20190529T035954_20190529T040019_027437_031860_E8F6.SAFE,2019-05-29T03:59:29
nw-1872-11-000106,nw-1872-11-000106.jpg,images/nw-1872-11-000106.jpg,nw,0,water,,0,640,640,S1_20190529_035929_040109_VV_36,S1A_IW_GRDH_1SDV_20190529T040019_20190529T040044_027437_031860_421A.SAFE;S1A_IW_GRDH_1SDV_20190529T035954_20190529T040019_027437_031860_E8F6.SAFE,2019-05-29T03:59:29
nw-1873-11-000107,nw-1873-11-000107.jpg,images/nw-1873-11-000107.jpg,nw,0,water,,0,640,640,S1_20190529_035929_040109_VV_80,S1A_IW_GRDH_1SDV_20190529T040019_20190529T040044_027437_031860_421A.SAFE,2019-05-29T03:59:29
nw-1874-11-000108,nw-1874-11-000108.jpg,images/nw-1874-11-000108.jpg,nw,0,water,,0,640,640,S1_20190530_154010_154150_VV_123,S1A_IW_GRDH_1SDV_20190530T154125_20190530T154150_027459_031913_1260.SAFE,2019-05-30T15:40:10
nw-1875-11-000109,nw-1875-11-000109.jpg,images/nw-1875-11-000109.jpg,nw,0,water,,0,640,640,S1_20190530_154010_154150_VV_43,S1A_IW_GRDH_1SDV_20190530T154125_20190530T154150_027459_031913_1260.SAFE,2019-05-30T15:40:10
nw-1876-11-000110,nw-1876-11-000110.jpg,images/nw-1876-11-000110.jpg,nw,0,water,,0,640,640,S1_20190531_034300_034440_VV_11,S1A_IW_GRDH_1SDV_20190531T034300_20190531T034325_027466_031954_5014.SAFE,2019-05-31T03:43:00
nw-1877-11-000111,nw-1877-11-000111.jpg,images/nw-1877-11-000111.jpg,nw,0,water,,0,640,640,S1_20190531_034300_034440_VV_111,S1A_IW_GRDH_1SDV_20190531T034325_20190531T034350_027466_031954_4726.SAFE,2019-05-31T03:43:00
nw-1878-11-000112,nw-1878-11-000112.jpg,images/nw-1878-11-000112.jpg,nw,0,water,,0,640,640,S1_20190531_034300_034440_VV_227,S1A_IW_GRDH_1SDV_20190531T034325_20190531T034350_027466_031954_4726.SAFE,2019-05-31T03:43:00
nw-1879-11-000113,nw-1879-11-000113.jpg,images/nw-1879-11-000113.jpg,nw,0,water,,0,640,640,S1_20190531_034300_034440_VV_228,S1A_IW_GRDH_1SDV_20190531T034325_20190531T034350_027466_031954_4726.SAFE,2019-05-31T03:43:00
nw-1880-11-000114,nw-1880-11-000114.jpg,images/nw-1880-11-000114.jpg,nw,0,water,,0,640,640,S1_20190609_155640_155820_VV_110,S1A_IW_GRDH_1SDV_20190609T155755_20190609T155820_027605_031D91_0B06.SAFE,2019-06-09T15:56:40
nw-1881-11-000115,nw-1881-11-000115.jpg,images/nw-1881-11-000115.jpg,nw,0,water,,0,640,640,S1_20190609_155640_155820_VV_145,S1A_IW_GRDH_1SDV_20190609T155755_20190609T155820_027605_031D91_0B06.SAFE,2019-06-09T15:56:40
nw-1882-11-000116,nw-1882-11-000116.jpg,images/nw-1882-11-000116.jpg,nw,0,water,,0,640,640,S1_20190612_034300_034440_VV_70,S1A_IW_GRDH_1SDV_20190612T034300_20190612T034325_027641_031EA9_7D1B.SAFE,2019-06-12T03:43:00
nw-1883-11-000117,nw-1883-11-000117.jpg,images/nw-1883-11-000117.jpg,nw,0,water,,0,640,640,S1_20190612_034300_034440_VV_90,S1A_IW_GRDH_1SDV_20190612T034325_20190612T034350_027641_031EA9_55D4.SAFE,2019-06-12T03:43:00
nw-1884-11-000118,nw-1884-11-000118.jpg,images/nw-1884-11-000118.jpg,nw,0,water,,0,640,640,S1_20190616_154839_155019_VV_5,S1A_IW_GRDH_1SDV_20190616T154929_20190616T154954_027707_0320A3_F570.SAFE,2019-06-16T15:48:39
nw-1885-11-000119,nw-1885-11-000119.jpg,images/nw-1885-11-000119.jpg,nw,0,water,,0,640,640,S1_20190616_154839_155019_VV_6,S1A_IW_GRDH_1SDV_20190616T154929_20190616T154954_027707_0320A3_F570.SAFE,2019-06-16T15:48:39
nw-1886-11-000120,nw-1886-11-000120.jpg,images/nw-1886-11-000120.jpg,nw,0,water,,0,640,640,S1_20190616_154839_155019_VV_75,S1A_IW_GRDH_1SDV_20190616T154954_20190616T155019_027707_0320A3_41EC.SAFE,2019-06-16T15:48:39
nw-1887-11-000121,nw-1887-11-000121.jpg,images/nw-1887-11-000121.jpg,nw,0,water,,0,640,640,S1_20190616_154839_155019_VV_96,S1A_IW_GRDH_1SDV_20190616T154954_20190616T155019_027707_0320A3_41EC.SAFE,2019-06-16T15:48:39
nw-1888-11-000122,nw-1888-11-000122.jpg,images/nw-1888-11-000122.jpg,nw,0,water,,0,640,640,S1_20190617_035120_035301_VV_128,S1A_IW_GRDH_1SDV_20190617T035120_20190617T035145_027714_0320D5_DE52.SAFE,2019-06-17T03:51:20
nw-1889-11-000123,nw-1889-11-000123.jpg,images/nw-1889-11-000123.jpg,nw,0,water,,0,640,640,S1_20190617_035120_035301_VV_20,S1A_IW_GRDH_1SDV_20190617T035120_20190617T035145_027714_0320D5_DE52.SAFE,2019-06-17T03:51:20
nw-1890-11-000124,nw-1890-11-000124.jpg,images/nw-1890-11-000124.jpg,nw,0,water,,0,640,640,S1_20190622_035930_040110_VV_71,S1A_IW_GRDH_1SDV_20190622T035930_20190622T035955_027787_0322FB_55D3.SAFE,2019-06-22T03:59:30
nw-1891-11-000125,nw-1891-11-000125.jpg,images/nw-1891-11-000125.jpg,nw,0,water,,0,640,640,S1_20190624_034301_034441_VV_91,S1A_IW_GRDH_1SDV_20190624T034301_20190624T034326_027816_0323DB_4474.SAFE,2019-06-24T03:43:01
nw-1892-11-000126,nw-1892-11-000126.jpg,images/nw-1892-11-000126.jpg,nw,0,water,,0,640,640,S1_20190626_160452_160632_VV_26,S1A_IW_GRDH_1SDV_20190626T160542_20190626T160607_027853_032501_B03A.SAFE,2019-06-26T16:04:52
nw-1893-11-000127,nw-1893-11-000127.jpg,images/nw-1893-11-000127.jpg,nw,0,water,,0,640,640,S1_20190711_035121_035303_VV_56,S1A_IW_GRDH_1SDV_20190711T035121_20190711T035146_028064_032B5E_8132.SAFE,2019-07-11T03:51:21
nw-1894-11-000128,nw-1894-11-000128.jpg,images/nw-1894-11-000128.jpg,nw,0,water,,0,640,640,S1_20190730_034303_034443_VV_123,S1A_IW_GRDH_1SDV_20190730T034418_20190730T034443_028341_0333D2_9F38.SAFE,2019-07-30T03:43:03
nw-1895-11-000129,nw-1895-11-000129.jpg,images/nw-1895-11-000129.jpg,nw,0,water,,0,640,640,S1_20190730_153133_153313_VV_425,S1B_IW_GRDH_1SDV_20190730T153248_20190730T153313_017365_020A74_DD3A.SAFE,2019-07-30T15:31:33
nw-1896-11-000130,nw-1896-11-000130.jpg,images/nw-1896-11-000130.jpg,nw,0,water,,0,640,640,S1_20190803_035856_040035_VV_70,S1B_IW_GRDH_1SDV_20190803T035856_20190803T035921_017416_020C16_EF88.SAFE,2019-08-03T03:58:56
nw-1897-11-000131,nw-1897-11-000131.jpg,images/nw-1897-11-000131.jpg,nw,0,water,,0,640,640,S1_20190815_035857_040036_VV_59,S1B_IW_GRDH_1SDV_20190815T040012_20190815T040036_017591_021171_D62F.SAFE,2019-08-15T03:58:57
nw-1898-11-000132,nw-1898-11-000132.jpg,images/nw-1898-11-000132.jpg,nw,0,water,,0,640,640,S1_20190815_035857_040036_VV_97,S1B_IW_GRDH_1SDV_20190815T040012_20190815T040036_017591_021171_D62F.SAFE,2019-08-15T03:58:57
nw-1899-11-000133,nw-1899-11-000133.jpg,images/nw-1899-11-000133.jpg,nw,0,water,,0,640,640,S1_20190822_154015_154155_VV_39,S1A_IW_GRDH_1SDV_20190822T154130_20190822T154155_028684_033F1B_7F0B.SAFE,2019-08-22T15:40:15
nw-1900-11-000134,nw-1900-11-000134.jpg,images/nw-1900-11-000134.jpg,nw,0,water,,0,640,640,S1_20190824_033416_033556_VV_11,S1B_IW_GRDH_1SDV_20190824T033416_20190824T033441_017722_021577_195C.SAFE,2019-08-24T03:34:16
nw-1901-11-000135,nw-1901-11-000135.jpg,images/nw-1901-11-000135.jpg,nw,0,water,,0,640,640,S1_20190827_035858_040037_VV_40,S1B_IW_GRDH_1SDV_20190827T035948_20190827T040013_017766_0216ED_1CA7.SAFE;S1B_IW_GRDH_1SDV_20190827T035923_20190827T035948_017766_0216ED_BD5D.SAFE,2019-08-27T03:58:58
nw-1902-11-000136,nw-1902-11-000136.jpg,images/nw-1902-11-000136.jpg,nw,0,water,,0,640,640,S1_20190827_035858_040037_VV_75,S1B_IW_GRDH_1SDV_20190827T035858_20190827T035923_017766_0216ED_C8C4.SAFE,2019-08-27T03:58:58
nw-1903-11-000137,nw-1903-11-000137.jpg,images/nw-1903-11-000137.jpg,nw,0,water,,0,640,640,S1_20190827_154843_155023_VV_30,S1A_IW_GRDH_1SDV_20190827T154958_20190827T155023_028757_0341B2_80F2.SAFE,2019-08-27T15:48:43
nw-1904-11-000138,nw-1904-11-000138.jpg,images/nw-1904-11-000138.jpg,nw,0,water,,0,640,640,S1_20190827_154843_155023_VV_33,S1A_IW_GRDH_1SDV_20190827T154958_20190827T155023_028757_0341B2_80F2.SAFE,2019-08-27T15:48:43
nw-1905-11-000139,nw-1905-11-000139.jpg,images/nw-1905-11-000139.jpg,nw,0,water,,0,640,640,S1_20190828_153950_154105_VV_90,S1B_IW_GRDH_1SDV_20190828T154040_20190828T154105_017788_02179A_9F35.SAFE,2019-08-28T15:39:50
nw-1906-11-000140,nw-1906-11-000140.jpg,images/nw-1906-11-000140.jpg,nw,0,water,,0,640,640,S1_20190828_153950_154105_VV_91,S1B_IW_GRDH_1SDV_20190828T154040_20190828T154105_017788_02179A_9F35.SAFE,2019-08-28T15:39:50
nw-1907-11-000141,nw-1907-11-000141.jpg,images/nw-1907-11-000141.jpg,nw,0,water,,0,640,640,S1_20190911_033502_033642_VV_21,S1A_IW_GRDH_1SDV_20190911T033502_20190911T033527_028968_034906_67B4.SAFE,2019-09-11T03:35:02
nw-1908-11-000142,nw-1908-11-000142.jpg,images/nw-1908-11-000142.jpg,nw,0,water,,0,640,640,S1_20190921_153951_154106_VV_77,S1B_IW_GRDH_1SDV_20190921T154041_20190921T154106_018138_022283_3509.SAFE,2019-09-21T15:39:51
nw-1909-11-000143,nw-1909-11-000143.jpg,images/nw-1909-11-000143.jpg,nw,0,water,,0,640,640,S1_20190925_155647_155827_VV_49,S1A_IW_GRDH_1SDV_20190925T155712_20190925T155737_029180_035045_0057.SAFE,2019-09-25T15:56:47
nw-1910-11-000144,nw-1910-11-000144.jpg,images/nw-1910-11-000144.jpg,nw,0,water,,0,640,640,S1_20190926_154755_154935_VV_104,S1B_IW_GRDH_1SDV_20190926T154845_20190926T154910_018211_0224A2_64E7.SAFE,2019-09-26T15:47:55
nw-1911-11-000145,nw-1911-11-000145.jpg,images/nw-1911-11-000145.jpg,nw,0,water,,0,640,640,S1_20190927_154017_154157_VV_80,S1A_IW_GRDH_1SDV_20190927T154132_20190927T154157_029209_035141_93D0.SAFE,2019-09-27T15:40:17
nw-1912-11-000146,nw-1912-11-000146.jpg,images/nw-1912-11-000146.jpg,nw,0,water,,0,640,640,S1_20190930_160458_160638_VV_55,S1A_IW_GRDH_1SDV_20190930T160613_20190930T160638_029253_0352E1_768B.SAFE,2019-09-30T16:04:58
nw-1913-11-000147,nw-1913-11-000147.jpg,images/nw-1913-11-000147.jpg,nw,0,water,,0,640,640,S1_20191003_153951_154106_VV_28,S1B_IW_GRDH_1SDV_20191003T154016_20191003T154041_018313_0227F5_C52B.SAFE,2019-10-03T15:39:51
nw-1914-11-000148,nw-1914-11-000148.jpg,images/nw-1914-11-000148.jpg,nw,0,water,,0,640,640,S1_20191008_154754_154934_VV_155,S1B_IW_GRDH_1SDV_20191008T154844_20191008T154909_018386_022A2C_1FB0.SAFE,2019-10-08T15:47:54
nw-1915-11-000149,nw-1915-11-000149.jpg,images/nw-1915-11-000149.jpg,nw,0,water,,0,640,640,S1_20191008_154754_154934_VV_179,S1B_IW_GRDH_1SDV_20191008T154909_20191008T154934_018386_022A2C_AF1F.SAFE,2019-10-08T15:47:54
nw-1916-11-000150,nw-1916-11-000150.jpg,images/nw-1916-11-000150.jpg,nw,0,water,,0,640,640,S1_20191009_035049_035228_VV_29,S1B_IW_GRDH_1SDV_20191009T035114_20191009T035139_018393_022A5F_B79F.SAFE;S1B_IW_GRDH_1SDV_20191009T035049_20191009T035114_018393_022A5F_CD0D.SAFE,2019-10-09T03:50:49
nw-1917-11-000151,nw-1917-11-000151.jpg,images/nw-1917-11-000151.jpg,nw,0,water,,0,640,640,S1_20191010_034306_034446_VV_44,S1A_IW_GRDH_1SDV_20191010T034331_20191010T034356_029391_035788_7CA8.SAFE,2019-10-10T03:43:06
nw-1918-11-000152,nw-1918-11-000152.jpg,images/nw-1918-11-000152.jpg,nw,0,water,,0,640,640,S1_20191013_155650_155744_VV_35,S1B_IW_GRDH_1SDV_20191013T155719_20191013T155744_018459_022C6B_D17C.SAFE,2019-10-13T15:56:50
nw-1919-11-000153,nw-1919-11-000153.jpg,images/nw-1919-11-000153.jpg,nw,0,water,,0,640,640,S1_20191015_035126_035307_VV_163,S1A_IW_GRDH_1SDV_20191015T035216_20191015T035241_029464_035A19_207B.SAFE,2019-10-15T03:51:26
nw-1920-11-000154,nw-1920-11-000154.jpg,images/nw-1920-11-000154.jpg,nw,0,water,,0,640,640,S1_20191015_035126_035307_VV_83,S1A_IW_GRDH_1SDV_20191015T035216_20191015T035241_029464_035A19_207B.SAFE,2019-10-15T03:51:26
nw-1921-11-000155,nw-1921-11-000155.jpg,images/nw-1921-11-000155.jpg,nw,0,water,,0,640,640,S1_20191020_035936_040116_VV_120,S1A_IW_GRDH_1SDV_20191020T040026_20191020T040051_029537_035C98_A5AA.SAFE,2019-10-20T03:59:36
nw-1922-11-000156,nw-1922-11-000156.jpg,images/nw-1922-11-000156.jpg,nw,0,water,,0,640,640,S1_20191020_035936_040116_VV_47,S1A_IW_GRDH_1SDV_20191020T040026_20191020T040051_029537_035C98_A5AA.SAFE,2019-10-20T03:59:36
nw-1923-11-000157,nw-1923-11-000157.jpg,images/nw-1923-11-000157.jpg,nw,0,water,,0,640,640,S1_20191102_035049_035228_VV_61,S1B_IW_GRDH_1SDV_20191102T035139_20191102T035204_018743_02353E_3541.SAFE,2019-11-02T03:50:49
nw-1924-11-000158,nw-1924-11-000158.jpg,images/nw-1924-11-000158.jpg,nw,0,water,,0,640,640,S1_20191107_154845_155025_VV_28,S1A_IW_GRDH_1SDV_20191107T155000_20191107T155025_029807_03660E_E0E7.SAFE,2019-11-07T15:48:45
nw-1925-11-000159,nw-1925-11-000159.jpg,images/nw-1925-11-000159.jpg,nw,0,water,,0,640,640,S1_20191107_154845_155025_VV_35,S1A_IW_GRDH_1SDV_20191107T155000_20191107T155025_029807_03660E_E0E7.SAFE,2019-11-07T15:48:45
nw-1926-11-000160,nw-1926-11-000160.jpg,images/nw-1926-11-000160.jpg,nw,0,water,,0,640,640,S1_20191107_154845_155025_VV_44,S1A_IW_GRDH_1SDV_20191107T155000_20191107T155025_029807_03660E_E0E7.SAFE,2019-11-07T15:48:45
nw-1927-11-000161,nw-1927-11-000161.jpg,images/nw-1927-11-000161.jpg,nw,0,water,,0,640,640,S1_20191107_154845_155025_VV_46,S1A_IW_GRDH_1SDV_20191107T155000_20191107T155025_029807_03660E_E0E7.SAFE,2019-11-07T15:48:45
nw-1928-11-000162,nw-1928-11-000162.jpg,images/nw-1928-11-000162.jpg,nw,0,water,,0,640,640,S1_20191113_154755_154935_VV_24,S1B_IW_GRDH_1SDV_20191113T154820_20191113T154845_018911_023AAD_38BC.SAFE,2019-11-13T15:47:55
nw-1929-11-000163,nw-1929-11-000163.jpg,images/nw-1929-11-000163.jpg,nw,0,water,,0,640,640,S1_20191115_034306_034446_VV_29,S1A_IW_GRDH_1SDV_20191115T034331_20191115T034356_029916_0369D3_4DBE.SAFE,2019-11-15T03:43:06
nw-1930-11-000164,nw-1930-11-000164.jpg,images/nw-1930-11-000164.jpg,nw,0,water,,0,640,640,S1_20191120_035126_035307_VV_76,S1A_IW_GRDH_1SDV_20191120T035151_20191120T035216_029989_036C5B_72B9.SAFE;S1A_IW_GRDH_1SDV_20191120T035126_20191120T035151_029989_036C5B_1AC3.SAFE,2019-11-20T03:51:26
nw-1931-11-000165,nw-1931-11-000165.jpg,images/nw-1931-11-000165.jpg,nw,0,water,,0,640,640,S1_20191120_035126_035307_VV_82,S1A_IW_GRDH_1SDV_20191120T035151_20191120T035216_029989_036C5B_72B9.SAFE,2019-11-20T03:51:26
nw-1932-11-000166,nw-1932-11-000166.jpg,images/nw-1932-11-000166.jpg,nw,0,water,,0,640,640,S1_20191121_034227_034407_VV_42,S1B_IW_GRDH_1SDV_20191121T034227_20191121T034252_019020_023E45_EAB3.SAFE,2019-11-21T03:42:27
nw-1933-11-000167,nw-1933-11-000167.jpg,images/nw-1933-11-000167.jpg,nw,0,water,,0,640,640,S1_20191123_160414_160554_VV_124,S1B_IW_GRDH_1SDV_20191123T160529_20191123T160554_019057_023F6D_872B.SAFE,2019-11-23T16:04:14
nw-1934-11-000168,nw-1934-11-000168.jpg,images/nw-1934-11-000168.jpg,nw,0,water,,0,640,640,S1_20191123_160414_160554_VV_251,S1B_IW_GRDH_1SDV_20191123T160529_20191123T160554_019057_023F6D_872B.SAFE,2019-11-23T16:04:14
nw-1935-11-000169,nw-1935-11-000169.jpg,images/nw-1935-11-000169.jpg,nw,0,water,,0,640,640,S1_20191218_155645_155825_VV_117,S1A_IW_GRDH_1SDV_20191218T155735_20191218T155800_030405_037AC0_7BA1.SAFE,2019-12-18T15:56:45
nw-1936-11-000170,nw-1936-11-000170.jpg,images/nw-1936-11-000170.jpg,nw,0,water,,0,640,640,S1_20191219_154753_154933_VV_221,S1B_IW_GRDH_1SDV_20191219T154908_20191219T154933_019436_024B6B_E2BB.SAFE,2019-12-19T15:47:53
nw-1937-11-000171,nw-1937-11-000171.jpg,images/nw-1937-11-000171.jpg,nw,0,water,,0,640,640,S1_20191219_154753_154933_VV_240,S1B_IW_GRDH_1SDV_20191219T154908_20191219T154933_019436_024B6B_E2BB.SAFE,2019-12-19T15:47:53
nw-1938-11-000172,nw-1938-11-000172.jpg,images/nw-1938-11-000172.jpg,nw,0,water,,0,640,640,S1_20191219_154753_154933_VV_302,S1B_IW_GRDH_1SDV_20191219T154843_20191219T154908_019436_024B6B_D265.SAFE,2019-12-19T15:47:53
nw-1939-11-000173,nw-1939-11-000173.jpg,images/nw-1939-11-000173.jpg,nw,0,water,,0,640,640,S1_20191219_154753_154933_VV_319,S1B_IW_GRDH_1SDV_20191219T154908_20191219T154933_019436_024B6B_E2BB.SAFE,2019-12-19T15:47:53
oc-0001,oc-0001.jpg,images/oc-0001.jpg,oc,1,coast,oc-0001.xml,5,640,640,S1_20190101_034235_034350_VV_0,S1B_IW_GRDH_1SDV_20190101T034235_20190101T034300_014295_01A97E_458A.SAFE,2019-01-01T03:42:35
oc-0002,oc-0002.jpg,images/oc-0002.jpg,oc,1,coast,oc-0002.xml,2,640,640,S1_20190101_034235_034350_VV_4,S1B_IW_GRDH_1SDV_20190101T034325_20190101T034350_014295_01A97E_5586.SAFE,2019-01-01T03:42:35
oc-0003,oc-0003.jpg,images/oc-0003.jpg,oc,1,coast,oc-0003.xml,1,640,640,S1_20190101_034235_034350_VV_5,S1B_IW_GRDH_1SDV_20190101T034325_20190101T034350_014295_01A97E_5586.SAFE,2019-01-01T03:42:35
oc-0004,oc-0004.jpg,images/oc-0004.jpg,oc,1,coast,oc-0004.xml,2,640,640,S1_20190104_155638_155818_VV_0,S1A_IW_GRDH_1SDV_20190104T155703_20190104T155728_025330_02CD9D_BBAA.SAFE;S1A_IW_GRDH_1SDV_20190104T155638_20190104T155703_025330_02CD9D_AC3C.SAFE,2019-01-04T15:56:38
oc-0005,oc-0005.jpg,images/oc-0005.jpg,oc,1,coast,oc-0005.xml,1,640,640,S1_20190105_035928_040108_VV_0,S1A_IW_GRDH_1SDV_20190105T040043_20190105T040108_025337_02CDDA_FAEC.SAFE,2019-01-05T03:59:28
oc-0006,oc-0006.jpg,images/oc-0006.jpg,oc,1,coast,oc-0006.xml,2,640,640,S1_20190105_154746_154926_VV_0,S1B_IW_GRDH_1SDV_20190105T154811_20190105T154836_014361_01AB8D_E799.SAFE,2019-01-05T15:47:46
oc-0007,oc-0007.jpg,images/oc-0007.jpg,oc,1,coast,oc-0007.xml,7,640,640,S1_20190110_155611_155635_VV_0,S1B_IW_GRDH_1SDV_20190110T155611_20190110T155635_014434_01ADED_1E1A.SAFE,2019-01-10T15:56:11
oc-0008,oc-0008.jpg,images/oc-0008.jpg,oc,1,coast,oc-0008.xml,5,640,640,S1_20190110_155611_155635_VV_1,S1B_IW_GRDH_1SDV_20190110T155611_20190110T155635_014434_01ADED_1E1A.SAFE,2019-01-10T15:56:11
oc-0009,oc-0009.jpg,images/oc-0009.jpg,oc,1,coast,oc-0009.xml,1,640,640,S1_20190111_154836_155016_VV_1,S1A_IW_GRDH_1SDV_20190111T154836_20190111T154901_025432_02D14A_E884.SAFE,2019-01-11T15:48:36
oc-0010,oc-0010.jpg,images/oc-0010.jpg,oc,1,coast,oc-0010.xml,1,640,640,S1_20190113_034235_034350_VV_1,S1B_IW_GRDH_1SDV_20190113T034235_20190113T034300_014470_01AF20_B0E8.SAFE,2019-01-13T03:42:35
oc-0011,oc-0011.jpg,images/oc-0011.jpg,oc,1,coast,oc-0011.xml,7,640,640,S1_20190113_034235_034350_VV_2,S1B_IW_GRDH_1SDV_20190113T034235_20190113T034300_014470_01AF20_B0E8.SAFE,2019-01-13T03:42:35
oc-0012,oc-0012.jpg,images/oc-0012.jpg,oc,1,coast,oc-0012.xml,4,640,640,S1_20190113_034235_034350_VV_3,S1B_IW_GRDH_1SDV_20190113T034300_20190113T034325_014470_01AF20_AB85.SAFE,2019-01-13T03:42:35
oc-0013,oc-0013.jpg,images/oc-0013.jpg,oc,1,coast,oc-0013.xml,3,640,640,S1_20190113_034235_034350_VV_5,S1B_IW_GRDH_1SDV_20190113T034325_20190113T034350_014470_01AF20_64D4.SAFE,2019-01-13T03:42:35
oc-0014,oc-0014.jpg,images/oc-0014.jpg,oc,1,coast,oc-0014.xml,1,640,640,S1_20190118_035040_035219_VV_0,S1B_IW_GRDH_1SDV_20190118T035040_20190118T035105_014543_01B170_CD8E.SAFE,2019-01-18T03:50:40
oc-0015,oc-0015.jpg,images/oc-0015.jpg,oc,1,coast,oc-0015.xml,6,640,640,S1_20190119_034258_034438_VV_1,S1A_IW_GRDH_1SDV_20190119T034323_20190119T034348_025541_02D53C_8F34.SAFE,2019-01-19T03:42:58
oc-0016,oc-0016.jpg,images/oc-0016.jpg,oc,1,coast,oc-0016.xml,6,640,640,S1_20190119_034258_034438_VV_2,S1A_IW_GRDH_1SDV_20190119T034323_20190119T034348_025541_02D53C_8F34.SAFE,2019-01-19T03:42:58
oc-0017,oc-0017.jpg,images/oc-0017.jpg,oc,1,coast,oc-0017.xml,4,640,640,S1_20190119_034258_034438_VV_4,S1A_IW_GRDH_1SDV_20190119T034323_20190119T034348_025541_02D53C_8F34.SAFE,2019-01-19T03:42:58
oc-0018,oc-0018.jpg,images/oc-0018.jpg,oc,1,coast,oc-0018.xml,4,640,640,S1_20190119_034258_034438_VV_5,S1A_IW_GRDH_1SDV_20190119T034413_20190119T034438_025541_02D53C_2811.SAFE,2019-01-19T03:42:58
oc-0019,oc-0019.jpg,images/oc-0019.jpg,oc,1,coast,oc-0019.xml,2,640,640,S1_20190119_034258_034438_VV_6,S1A_IW_GRDH_1SDV_20190119T034413_20190119T034438_025541_02D53C_2811.SAFE,2019-01-19T03:42:58
oc-0020,oc-0020.jpg,images/oc-0020.jpg,oc,1,coast,oc-0020.xml,1,640,640,S1_20190121_160449_160629_VV_0,S1A_IW_GRDH_1SDV_20190121T160514_20190121T160539_025578_02D6AC_7E52.SAFE,2019-01-21T16:04:49
oc-0021,oc-0021.jpg,images/oc-0021.jpg,oc,1,coast,oc-0021.xml,4,640,640,S1_20190122_155610_155635_VV_3,S1B_IW_GRDH_1SDV_20190122T155610_20190122T155635_014609_01B38B_28CE.SAFE,2019-01-22T15:56:10
oc-0022,oc-0022.jpg,images/oc-0022.jpg,oc,1,coast,oc-0022.xml,2,640,640,S1_20190122_155610_155635_VV_5,S1B_IW_GRDH_1SDV_20190122T155610_20190122T155635_014609_01B38B_28CE.SAFE,2019-01-22T15:56:10
oc-0023,oc-0023.jpg,images/oc-0023.jpg,oc,1,coast,oc-0023.xml,1,640,640,S1_20190122_155610_155635_VV_6,S1B_IW_GRDH_1SDV_20190122T155610_20190122T155635_014609_01B38B_28CE.SAFE,2019-01-22T15:56:10
oc-0024,oc-0024.jpg,images/oc-0024.jpg,oc,1,coast,oc-0024.xml,1,640,640,S1_20190123_035850_040029_VV_5,S1B_IW_GRDH_1SDV_20190123T035940_20190123T040005_014616_01B3CB_32E6.SAFE,2019-01-23T03:58:50
oc-0025,oc-0025.jpg,images/oc-0025.jpg,oc,1,coast,oc-0025.xml,2,640,640,S1_20190123_035850_040029_VV_7,S1B_IW_GRDH_1SDV_20190123T035940_20190123T040005_014616_01B3CB_32E6.SAFE,2019-01-23T03:58:50
oc-0026,oc-0026.jpg,images/oc-0026.jpg,oc,1,coast,oc-0026.xml,4,640,640,S1_20190123_035850_040029_VV_10,S1B_IW_GRDH_1SDV_20190123T040005_20190123T040029_014616_01B3CB_3529.SAFE,2019-01-23T03:58:50
oc-0027,oc-0027.jpg,images/oc-0027.jpg,oc,1,coast,oc-0027.xml,3,640,640,S1_20190124_035117_035258_VV_0,S1A_IW_GRDH_1SDV_20190124T035232_20190124T035258_025614_02D7E5_9158.SAFE,2019-01-24T03:51:17
oc-0028,oc-0028.jpg,images/oc-0028.jpg,oc,1,coast,oc-0028.xml,3,640,640,S1_20190125_034234_034349_VV_2,S1B_IW_GRDH_1SDV_20190125T034234_20190125T034259_014645_01B4B6_3194.SAFE,2019-01-25T03:42:34
oc-0029,oc-0029.jpg,images/oc-0029.jpg,oc,1,coast,oc-0029.xml,5,640,640,S1_20190125_034234_034349_VV_5,S1B_IW_GRDH_1SDV_20190125T034324_20190125T034349_014645_01B4B6_07EC.SAFE,2019-01-25T03:42:34
oc-0030,oc-0030.jpg,images/oc-0030.jpg,oc,1,coast,oc-0030.xml,2,640,640,S1_20190125_034234_034349_VV_6,S1B_IW_GRDH_1SDV_20190125T034324_20190125T034349_014645_01B4B6_07EC.SAFE,2019-01-25T03:42:34
oc-0031,oc-0031.jpg,images/oc-0031.jpg,oc,1,coast,oc-0031.xml,2,640,640,S1_20190128_155638_155818_VV_0,S1A_IW_GRDH_1SDV_20190128T155703_20190128T155728_025680_02DA53_C5E0.SAFE,2019-01-28T15:56:38
oc-0032,oc-0032.jpg,images/oc-0032.jpg,oc,1,coast,oc-0032.xml,3,640,640,S1_20190129_035927_040107_VV_0,S1A_IW_GRDH_1SDV_20190129T040042_20190129T040107_025687_02DA92_3072.SAFE,2019-01-29T03:59:27
oc-0033,oc-0033.jpg,images/oc-0033.jpg,oc,1,coast,oc-0033.xml,2,640,640,S1_20190130_035040_035219_VV_4,S1B_IW_GRDH_1SDV_20190130T035130_20190130T035155_014718_01B710_492E.SAFE,2019-01-30T03:50:40
oc-0034,oc-0034.jpg,images/oc-0034.jpg,oc,1,coast,oc-0034.xml,2,640,640,S1_20190130_035040_035219_VV_6,S1B_IW_GRDH_1SDV_20190130T035130_20190130T035155_014718_01B710_492E.SAFE,2019-01-30T03:50:40
oc-0035,oc-0035.jpg,images/oc-0035.jpg,oc,1,coast,oc-0035.xml,5,640,640,S1_20190131_034257_034437_VV_0,S1A_IW_GRDH_1SDV_20190131T034322_20190131T034347_025716_02DBA1_0593.SAFE,2019-01-31T03:42:57
oc-0036,oc-0036.jpg,images/oc-0036.jpg,oc,1,coast,oc-0036.xml,1,640,640,S1_20190201_033408_033548_VV_0,S1B_IW_GRDH_1SDV_20190201T033433_20190201T033458_014747_01B7F6_1FCC.SAFE,2019-02-01T03:34:08
oc-0037,oc-0037.jpg,images/oc-0037.jpg,oc,1,coast,oc-0037.xml,2,640,640,S1_20190205_035116_035258_VV_0,S1A_IW_GRDH_1SDV_20190205T035231_20190205T035258_025789_02DE41_06AE.SAFE,2019-02-05T03:51:16
oc-0038,oc-0038.jpg,images/oc-0038.jpg,oc,1,coast,oc-0038.xml,2,640,640,S1_20190205_153942_154057_VV_0,S1B_IW_GRDH_1SDV_20190205T153942_20190205T154007_014813_01BA3E_6C80.SAFE,2019-02-05T15:39:42
oc-0039,oc-0039.jpg,images/oc-0039.jpg,oc,1,coast,oc-0039.xml,6,640,640,S1_20190205_153942_154057_VV_1,S1B_IW_GRDH_1SDV_20190205T153942_20190205T154007_014813_01BA3E_6C80.SAFE,2019-02-05T15:39:42
oc-0040,oc-0040.jpg,images/oc-0040.jpg,oc,1,coast,oc-0040.xml,3,640,640,S1_20190205_153942_154057_VV_2,S1B_IW_GRDH_1SDV_20190205T153942_20190205T154007_014813_01BA3E_6C80.SAFE,2019-02-05T15:39:42
oc-0041,oc-0041.jpg,images/oc-0041.jpg,oc,1,coast,oc-0041.xml,1,640,640,S1_20190206_034234_034349_VV_0,S1B_IW_GRDH_1SDV_20190206T034234_20190206T034259_014820_01BA76_DF73.SAFE,2019-02-06T03:42:34
oc-0042,oc-0042.jpg,images/oc-0042.jpg,oc,1,coast,oc-0042.xml,3,640,640,S1_20190206_153220_153335_VV_0,S1A_IW_GRDH_1SDV_20190206T153310_20190206T153335_025811_02DEF1_5B8B.SAFE,2019-02-06T15:32:20
oc-0043,oc-0043.jpg,images/oc-0043.jpg,oc,1,coast,oc-0043.xml,1,640,640,S1_20190207_033454_033634_VV_0,S1A_IW_GRDH_1SDV_20190207T033519_20190207T033544_025818_02DF3B_4DF4.SAFE,2019-02-07T03:34:54
oc-0044,oc-0044.jpg,images/oc-0044.jpg,oc,1,coast,oc-0044.xml,1,640,640,S1_20190207_033454_033634_VV_1,S1A_IW_GRDH_1SDV_20190207T033519_20190207T033544_025818_02DF3B_4DF4.SAFE,2019-02-07T03:34:54
oc-0045,oc-0045.jpg,images/oc-0045.jpg,oc,1,coast,oc-0045.xml,1,640,640,S1_20190208_160405_160545_VV_0,S1B_IW_GRDH_1SDV_20190208T160430_20190208T160455_014857_01BBA6_8575.SAFE,2019-02-08T16:04:05
oc-0046,oc-0046.jpg,images/oc-0046.jpg,oc,1,coast,oc-0046.xml,1,640,640,S1_20190209_155637_155817_VV_0,S1A_IW_GRDH_1SDV_20190209T155702_20190209T155727_025855_02E09D_A961.SAFE;S1A_IW_GRDH_1SDV_20190209T155637_20190209T155702_025855_02E09D_59D4.SAFE,2019-02-09T15:56:37
oc-0047,oc-0047.jpg,images/oc-0047.jpg,oc,1,coast,oc-0047.xml,3,640,640,S1_20190209_155637_155817_VV_1,S1A_IW_GRDH_1SDV_20190209T155702_20190209T155727_025855_02E09D_A961.SAFE,2019-02-09T15:56:37
oc-0048,oc-0048.jpg,images/oc-0048.jpg,oc,1,coast,oc-0048.xml,3,640,640,S1_20190211_035040_035219_VV_0,S1B_IW_GRDH_1SDV_20190211T035040_20190211T035105_014893_01BCCD_3B74.SAFE,2019-02-11T03:50:40
oc-0049,oc-0049.jpg,images/oc-0049.jpg,oc,1,coast,oc-0049.xml,2,640,640,S1_20190211_035040_035219_VV_2,S1B_IW_GRDH_1SDV_20190211T035130_20190211T035155_014893_01BCCD_79F7.SAFE,2019-02-11T03:50:40
oc-0050,oc-0050.jpg,images/oc-0050.jpg,oc,1,coast,oc-0050.xml,5,640,640,S1_20190212_034257_034437_VV_1,S1A_IW_GRDH_1SDV_20190212T034322_20190212T034347_025891_02E1DC_948A.SAFE,2019-02-12T03:42:57
oc-0051,oc-0051.jpg,images/oc-0051.jpg,oc,1,coast,oc-0051.xml,4,717,717,S1_20190212_034257_034437_VV_2,S1A_IW_GRDH_1SDV_20190212T034322_20190212T034347_025891_02E1DC_948A.SAFE,2019-02-12T03:42:57
oc-0052,oc-0052.jpg,images/oc-0052.jpg,oc,1,coast,oc-0052.xml,3,661,661,S1_20190212_034257_034437_VV_3,S1A_IW_GRDH_1SDV_20190212T034322_20190212T034347_025891_02E1DC_948A.SAFE,2019-02-12T03:42:57
oc-0053,oc-0053.jpg,images/oc-0053.jpg,oc,1,coast,oc-0053.xml,3,640,640,S1_20190212_034257_034437_VV_8,S1A_IW_GRDH_1SDV_20190212T034412_20190212T034437_025891_02E1DC_36F3.SAFE,2019-02-12T03:42:57
oc-0054,oc-0054.jpg,images/oc-0054.jpg,oc,1,coast,oc-0054.xml,3,640,640,S1_20190212_034257_034437_VV_9,S1A_IW_GRDH_1SDV_20190212T034412_20190212T034437_025891_02E1DC_36F3.SAFE,2019-02-12T03:42:57
oc-0055,oc-0055.jpg,images/oc-0055.jpg,oc,1,coast,oc-0055.xml,3,640,640,S1_20190213_033408_033548_VV_0,S1B_IW_GRDH_1SDV_20190213T033433_20190213T033458_014922_01BDB4_07BD.SAFE;S1B_IW_GRDH_1SDV_20190213T033408_20190213T033433_014922_01BDB4_3D7D.SAFE,2019-02-13T03:34:08
oc-0056,oc-0056.jpg,images/oc-0056.jpg,oc,1,coast,oc-0056.xml,2,640,640,S1_20190216_154835_155015_VV_0,S1A_IW_GRDH_1SDV_20190216T154835_20190216T154900_025957_02E43B_132D.SAFE,2019-02-16T15:48:35
oc-0057,oc-0057.jpg,images/oc-0057.jpg,oc,1,coast,oc-0057.xml,1,640,640,S1_20190217_035116_035258_VV_4,S1A_IW_GRDH_1SDV_20190217T035231_20190217T035258_025964_02E473_E80D.SAFE;S1A_IW_GRDH_1SDV_20190217T035206_20190217T035231_025964_02E473_9766.SAFE,2019-02-17T03:51:16
oc-0058,oc-0058.jpg,images/oc-0058.jpg,oc,1,coast,oc-0058.xml,1,640,640,S1_20190217_035116_035258_VV_5,S1A_IW_GRDH_1SDV_20190217T035231_20190217T035258_025964_02E473_E80D.SAFE,2019-02-17T03:51:16
oc-0059,oc-0059.jpg,images/oc-0059.jpg,oc,1,coast,oc-0059.xml,1,640,640,S1_20190218_034234_034349_VV_1,S1B_IW_GRDH_1SDV_20190218T034234_20190218T034259_014995_01C035_8F1B.SAFE,2019-02-18T03:42:34
oc-0060,oc-0060.jpg,images/oc-0060.jpg,oc,1,coast,oc-0060.xml,2,640,640,S1_20190218_034234_034349_VV_6,S1B_IW_GRDH_1SDV_20190218T034259_20190218T034324_014995_01C035_58C9.SAFE;S1B_IW_GRDH_1SDV_20190218T034234_20190218T034259_014995_01C035_8F1B.SAFE,2019-02-18T03:42:34
oc-0061,oc-0061.jpg,images/oc-0061.jpg,oc,1,coast,oc-0061.xml,1,640,640,S1_20190218_034234_034349_VV_10,S1B_IW_GRDH_1SDV_20190218T034259_20190218T034324_014995_01C035_58C9.SAFE,2019-02-18T03:42:34
oc-0062,oc-0062.jpg,images/oc-0062.jpg,oc,1,coast,oc-0062.xml,2,640,640,S1_20190218_034234_034349_VV_11,S1B_IW_GRDH_1SDV_20190218T034324_20190218T034349_014995_01C035_0338.SAFE,2019-02-18T03:42:34
oc-0063,oc-0063.jpg,images/oc-0063.jpg,oc,1,coast,oc-0063.xml,3,640,640,S1_20190218_034234_034349_VV_12,S1B_IW_GRDH_1SDV_20190218T034324_20190218T034349_014995_01C035_0338.SAFE,2019-02-18T03:42:34
oc-0064,oc-0064.jpg,images/oc-0064.jpg,oc,1,coast,oc-0064.xml,1,825,825,S1_20190219_033454_033634_VV_0,S1A_IW_GRDH_1SDV_20190219T033519_20190219T033544_025993_02E57A_1169.SAFE,2019-02-19T03:34:54
oc-0065,oc-0065.jpg,images/oc-0065.jpg,oc,1,coast,oc-0065.xml,4,640,640,S1_20190220_160404_160544_VV_0,S1B_IW_GRDH_1SDV_20190220T160429_20190220T160454_015032_01C169_6D4F.SAFE,2019-02-20T16:04:04
oc-0066,oc-0066.jpg,images/oc-0066.jpg,oc,1,coast,oc-0066.xml,2,640,640,S1_20190221_155637_155817_VV_0,S1A_IW_GRDH_1SDV_20190221T155637_20190221T155702_026030_02E6CF_CB00.SAFE,2019-02-21T15:56:37
oc-0067,oc-0067.jpg,images/oc-0067.jpg,oc,1,coast,oc-0067.xml,4,640,640,S1_20190221_155637_155817_VV_2,S1A_IW_GRDH_1SDV_20190221T155702_20190221T155727_026030_02E6CF_D766.SAFE,2019-02-21T15:56:37
oc-0068,oc-0068.jpg,images/oc-0068.jpg,oc,1,coast,oc-0068.xml,1,640,640,S1_20190222_035926_040106_VV_5,S1A_IW_GRDH_1SDV_20190222T040041_20190222T040106_026037_02E70F_5AD5.SAFE,2019-02-22T03:59:26
oc-0069,oc-0069.jpg,images/oc-0069.jpg,oc,1,coast,oc-0069.xml,2,640,640,S1_20190222_154745_154925_VV_0,S1B_IW_GRDH_1SDV_20190222T154810_20190222T154835_015061_01C24C_9BBE.SAFE,2019-02-22T15:47:45
oc-0070,oc-0070.jpg,images/oc-0070.jpg,oc,1,coast,oc-0070.xml,2,640,640,S1_20190223_035040_035219_VV_6,S1B_IW_GRDH_1SDV_20190223T035130_20190223T035155_015068_01C287_0DC8.SAFE,2019-02-23T03:50:40
oc-0071,oc-0071.jpg,images/oc-0071.jpg,oc,1,coast,oc-0071.xml,7,640,640,S1_20190223_035040_035219_VV_7,S1B_IW_GRDH_1SDV_20190223T035130_20190223T035155_015068_01C287_0DC8.SAFE,2019-02-23T03:50:40
oc-0072,oc-0072.jpg,images/oc-0072.jpg,oc,1,coast,oc-0072.xml,2,640,640,S1_20190223_035040_035219_VV_8,S1B_IW_GRDH_1SDV_20190223T035130_20190223T035155_015068_01C287_0DC8.SAFE,2019-02-23T03:50:40
oc-0073,oc-0073.jpg,images/oc-0073.jpg,oc,1,coast,oc-0073.xml,6,640,640,S1_20190223_035040_035219_VV_9,S1B_IW_GRDH_1SDV_20190223T035130_20190223T035155_015068_01C287_0DC8.SAFE,2019-02-23T03:50:40
oc-0074,oc-0074.jpg,images/oc-0074.jpg,oc,1,coast,oc-0074.xml,1,640,640,S1_20190223_154007_154147_VV_0,S1A_IW_GRDH_1SDV_20190223T154057_20190223T154122_026059_02E7D6_A9E6.SAFE,2019-02-23T15:40:07
oc-0075,oc-0075.jpg,images/oc-0075.jpg,oc,1,coast,oc-0075.xml,6,640,640,S1_20190224_034257_034437_VV_0,S1A_IW_GRDH_1SDV_20190224T034322_20190224T034347_026066_02E816_1321.SAFE,2019-02-24T03:42:57
oc-0076,oc-0076.jpg,images/oc-0076.jpg,oc,1,coast,oc-0076.xml,3,640,640,S1_20190224_034257_034437_VV_4,S1A_IW_GRDH_1SDV_20190224T034347_20190224T034412_026066_02E816_11C9.SAFE,2019-02-24T03:42:57
oc-0077,oc-0077.jpg,images/oc-0077.jpg,oc,1,coast,oc-0077.xml,2,640,640,S1_20190224_034257_034437_VV_5,S1A_IW_GRDH_1SDV_20190224T034347_20190224T034412_026066_02E816_11C9.SAFE,2019-02-24T03:42:57
oc-0078,oc-0078.jpg,images/oc-0078.jpg,oc,1,coast,oc-0078.xml,5,640,640,S1_20190224_034257_034437_VV_6,S1A_IW_GRDH_1SDV_20190224T034412_20190224T034437_026066_02E816_BEB1.SAFE,2019-02-24T03:42:57
oc-0079,oc-0079.jpg,images/oc-0079.jpg,oc,1,coast,oc-0079.xml,4,640,640,S1_20190224_034257_034437_VV_7,S1A_IW_GRDH_1SDV_20190224T034412_20190224T034437_026066_02E816_BEB1.SAFE,2019-02-24T03:42:57
oc-0080,oc-0080.jpg,images/oc-0080.jpg,oc,1,coast,oc-0080.xml,2,640,640,S1_20190224_034257_034437_VV_8,S1A_IW_GRDH_1SDV_20190224T034412_20190224T034437_026066_02E816_BEB1.SAFE,2019-02-24T03:42:57
oc-0081,oc-0081.jpg,images/oc-0081.jpg,oc,1,coast,oc-0081.xml,2,640,640,S1_20190225_033408_033548_VV_0,S1B_IW_GRDH_1SDV_20190225T033433_20190225T033458_015097_01C374_2456.SAFE;S1B_IW_GRDH_1SDV_20190225T033408_20190225T033433_015097_01C374_8457.SAFE,2019-02-25T03:34:08
oc-0082,oc-0082.jpg,images/oc-0082.jpg,oc,1,coast,oc-0082.xml,1,640,640,S1_20190225_033408_033548_VV_1,S1B_IW_GRDH_1SDV_20190225T033433_20190225T033458_015097_01C374_2456.SAFE,2019-02-25T03:34:08
oc-0083,oc-0083.jpg,images/oc-0083.jpg,oc,1,coast,oc-0083.xml,2,640,640,S1_20190302_034234_034349_VV_0,S1B_IW_GRDH_1SDV_20190302T034234_20190302T034259_015170_01C5ED_04F5.SAFE,2019-03-02T03:42:34
oc-0084,oc-0084.jpg,images/oc-0084.jpg,oc,1,coast,oc-0084.xml,1,640,640,S1_20190305_155637_155817_VV_1,S1A_IW_GRDH_1SDV_20190305T155702_20190305T155727_026205_02ED1B_0DF1.SAFE,2019-03-05T15:56:37
oc-0085,oc-0085.jpg,images/oc-0085.jpg,oc,1,coast,oc-0085.xml,6,640,640,S1_20190306_035926_040106_VV_5,S1A_IW_GRDH_1SDV_20190306T040041_20190306T040106_026212_02ED51_8E68.SAFE,2019-03-06T03:59:26
oc-0086,oc-0086.jpg,images/oc-0086.jpg,oc,1,coast,oc-0086.xml,4,640,640,S1_20190306_154745_154925_VV_0,S1B_IW_GRDH_1SDV_20190306T154745_20190306T154810_015236_01C814_B914.SAFE,2019-03-06T15:47:45
oc-0087,oc-0087.jpg,images/oc-0087.jpg,oc,1,coast,oc-0087.xml,5,640,640,S1_20190306_154745_154925_VV_6,S1B_IW_GRDH_1SDV_20190306T154810_20190306T154835_015236_01C814_5AC6.SAFE;S1B_IW_GRDH_1SDV_20190306T154745_20190306T154810_015236_01C814_B914.SAFE,2019-03-06T15:47:45
oc-0088,oc-0088.jpg,images/oc-0088.jpg,oc,1,coast,oc-0088.xml,1,640,640,S1_20190306_154745_154925_VV_7,S1B_IW_GRDH_1SDV_20190306T154810_20190306T154835_015236_01C814_5AC6.SAFE;S1B_IW_GRDH_1SDV_20190306T154745_20190306T154810_015236_01C814_B914.SAFE,2019-03-06T15:47:45
oc-0089,oc-0089.jpg,images/oc-0089.jpg,oc,1,coast,oc-0089.xml,2,640,640,S1_20190308_034257_034437_VV_3,S1A_IW_GRDH_1SDV_20190308T034412_20190308T034437_026241_02EE61_2777.SAFE,2019-03-08T03:42:57
oc-0090,oc-0090.jpg,images/oc-0090.jpg,oc,1,coast,oc-0090.xml,4,640,640,S1_20190310_160448_160628_VV_0,S1A_IW_GRDH_1SDV_20190310T160513_20190310T160538_026278_02EFD1_0733.SAFE,2019-03-10T16:04:48
oc-0091,oc-0091.jpg,images/oc-0091.jpg,oc,1,coast,oc-0091.xml,7,640,640,S1_20190311_155609_155634_VV_1,S1B_IW_GRDH_1SDV_20190311T155609_20190311T155634_015309_01CA74_5487.SAFE,2019-03-11T15:56:09
oc-0092,oc-0092.jpg,images/oc-0092.jpg,oc,1,coast,oc-0092.xml,2,640,640,S1_20190312_154835_155015_VV_0,S1A_IW_GRDH_1SDV_20190312T154835_20190312T154900_026307_02F0D5_EA94.SAFE,2019-03-12T15:48:35
oc-0093,oc-0093.jpg,images/oc-0093.jpg,oc,1,coast,oc-0093.xml,4,640,640,S1_20190313_035116_035258_VV_7,S1A_IW_GRDH_1SDV_20190313T035231_20190313T035258_026314_02F112_380A.SAFE;S1A_IW_GRDH_1SDV_20190313T035206_20190313T035231_026314_02F112_B938.SAFE,2019-03-13T03:51:16
oc-0094,oc-0094.jpg,images/oc-0094.jpg,oc,1,coast,oc-0094.xml,1,640,640,S1_20190313_035116_035258_VV_9,S1A_IW_GRDH_1SDV_20190313T035231_20190313T035258_026314_02F112_380A.SAFE;S1A_IW_GRDH_1SDV_20190313T035206_20190313T035231_026314_02F112_B938.SAFE,2019-03-13T03:51:16
oc-0095,oc-0095.jpg,images/oc-0095.jpg,oc,1,coast,oc-0095.xml,5,640,640,S1_20190314_034234_034349_VV_0,S1B_IW_GRDH_1SDV_20190314T034234_20190314T034259_015345_01CBA8_E507.SAFE,2019-03-14T03:42:34
oc-0096,oc-0096.jpg,images/oc-0096.jpg,oc,1,coast,oc-0096.xml,1,640,640,S1_20190314_034234_034349_VV_1,S1B_IW_GRDH_1SDV_20190314T034259_20190314T034324_015345_01CBA8_7B51.SAFE;S1B_IW_GRDH_1SDV_20190314T034234_20190314T034259_015345_01CBA8_E507.SAFE,2019-03-14T03:42:34
oc-0097,oc-0097.jpg,images/oc-0097.jpg,oc,1,coast,oc-0097.xml,3,640,640,S1_20190317_155637_155817_VV_0,S1A_IW_GRDH_1SDV_20190317T155702_20190317T155727_026380_02F38B_5C28.SAFE,2019-03-17T15:56:37
oc-0098,oc-0098.jpg,images/oc-0098.jpg,oc,1,coast,oc-0098.xml,2,640,640,S1_20190318_154745_154925_VV_3,S1B_IW_GRDH_1SDV_20190318T154810_20190318T154835_015411_01CDBD_41F5.SAFE,2019-03-18T15:47:45
oc-0099,oc-0099.jpg,images/oc-0099.jpg,oc,1,coast,oc-0099.xml,4,640,640,S1_20190318_154745_154925_VV_10,S1B_IW_GRDH_1SDV_20190318T154810_20190318T154835_015411_01CDBD_41F5.SAFE,2019-03-18T15:47:45
oc-0100,oc-0100.jpg,images/oc-0100.jpg,oc,1,coast,oc-0100.xml,2,640,640,S1_20190320_034257_034437_VV_3,S1A_IW_GRDH_1SDV_20190320T034412_20190320T034437_026416_02F4D4_1A96.SAFE,2019-03-20T03:42:57
oc-0101,oc-0101.jpg,images/oc-0101.jpg,oc,1,coast,oc-0101.xml,1,640,640,S1_20190320_034257_034437_VV_4,S1A_IW_GRDH_1SDV_20190320T034412_20190320T034437_026416_02F4D4_1A96.SAFE,2019-03-20T03:42:57
oc-0102,oc-0102.jpg,images/oc-0102.jpg,oc,1,coast,oc-0102.xml,2,640,640,S1_20190320_034257_034437_VV_5,S1A_IW_GRDH_1SDV_20190320T034412_20190320T034437_026416_02F4D4_1A96.SAFE,2019-03-20T03:42:57
oc-0103,oc-0103.jpg,images/oc-0103.jpg,oc,1,coast,oc-0103.xml,1,640,640,S1_20190323_155609_155634_VV_0,S1B_IW_GRDH_1SDV_20190323T155609_20190323T155634_015484_01D019_131C.SAFE,2019-03-23T15:56:09
oc-0104,oc-0104.jpg,images/oc-0104.jpg,oc,1,coast,oc-0104.xml,1,640,640,S1_20190326_034234_034349_VV_5,S1B_IW_GRDH_1SDV_20190326T034324_20190326T034349_015520_01D15F_C18B.SAFE,2019-03-26T03:42:34
oc-0105,oc-0105.jpg,images/oc-0105.jpg,oc,1,coast,oc-0105.xml,4,640,640,S1_20190329_155637_155817_VV_1,S1A_IW_GRDH_1SDV_20190329T155702_20190329T155727_026555_02F9F6_EC3A.SAFE,2019-03-29T15:56:37
oc-0106,oc-0106.jpg,images/oc-0106.jpg,oc,1,coast,oc-0106.xml,1,640,640,S1_20190401_034257_034437_VV_3,S1A_IW_GRDH_1SDV_20190401T034322_20190401T034347_026591_02FB4C_1C41.SAFE,2019-04-01T03:42:57
oc-0107,oc-0107.jpg,images/oc-0107.jpg,oc,1,coast,oc-0107.xml,10,2328,2328,S1_20190404_155610_155635_VV_0,S1B_IW_GRDH_1SDV_20190404T155610_20190404T155635_015659_01D5E2_CCBC.SAFE,2019-04-04T15:56:10
oc-0108,oc-0108.jpg,images/oc-0108.jpg,oc,1,coast,oc-0108.xml,2,640,640,S1_20190404_155610_155635_VV_1,S1B_IW_GRDH_1SDV_20190404T155610_20190404T155635_015659_01D5E2_CCBC.SAFE,2019-04-04T15:56:10
oc-0109,oc-0109.jpg,images/oc-0109.jpg,oc,1,coast,oc-0109.xml,1,640,640,S1_20190404_155610_155635_VV_3,S1B_IW_GRDH_1SDV_20190404T155610_20190404T155635_015659_01D5E2_CCBC.SAFE,2019-04-04T15:56:10
oc-0110,oc-0110.jpg,images/oc-0110.jpg,oc,1,coast,oc-0110.xml,2,640,640,S1_20190404_155610_155635_VV_4,S1B_IW_GRDH_1SDV_20190404T155610_20190404T155635_015659_01D5E2_CCBC.SAFE,2019-04-04T15:56:10
oc-0111,oc-0111.jpg,images/oc-0111.jpg,oc,1,coast,oc-0111.xml,6,640,640,S1_20190404_155610_155635_VV_5,S1B_IW_GRDH_1SDV_20190404T155610_20190404T155635_015659_01D5E2_CCBC.SAFE,2019-04-04T15:56:10
oc-0112,oc-0112.jpg,images/oc-0112.jpg,oc,1,coast,oc-0112.xml,1,640,640,S1_20190404_155610_155635_VV_6,S1B_IW_GRDH_1SDV_20190404T155610_20190404T155635_015659_01D5E2_CCBC.SAFE,2019-04-04T15:56:10
oc-0113,oc-0113.jpg,images/oc-0113.jpg,oc,1,coast,oc-0113.xml,4,640,640,S1_20190405_035850_040029_VV_7,S1B_IW_GRDH_1SDV_20190405T035940_20190405T040005_015666_01D628_676F.SAFE,2019-04-05T03:58:50
oc-0114,oc-0114.jpg,images/oc-0114.jpg,oc,1,coast,oc-0114.xml,2,640,640,S1_20190405_035850_040029_VV_11,S1B_IW_GRDH_1SDV_20190405T040005_20190405T040029_015666_01D628_7546.SAFE;S1B_IW_GRDH_1SDV_20190405T035940_20190405T040005_015666_01D628_676F.SAFE,2019-04-05T03:58:50
oc-0115,oc-0115.jpg,images/oc-0115.jpg,oc,1,coast,oc-0115.xml,6,640,640,S1_20190405_154836_155016_VV_0,S1A_IW_GRDH_1SDV_20190405T154836_20190405T154901_026657_02FDC3_95CA.SAFE,2019-04-05T15:48:36
oc-0116,oc-0116.jpg,images/oc-0116.jpg,oc,1,coast,oc-0116.xml,1,640,640,S1_20190406_035117_035258_VV_8,S1A_IW_GRDH_1SDV_20190406T035232_20190406T035258_026664_02FE02_55D2.SAFE,2019-04-06T03:51:17
oc-0117,oc-0117.jpg,images/oc-0117.jpg,oc,1,coast,oc-0117.xml,2,640,640,S1_20190406_153942_154057_VV_1,S1B_IW_GRDH_1SDV_20190406T154007_20190406T154032_015688_01D6ED_92E4.SAFE,2019-04-06T15:39:42
oc-0118,oc-0118.jpg,images/oc-0118.jpg,oc,1,coast,oc-0118.xml,1,640,640,S1_20190407_034234_034349_VV_3,S1B_IW_GRDH_1SDV_20190407T034259_20190407T034324_015695_01D728_6F12.SAFE,2019-04-07T03:42:34
oc-0119,oc-0119.jpg,images/oc-0119.jpg,oc,1,coast,oc-0119.xml,3,640,640,S1_20190407_034234_034349_VV_4,S1B_IW_GRDH_1SDV_20190407T034324_20190407T034349_015695_01D728_35B4.SAFE,2019-04-07T03:42:34
oc-0120,oc-0120.jpg,images/oc-0120.jpg,oc,1,coast,oc-0120.xml,2,640,640,S1_20190407_034234_034349_VV_5,S1B_IW_GRDH_1SDV_20190407T034324_20190407T034349_015695_01D728_35B4.SAFE,2019-04-07T03:42:34
oc-0121,oc-0121.jpg,images/oc-0121.jpg,oc,1,coast,oc-0121.xml,1,640,640,S1_20190409_160405_160545_VV_0,S1B_IW_GRDH_1SDV_20190409T160430_20190409T160455_015732_01D85B_FCAC.SAFE,2019-04-09T16:04:05
oc-0122,oc-0122.jpg,images/oc-0122.jpg,oc,1,coast,oc-0122.xml,5,640,640,S1_20190410_155637_155817_VV_0,S1A_IW_GRDH_1SDV_20190410T155702_20190410T155727_026730_030069_18D5.SAFE;S1A_IW_GRDH_1SDV_20190410T155637_20190410T155702_026730_030069_F270.SAFE,2019-04-10T15:56:37
oc-0123,oc-0123.jpg,images/oc-0123.jpg,oc,1,coast,oc-0123.xml,5,640,640,S1_20190410_155637_155817_VV_2,S1A_IW_GRDH_1SDV_20190410T155702_20190410T155727_026730_030069_18D5.SAFE,2019-04-10T15:56:37
oc-0124,oc-0124.jpg,images/oc-0124.jpg,oc,1,coast,oc-0124.xml,2,640,640,S1_20190410_155637_155817_VV_3,S1A_IW_GRDH_1SDV_20190410T155702_20190410T155727_026730_030069_18D5.SAFE,2019-04-10T15:56:37
oc-0125,oc-0125.jpg,images/oc-0125.jpg,oc,1,coast,oc-0125.xml,3,640,640,S1_20190410_155637_155817_VV_4,S1A_IW_GRDH_1SDV_20190410T155702_20190410T155727_026730_030069_18D5.SAFE,2019-04-10T15:56:37
oc-0126,oc-0126.jpg,images/oc-0126.jpg,oc,1,coast,oc-0126.xml,1,640,640,S1_20190410_155637_155817_VV_6,S1A_IW_GRDH_1SDV_20190410T155702_20190410T155727_026730_030069_18D5.SAFE,2019-04-10T15:56:37
oc-0127,oc-0127.jpg,images/oc-0127.jpg,oc,1,coast,oc-0127.xml,6,640,640,S1_20190411_154746_154926_VV_0,S1B_IW_GRDH_1SDV_20190411T154811_20190411T154836_015761_01D947_1908.SAFE,2019-04-11T15:47:46
oc-0128,oc-0128.jpg,images/oc-0128.jpg,oc,1,coast,oc-0128.xml,1,640,640,S1_20190412_035040_035219_VV_1,S1B_IW_GRDH_1SDV_20190412T035040_20190412T035105_015768_01D985_9F88.SAFE,2019-04-12T03:50:40
oc-0129,oc-0129.jpg,images/oc-0129.jpg,oc,1,coast,oc-0129.xml,3,640,640,S1_20190413_034257_034437_VV_3,S1A_IW_GRDH_1SDV_20190413T034412_20190413T034437_026766_0301B4_815C.SAFE,2019-04-13T03:42:57
oc-0130,oc-0130.jpg,images/oc-0130.jpg,oc,1,coast,oc-0130.xml,2,640,640,S1_20190413_034257_034437_VV_4,S1A_IW_GRDH_1SDV_20190413T034412_20190413T034437_026766_0301B4_815C.SAFE,2019-04-13T03:42:57
oc-0131,oc-0131.jpg,images/oc-0131.jpg,oc,1,coast,oc-0131.xml,1,640,640,S1_20190419_034234_034349_VV_0,S1B_IW_GRDH_1SDV_20190419T034234_20190419T034259_015870_01DCF1_643E.SAFE,2019-04-19T03:42:34
oc-0132,oc-0132.jpg,images/oc-0132.jpg,oc,1,coast,oc-0132.xml,2,640,640,S1_20190419_034234_034349_VV_2,S1B_IW_GRDH_1SDV_20190419T034324_20190419T034349_015870_01DCF1_E67E.SAFE,2019-04-19T03:42:34
oc-0133,oc-0133.jpg,images/oc-0133.jpg,oc,1,coast,oc-0133.xml,1,640,640,S1_20190422_155638_155818_VV_1,S1A_IW_GRDH_1SDV_20190422T155703_20190422T155728_026905_0306B7_01CA.SAFE;S1A_IW_GRDH_1SDV_20190422T155638_20190422T155703_026905_0306B7_70C6.SAFE,2019-04-22T15:56:38
oc-0134,oc-0134.jpg,images/oc-0134.jpg,oc,1,coast,oc-0134.xml,2,640,640,S1_20190423_154746_154926_VV_0,S1B_IW_GRDH_1SDV_20190423T154811_20190423T154836_015936_01DF14_D0D6.SAFE,2019-04-23T15:47:46
oc-0135,oc-0135.jpg,images/oc-0135.jpg,oc,1,coast,oc-0135.xml,3,640,640,S1_20190424_154008_154148_VV_1,S1A_IW_GRDH_1SDV_20190424T154123_20190424T154148_026934_0307C2_8DFF.SAFE,2019-04-24T15:40:08
oc-0136,oc-0136.jpg,images/oc-0136.jpg,oc,1,coast,oc-0136.xml,1,640,640,S1_20190425_034258_034438_VV_6,S1A_IW_GRDH_1SDV_20190425T034413_20190425T034438_026941_030806_CB88.SAFE,2019-04-25T03:42:58
oc-0137,oc-0137.jpg,images/oc-0137.jpg,oc,1,coast,oc-0137.xml,1,640,640,S1_20190428_155611_155636_VV_0,S1B_IW_GRDH_1SDV_20190428T155611_20190428T155636_016009_01E182_C2CE.SAFE,2019-04-28T15:56:11
oc-0138,oc-0138.jpg,images/oc-0138.jpg,oc,1,coast,oc-0138.xml,4,640,640,S1_20190429_154837_155017_VV_1,S1A_IW_GRDH_1SDV_20190429T154837_20190429T154902_027007_030A73_8C50.SAFE,2019-04-29T15:48:37
oc-0139,oc-0139.jpg,images/oc-0139.jpg,oc,1,coast,oc-0139.xml,3,640,640,S1_20190430_035118_035259_VV_9,S1A_IW_GRDH_1SDV_20190430T035233_20190430T035259_027014_030AB6_B4D3.SAFE,2019-04-30T03:51:18
oc-0140,oc-0140.jpg,images/oc-0140.jpg,oc,1,coast,oc-0140.xml,1,640,640,S1_20190430_153943_154058_VV_0,S1B_IW_GRDH_1SDV_20190430T153943_20190430T154008_016038_01E28F_0B7C.SAFE,2019-04-30T15:39:43
oc-0141,oc-0141.jpg,images/oc-0141.jpg,oc,1,coast,oc-0141.xml,1,640,640,S1_20190503_160406_160546_VV_0,S1B_IW_GRDH_1SDV_20190503T160431_20190503T160456_016082_01E3FE_B525.SAFE,2019-05-03T16:04:06
oc-0142,oc-0142.jpg,images/oc-0142.jpg,oc,1,coast,oc-0142.xml,1,640,640,S1_20190506_035041_035220_VV_4,S1B_IW_GRDH_1SDV_20190506T035131_20190506T035156_016118_01E530_855F.SAFE,2019-05-06T03:50:41
oc-0143,oc-0143.jpg,images/oc-0143.jpg,oc,1,coast,oc-0143.xml,2,640,640,S1_20190510_155611_155636_VV_0,S1B_IW_GRDH_1SDV_20190510T155611_20190510T155636_016184_01E73C_075F.SAFE,2019-05-10T15:56:11
oc-0144,oc-0144.jpg,images/oc-0144.jpg,oc,1,coast,oc-0144.xml,1,640,640,S1_20190510_155611_155636_VV_2,S1B_IW_GRDH_1SDV_20190510T155611_20190510T155636_016184_01E73C_075F.SAFE,2019-05-10T15:56:11
oc-0145,oc-0145.jpg,images/oc-0145.jpg,oc,1,coast,oc-0145.xml,6,640,640,S1_20190513_034219_034359_VV_1,S1B_IW_GRDH_1SDV_20190513T034309_20190513T034334_016220_01E86A_4EC1.SAFE,2019-05-13T03:42:19
oc-0146,oc-0146.jpg,images/oc-0146.jpg,oc,1,coast,oc-0146.xml,4,640,640,S1_20190513_034219_034359_VV_3,S1B_IW_GRDH_1SDV_20190513T034334_20190513T034359_016220_01E86A_D898.SAFE,2019-05-13T03:42:19
oc-0147,oc-0147.jpg,images/oc-0147.jpg,oc,1,coast,oc-0147.xml,2,640,640,S1_20190513_034219_034359_VV_4,S1B_IW_GRDH_1SDV_20190513T034334_20190513T034359_016220_01E86A_D898.SAFE,2019-05-13T03:42:19
oc-0148,oc-0148.jpg,images/oc-0148.jpg,oc,1,coast,oc-0148.xml,1,640,640,S1_20190513_153222_153337_VV_0,S1A_IW_GRDH_1SDV_20190513T153312_20190513T153337_027211_03114D_1AE8.SAFE,2019-05-13T15:32:22
oc-0149,oc-0149.jpg,images/oc-0149.jpg,oc,1,coast,oc-0149.xml,2,640,640,S1_20190517_035929_040109_VV_0,S1A_IW_GRDH_1SDV_20190517T040044_20190517T040109_027262_0312E9_A2BD.SAFE,2019-05-17T03:59:29
oc-0150,oc-0150.jpg,images/oc-0150.jpg,oc,1,coast,oc-0150.xml,1,640,640,S1_20190518_035042_035221_VV_8,S1B_IW_GRDH_1SDV_20190518T035132_20190518T035157_016293_01EAA1_93CF.SAFE,2019-05-18T03:50:42
oc-0151,oc-0151.jpg,images/oc-0151.jpg,oc,1,coast,oc-0151.xml,3,640,640,S1_20190518_035042_035221_VV_11,S1B_IW_GRDH_1SDV_20190518T035132_20190518T035157_016293_01EAA1_93CF.SAFE,2019-05-18T03:50:42
oc-0152,oc-0152.jpg,images/oc-0152.jpg,oc,1,coast,oc-0152.xml,1,640,640,S1_20190519_034259_034439_VV_2,S1A_IW_GRDH_1SDV_20190519T034414_20190519T034439_027291_0313E1_23BF.SAFE;S1A_IW_GRDH_1SDV_20190519T034349_20190519T034414_027291_0313E1_57A7.SAFE,2019-05-19T03:42:59
oc-0153,oc-0153.jpg,images/oc-0153.jpg,oc,1,coast,oc-0153.xml,4,640,640,S1_20190519_034259_034439_VV_3,S1A_IW_GRDH_1SDV_20190519T034414_20190519T034439_027291_0313E1_23BF.SAFE,2019-05-19T03:42:59
oc-0154,oc-0154.jpg,images/oc-0154.jpg,oc,1,coast,oc-0154.xml,3,640,640,S1_20190519_034259_034439_VV_4,S1A_IW_GRDH_1SDV_20190519T034414_20190519T034439_027291_0313E1_23BF.SAFE,2019-05-19T03:42:59
oc-0155,oc-0155.jpg,images/oc-0155.jpg,oc,1,coast,oc-0155.xml,2,640,640,S1_20190519_034259_034439_VV_5,S1A_IW_GRDH_1SDV_20190519T034414_20190519T034439_027291_0313E1_23BF.SAFE,2019-05-19T03:42:59
oc-0156,oc-0156.jpg,images/oc-0156.jpg,oc,1,coast,oc-0156.xml,2,640,640,S1_20190523_154838_155018_VV_0,S1A_IW_GRDH_1SDV_20190523T154838_20190523T154903_027357_0315EA_5427.SAFE,2019-05-23T15:48:38
oc-0157,oc-0157.jpg,images/oc-0157.jpg,oc,1,coast,oc-0157.xml,1,640,640,S1_20190523_154838_155018_VV_1,S1A_IW_GRDH_1SDV_20190523T154838_20190523T154903_027357_0315EA_5427.SAFE,2019-05-23T15:48:38
oc-0158,oc-0158.jpg,images/oc-0158.jpg,oc,1,coast,oc-0158.xml,1,640,640,S1_20190523_154838_155018_VV_2,S1A_IW_GRDH_1SDV_20190523T154838_20190523T154903_027357_0315EA_5427.SAFE,2019-05-23T15:48:38
oc-0159,oc-0159.jpg,images/oc-0159.jpg,oc,1,coast,oc-0159.xml,3,640,640,S1_20190523_154838_155018_VV_15,S1A_IW_GRDH_1SDV_20190523T154928_20190523T154953_027357_0315EA_D01B.SAFE,2019-05-23T15:48:38
oc-0160,oc-0160.jpg,images/oc-0160.jpg,oc,1,coast,oc-0160.xml,2,640,640,S1_20190524_035119_035300_VV_16,S1A_IW_GRDH_1SDV_20190524T035234_20190524T035300_027364_031625_7F1D.SAFE,2019-05-24T03:51:19
oc-0161,oc-0161.jpg,images/oc-0161.jpg,oc,1,coast,oc-0161.xml,1,640,640,S1_20190525_034220_034400_VV_2,S1B_IW_GRDH_1SDV_20190525T034310_20190525T034335_016395_01EDD2_3C73.SAFE,2019-05-25T03:42:20
oc-0162,oc-0162.jpg,images/oc-0162.jpg,oc,1,coast,oc-0162.xml,1,640,640,S1_20190529_154748_154928_VV_0,S1B_IW_GRDH_1SDV_20190529T154748_20190529T154813_016461_01EFC4_EB6A.SAFE,2019-05-29T15:47:48
oc-0163,oc-0163.jpg,images/oc-0163.jpg,oc,1,coast,oc-0163.xml,1,640,640,S1_20190529_154748_154928_VV_1,S1B_IW_GRDH_1SDV_20190529T154813_20190529T154838_016461_01EFC4_3A8F.SAFE,2019-05-29T15:47:48
oc-0164,oc-0164.jpg,images/oc-0164.jpg,oc,1,coast,oc-0164.xml,1,640,640,S1_20190531_034300_034440_VV_10,S1A_IW_GRDH_1SDV_20190531T034350_20190531T034415_027466_031954_419E.SAFE,2019-05-31T03:43:00
oc-0165,oc-0165.jpg,images/oc-0165.jpg,oc,1,coast,oc-0165.xml,1,640,640,S1_20190603_155613_155637_VV_1,S1B_IW_GRDH_1SDV_20190603T155613_20190603T155637_016534_01F1F4_6FF3.SAFE,2019-06-03T15:56:13
oc-0166,oc-0166.jpg,images/oc-0166.jpg,oc,1,coast,oc-0166.xml,1,640,640,S1_20190606_034221_034401_VV_1,S1B_IW_GRDH_1SDV_20190606T034246_20190606T034311_016570_01F315_F9B4.SAFE,2019-06-06T03:42:21
oc-0167,oc-0167.jpg,images/oc-0167.jpg,oc,1,coast,oc-0167.xml,3,640,640,S1_20190606_034221_034401_VV_3,S1B_IW_GRDH_1SDV_20190606T034311_20190606T034336_016570_01F315_5C67.SAFE,2019-06-06T03:42:21
oc-0168,oc-0168.jpg,images/oc-0168.jpg,oc,1,coast,oc-0168.xml,2,640,640,S1_20190606_153223_153338_VV_0,S1A_IW_GRDH_1SDV_20190606T153313_20190606T153338_027561_031C2E_9D61.SAFE,2019-06-06T15:32:23
oc-0169,oc-0169.jpg,images/oc-0169.jpg,oc,1,coast,oc-0169.xml,6,640,640,S1_20190609_155640_155820_VV_0,S1A_IW_GRDH_1SDV_20190609T155705_20190609T155730_027605_031D91_8BA8.SAFE;S1A_IW_GRDH_1SDV_20190609T155640_20190609T155705_027605_031D91_AC88.SAFE,2019-06-09T15:56:40
oc-0170,oc-0170.jpg,images/oc-0170.jpg,oc,1,coast,oc-0170.xml,8,640,640,S1_20190609_155640_155820_VV_1,S1A_IW_GRDH_1SDV_20190609T155705_20190609T155730_027605_031D91_8BA8.SAFE,2019-06-09T15:56:40
oc-0171,oc-0171.jpg,images/oc-0171.jpg,oc,1,coast,oc-0171.xml,2,640,640,S1_20190610_154748_154928_VV_2,S1B_IW_GRDH_1SDV_20190610T154813_20190610T154838_016636_01F4FD_EE80.SAFE,2019-06-10T15:47:48
oc-0172,oc-0172.jpg,images/oc-0172.jpg,oc,1,coast,oc-0172.xml,1,640,640,S1_20190610_154748_154928_VV_18,S1B_IW_GRDH_1SDV_20190610T154903_20190610T154928_016636_01F4FD_9997.SAFE,2019-06-10T15:47:48
oc-0173,oc-0173.jpg,images/oc-0173.jpg,oc,1,coast,oc-0173.xml,16,640,640,S1_20190612_034300_034440_VV_7,S1A_IW_GRDH_1SDV_20190612T034415_20190612T034440_027641_031EA9_6044.SAFE,2019-06-12T03:43:00
oc-0174,oc-0174.jpg,images/oc-0174.jpg,oc,1,coast,oc-0174.xml,2,640,640,S1_20190614_160452_160632_VV_0,S1A_IW_GRDH_1SDV_20190614T160517_20190614T160542_027678_031FC6_6583.SAFE,2019-06-14T16:04:52
oc-0175,oc-0175.jpg,images/oc-0175.jpg,oc,1,coast,oc-0175.xml,3,640,640,S1_20190615_155613_155638_VV_0,S1B_IW_GRDH_1SDV_20190615T155613_20190615T155638_016709_01F729_3F2F.SAFE,2019-06-15T15:56:13
oc-0176,oc-0176.jpg,images/oc-0176.jpg,oc,1,coast,oc-0176.xml,2,640,640,S1_20190615_155613_155638_VV_1,S1B_IW_GRDH_1SDV_20190615T155613_20190615T155638_016709_01F729_3F2F.SAFE,2019-06-15T15:56:13
oc-0177,oc-0177.jpg,images/oc-0177.jpg,oc,1,coast,oc-0177.xml,1,640,640,S1_20190615_155613_155638_VV_2,S1B_IW_GRDH_1SDV_20190615T155613_20190615T155638_016709_01F729_3F2F.SAFE,2019-06-15T15:56:13
oc-0178,oc-0178.jpg,images/oc-0178.jpg,oc,1,coast,oc-0178.xml,2,640,640,S1_20190616_035853_040032_VV_5,S1B_IW_GRDH_1SDV_20190616T040008_20190616T040032_016716_01F766_6FBC.SAFE,2019-06-16T03:58:53
oc-0179,oc-0179.jpg,images/oc-0179.jpg,oc,1,coast,oc-0179.xml,2,640,640,S1_20190616_154839_155019_VV_0,S1A_IW_GRDH_1SDV_20190616T154839_20190616T154904_027707_0320A3_5FB2.SAFE,2019-06-16T15:48:39
oc-0180,oc-0180.jpg,images/oc-0180.jpg,oc,1,coast,oc-0180.xml,1,640,640,S1_20190617_153946_154101_VV_0,S1B_IW_GRDH_1SDV_20190617T154011_20190617T154036_016738_01F815_C47E.SAFE,2019-06-17T15:39:46
oc-0181,oc-0181.jpg,images/oc-0181.jpg,oc,1,coast,oc-0181.xml,2,640,640,S1_20190618_034221_034401_VV_1,S1B_IW_GRDH_1SDV_20190618T034246_20190618T034311_016745_01F848_4829.SAFE,2019-06-18T03:42:21
oc-0182,oc-0182.jpg,images/oc-0182.jpg,oc,1,coast,oc-0182.xml,1,640,640,S1_20190618_034221_034401_VV_2,S1B_IW_GRDH_1SDV_20190618T034311_20190618T034336_016745_01F848_5E80.SAFE,2019-06-18T03:42:21
oc-0183,oc-0183.jpg,images/oc-0183.jpg,oc,1,coast,oc-0183.xml,1,640,640,S1_20190618_034221_034401_VV_5,S1B_IW_GRDH_1SDV_20190618T034336_20190618T034401_016745_01F848_6273.SAFE;S1B_IW_GRDH_1SDV_20190618T034311_20190618T034336_016745_01F848_5E80.SAFE,2019-06-18T03:42:21
oc-0184,oc-0184.jpg,images/oc-0184.jpg,oc,1,coast,oc-0184.xml,5,640,640,S1_20190618_034221_034401_VV_6,S1B_IW_GRDH_1SDV_20190618T034336_20190618T034401_016745_01F848_6273.SAFE,2019-06-18T03:42:21
oc-0185,oc-0185.jpg,images/oc-0185.jpg,oc,1,coast,oc-0185.xml,2,640,640,S1_20190618_034221_034401_VV_7,S1B_IW_GRDH_1SDV_20190618T034336_20190618T034401_016745_01F848_6273.SAFE,2019-06-18T03:42:21
oc-0186,oc-0186.jpg,images/oc-0186.jpg,oc,1,coast,oc-0186.xml,1,640,640,S1_20190619_033457_033637_VV_0,S1A_IW_GRDH_1SDV_20190619T033457_20190619T033522_027743_0321AE_AA16.SAFE,2019-06-19T03:34:57
oc-0187,oc-0187.jpg,images/oc-0187.jpg,oc,1,coast,oc-0187.xml,1,640,640,S1_20190621_155641_155821_VV_0,S1A_IW_GRDH_1SDV_20190621T155641_20190621T155706_027780_0322C6_F246.SAFE,2019-06-21T15:56:41
oc-0188,oc-0188.jpg,images/oc-0188.jpg,oc,1,coast,oc-0188.xml,1,640,640,S1_20190621_155641_155821_VV_1,S1A_IW_GRDH_1SDV_20190621T155706_20190621T155731_027780_0322C6_D33C.SAFE,2019-06-21T15:56:41
oc-0189,oc-0189.jpg,images/oc-0189.jpg,oc,1,coast,oc-0189.xml,4,640,640,S1_20190622_035930_040110_VV_4,S1A_IW_GRDH_1SDV_20190622T040045_20190622T040110_027787_0322FB_3F3F.SAFE,2019-06-22T03:59:30
oc-0190,oc-0190.jpg,images/oc-0190.jpg,oc,1,coast,oc-0190.xml,1,640,640,S1_20190622_154749_154929_VV_1,S1B_IW_GRDH_1SDV_20190622T154814_20190622T154839_016811_01FA2F_42DF.SAFE;S1B_IW_GRDH_1SDV_20190622T154749_20190622T154814_016811_01FA2F_09AC.SAFE,2019-06-22T15:47:49
oc-0191,oc-0191.jpg,images/oc-0191.jpg,oc,1,coast,oc-0191.xml,1,640,640,S1_20190622_154749_154929_VV_9,S1B_IW_GRDH_1SDV_20190622T154904_20190622T154929_016811_01FA2F_B265.SAFE,2019-06-22T15:47:49
oc-0192,oc-0192.jpg,images/oc-0192.jpg,oc,1,coast,oc-0192.xml,1,640,640,S1_20190624_034301_034441_VV_2,S1A_IW_GRDH_1SDV_20190624T034351_20190624T034416_027816_0323DB_253E.SAFE,2019-06-24T03:43:01
oc-0193,oc-0193.jpg,images/oc-0193.jpg,oc,1,coast,oc-0193.xml,2,640,640,S1_20190624_034301_034441_VV_6,S1A_IW_GRDH_1SDV_20190624T034416_20190624T034441_027816_0323DB_9B01.SAFE;S1A_IW_GRDH_1SDV_20190624T034351_20190624T034416_027816_0323DB_253E.SAFE,2019-06-24T03:43:01
oc-0194,oc-0194.jpg,images/oc-0194.jpg,oc,1,coast,oc-0194.xml,2,640,640,S1_20190624_034301_034441_VV_11,S1A_IW_GRDH_1SDV_20190624T034416_20190624T034441_027816_0323DB_9B01.SAFE,2019-06-24T03:43:01
oc-0195,oc-0195.jpg,images/oc-0195.jpg,oc,1,coast,oc-0195.xml,1,640,640,S1_20190626_160452_160632_VV_0,S1A_IW_GRDH_1SDV_20190626T160517_20190626T160542_027853_032501_FC2B.SAFE,2019-06-26T16:04:52
oc-0196,oc-0196.jpg,images/oc-0196.jpg,oc,1,coast,oc-0196.xml,1,640,640,S1_20190627_155614_155639_VV_0,S1B_IW_GRDH_1SDV_20190627T155614_20190627T155639_016884_01FC51_DE9E.SAFE,2019-06-27T15:56:14
oc-0197,oc-0197.jpg,images/oc-0197.jpg,oc,1,coast,oc-0197.xml,2,640,640,S1_20190627_155614_155639_VV_2,S1B_IW_GRDH_1SDV_20190627T155614_20190627T155639_016884_01FC51_DE9E.SAFE,2019-06-27T15:56:14
oc-0198,oc-0198.jpg,images/oc-0198.jpg,oc,1,coast,oc-0198.xml,1,640,640,S1_20190628_035854_040033_VV_2,S1B_IW_GRDH_1SDV_20190628T040009_20190628T040033_016891_01FC8F_8CA8.SAFE;S1B_IW_GRDH_1SDV_20190628T035944_20190628T040009_016891_01FC8F_02B3.SAFE,2019-06-28T03:58:54
oc-0199,oc-0199.jpg,images/oc-0199.jpg,oc,1,coast,oc-0199.xml,1,640,640,S1_20190628_035854_040033_VV_3,S1B_IW_GRDH_1SDV_20190628T040009_20190628T040033_016891_01FC8F_8CA8.SAFE,2019-06-28T03:58:54
oc-0200,oc-0200.jpg,images/oc-0200.jpg,oc,1,coast,oc-0200.xml,1,640,640,S1_20190701_033458_033638_VV_1,S1A_IW_GRDH_1SDV_20190701T033523_20190701T033548_027918_0326E9_06FF.SAFE,2019-07-01T03:34:58
oc-0201,oc-0201.jpg,images/oc-0201.jpg,oc,1,coast,oc-0201.xml,1,640,640,S1_20190703_155642_155822_VV_0,S1A_IW_GRDH_1SDV_20190703T155707_20190703T155732_027955_03280F_4059.SAFE,2019-07-03T15:56:42
oc-0202,oc-0202.jpg,images/oc-0202.jpg,oc,1,coast,oc-0202.xml,3,640,640,S1_20190703_155642_155822_VV_1,S1A_IW_GRDH_1SDV_20190703T155707_20190703T155732_027955_03280F_4059.SAFE,2019-07-03T15:56:42
oc-0203,oc-0203.jpg,images/oc-0203.jpg,oc,1,coast,oc-0203.xml,3,640,640,S1_20190704_154750_154930_VV_1,S1B_IW_GRDH_1SDV_20190704T154815_20190704T154840_016986_01FF5D_EF00.SAFE,2019-07-04T15:47:50
oc-0204,oc-0204.jpg,images/oc-0204.jpg,oc,1,coast,oc-0204.xml,3,640,640,S1_20190707_033413_033553_VV_1,S1B_IW_GRDH_1SDV_20190707T033438_20190707T033503_017022_02005E_E3D4.SAFE,2019-07-07T03:34:13
oc-0205,oc-0205.jpg,images/oc-0205.jpg,oc,1,coast,oc-0205.xml,1,640,640,S1_20190710_154840_155020_VV_10,S1A_IW_GRDH_1SDV_20190710T154930_20190710T154955_028057_032B2E_D40F.SAFE,2019-07-10T15:48:40
oc-0206,oc-0206.jpg,images/oc-0206.jpg,oc,1,coast,oc-0206.xml,1,640,640,S1_20190711_035121_035303_VV_2,S1A_IW_GRDH_1SDV_20190711T035121_20190711T035146_028064_032B5E_8132.SAFE,2019-07-11T03:51:21
oc-0207,oc-0207.jpg,images/oc-0207.jpg,oc,1,coast,oc-0207.xml,2,640,640,S1_20190711_035121_035303_VV_13,S1A_IW_GRDH_1SDV_20190711T035236_20190711T035303_028064_032B5E_B97C.SAFE,2019-07-11T03:51:21
oc-0208,oc-0208.jpg,images/oc-0208.jpg,oc,1,coast,oc-0208.xml,1,640,640,S1_20190712_034223_034403_VV_2,S1B_IW_GRDH_1SDV_20190712T034313_20190712T034338_017095_02029D_FE28.SAFE,2019-07-12T03:42:23
oc-0209,oc-0209.jpg,images/oc-0209.jpg,oc,1,coast,oc-0209.xml,2,640,640,S1_20190712_034223_034403_VV_3,S1B_IW_GRDH_1SDV_20190712T034338_20190712T034403_017095_02029D_4A64.SAFE;S1B_IW_GRDH_1SDV_20190712T034313_20190712T034338_017095_02029D_FE28.SAFE,2019-07-12T03:42:23
oc-0210,oc-0210.jpg,images/oc-0210.jpg,oc,1,coast,oc-0210.xml,4,640,640,S1_20190712_034223_034403_VV_4,S1B_IW_GRDH_1SDV_20190712T034338_20190712T034403_017095_02029D_4A64.SAFE,2019-07-12T03:42:23
oc-0211,oc-0211.jpg,images/oc-0211.jpg,oc,1,coast,oc-0211.xml,2,640,640,S1_20190712_034223_034403_VV_5,S1B_IW_GRDH_1SDV_20190712T034338_20190712T034403_017095_02029D_4A64.SAFE,2019-07-12T03:42:23
oc-0212,oc-0212.jpg,images/oc-0212.jpg,oc,1,coast,oc-0212.xml,2,640,640,S1_20190714_160410_160550_VV_0,S1B_IW_GRDH_1SDV_20190714T160435_20190714T160500_017132_0203A9_49DE.SAFE,2019-07-14T16:04:10
oc-0213,oc-0213.jpg,images/oc-0213.jpg,oc,1,coast,oc-0213.xml,1,640,640,S1_20190714_160410_160550_VV_1,S1B_IW_GRDH_1SDV_20190714T160435_20190714T160500_017132_0203A9_49DE.SAFE,2019-07-14T16:04:10
oc-0214,oc-0214.jpg,images/oc-0214.jpg,oc,1,coast,oc-0214.xml,1,640,640,S1_20190715_155643_155823_VV_0,S1A_IW_GRDH_1SDV_20190715T155708_20190715T155733_028130_032D5B_FC3B.SAFE;S1A_IW_GRDH_1SDV_20190715T155643_20190715T155708_028130_032D5B_CF97.SAFE,2019-07-15T15:56:43
oc-0215,oc-0215.jpg,images/oc-0215.jpg,oc,1,coast,oc-0215.xml,7,640,640,S1_20190715_155643_155823_VV_1,S1A_IW_GRDH_1SDV_20190715T155708_20190715T155733_028130_032D5B_FC3B.SAFE,2019-07-15T15:56:43
oc-0216,oc-0216.jpg,images/oc-0216.jpg,oc,1,coast,oc-0216.xml,6,640,640,S1_20190716_154751_154931_VV_1,S1B_IW_GRDH_1SDV_20190716T154816_20190716T154841_017161_020487_EEF7.SAFE,2019-07-16T15:47:51
oc-0217,oc-0217.jpg,images/oc-0217.jpg,oc,1,coast,oc-0217.xml,3,640,640,S1_20190723_035122_035304_VV_6,S1A_IW_GRDH_1SDV_20190723T035212_20190723T035237_028239_0330A7_A061.SAFE,2019-07-23T03:51:22
oc-0218,oc-0218.jpg,images/oc-0218.jpg,oc,1,coast,oc-0218.xml,7,640,640,S1_20190723_035122_035304_VV_8,S1A_IW_GRDH_1SDV_20190723T035237_20190723T035304_028239_0330A7_2013.SAFE,2019-07-23T03:51:22
oc-0219,oc-0219.jpg,images/oc-0219.jpg,oc,1,coast,oc-0219.xml,1,640,640,S1_20190723_153948_154103_VV_1,S1B_IW_GRDH_1SDV_20190723T154013_20190723T154038_017263_020781_2CF5.SAFE,2019-07-23T15:39:48
oc-0220,oc-0220.jpg,images/oc-0220.jpg,oc,1,coast,oc-0220.xml,1,640,640,S1_20190724_034223_034403_VV_2,S1B_IW_GRDH_1SDV_20190724T034248_20190724T034313_017270_0207B2_7027.SAFE,2019-07-24T03:42:23
oc-0221,oc-0221.jpg,images/oc-0221.jpg,oc,1,coast,oc-0221.xml,4,640,640,S1_20190724_034223_034403_VV_5,S1B_IW_GRDH_1SDV_20190724T034338_20190724T034403_017270_0207B2_57DF.SAFE,2019-07-24T03:42:23
oc-0222,oc-0222.jpg,images/oc-0222.jpg,oc,1,coast,oc-0222.xml,2,640,640,S1_20190724_034223_034403_VV_7,S1B_IW_GRDH_1SDV_20190724T034338_20190724T034403_017270_0207B2_57DF.SAFE,2019-07-24T03:42:23
oc-0223,oc-0223.jpg,images/oc-0223.jpg,oc,1,coast,oc-0223.xml,1,640,640,S1_20190725_033500_033640_VV_0,S1A_IW_GRDH_1SDV_20190725T033525_20190725T033550_028268_03317E_4073.SAFE,2019-07-25T03:35:00
oc-0224,oc-0224.jpg,images/oc-0224.jpg,oc,1,coast,oc-0224.xml,1,640,640,S1_20190727_155643_155823_VV_0,S1A_IW_GRDH_1SDV_20190727T155643_20190727T155708_028305_0332B2_1E7C.SAFE,2019-07-27T15:56:43
oc-0225,oc-0225.jpg,images/oc-0225.jpg,oc,1,coast,oc-0225.xml,3,640,640,S1_20190727_155643_155823_VV_1,S1A_IW_GRDH_1SDV_20190727T155708_20190727T155733_028305_0332B2_BDB8.SAFE,2019-07-27T15:56:43
oc-0226,oc-0226.jpg,images/oc-0226.jpg,oc,1,coast,oc-0226.xml,4,640,640,S1_20190729_035046_035225_VV_5,S1B_IW_GRDH_1SDV_20190729T035136_20190729T035201_017343_0209D6_D740.SAFE,2019-07-29T03:50:46
oc-0227,oc-0227.jpg,images/oc-0227.jpg,oc,1,coast,oc-0227.xml,1,640,640,S1_20190729_035046_035225_VV_7,S1B_IW_GRDH_1SDV_20190729T035201_20190729T035225_017343_0209D6_3B2F.SAFE;S1B_IW_GRDH_1SDV_20190729T035136_20190729T035201_017343_0209D6_D740.SAFE,2019-07-29T03:50:46
oc-0228,oc-0228.jpg,images/oc-0228.jpg,oc,1,coast,oc-0228.xml,1,640,640,S1_20190729_154013_154153_VV_1,S1A_IW_GRDH_1SDV_20190729T154103_20190729T154128_028334_033394_7A06.SAFE,2019-07-29T15:40:13
oc-0229,oc-0229.jpg,images/oc-0229.jpg,oc,1,coast,oc-0229.xml,2,640,640,S1_20190730_034303_034443_VV_7,S1A_IW_GRDH_1SDV_20190730T034418_20190730T034443_028341_0333D2_9F38.SAFE,2019-07-30T03:43:03
oc-0230,oc-0230.jpg,images/oc-0230.jpg,oc,1,coast,oc-0230.xml,3,640,640,S1_20190730_034303_034443_VV_8,S1A_IW_GRDH_1SDV_20190730T034418_20190730T034443_028341_0333D2_9F38.SAFE,2019-07-30T03:43:03
oc-0231,oc-0231.jpg,images/oc-0231.jpg,oc,1,coast,oc-0231.xml,1,640,640,S1_20190730_153133_153313_VV_0,S1B_IW_GRDH_1SDV_20190730T153223_20190730T153248_017365_020A74_A71C.SAFE,2019-07-30T15:31:33
oc-0232,oc-0232.jpg,images/oc-0232.jpg,oc,1,coast,oc-0232.xml,2,640,640,S1_20190730_153133_153313_VV_1,S1B_IW_GRDH_1SDV_20190730T153223_20190730T153248_017365_020A74_A71C.SAFE,2019-07-30T15:31:33
oc-0233,oc-0233.jpg,images/oc-0233.jpg,oc,1,coast,oc-0233.xml,1,640,640,S1_20190803_154842_155022_VV_0,S1A_IW_GRDH_1SDV_20190803T154842_20190803T154907_028407_0335C8_F8D0.SAFE,2019-08-03T15:48:42
oc-0234,oc-0234.jpg,images/oc-0234.jpg,oc,1,coast,oc-0234.xml,2,640,640,S1_20190804_035123_035304_VV_6,S1A_IW_GRDH_1SDV_20190804T035238_20190804T035304_028414_0335FE_8869.SAFE,2019-08-04T03:51:23
oc-0235,oc-0235.jpg,images/oc-0235.jpg,oc,1,coast,oc-0235.xml,1,640,640,S1_20190808_155644_155824_VV_0,S1A_IW_GRDH_1SDV_20190808T155709_20190808T155734_028480_033813_EBA6.SAFE;S1A_IW_GRDH_1SDV_20190808T155644_20190808T155709_028480_033813_9B9B.SAFE,2019-08-08T15:56:44
oc-0236,oc-0236.jpg,images/oc-0236.jpg,oc,1,coast,oc-0236.xml,4,640,640,S1_20190809_035934_040114_VV_0,S1A_IW_GRDH_1SDV_20190809T040049_20190809T040114_028487_03384A_86C8.SAFE,2019-08-09T03:59:34
oc-0237,oc-0237.jpg,images/oc-0237.jpg,oc,1,coast,oc-0237.xml,1,1753,1753,S1_20190810_035047_035226_VV_3,S1B_IW_GRDH_1SDV_20190810T035137_20190810T035202_017518_020F20_E49F.SAFE,2019-08-10T03:50:47
oc-0238,oc-0238.jpg,images/oc-0238.jpg,oc,1,coast,oc-0238.xml,3,640,640,S1_20190810_035047_035226_VV_5,S1B_IW_GRDH_1SDV_20190810T035137_20190810T035202_017518_020F20_E49F.SAFE,2019-08-10T03:50:47
oc-0239,oc-0239.jpg,images/oc-0239.jpg,oc,1,coast,oc-0239.xml,1,640,640,S1_20190810_154014_154154_VV_2,S1A_IW_GRDH_1SDV_20190810T154129_20190810T154154_028509_03390D_A7F5.SAFE,2019-08-10T15:40:14
oc-0240,oc-0240.jpg,images/oc-0240.jpg,oc,1,coast,oc-0240.xml,1,640,640,S1_20190812_033415_033555_VV_0,S1B_IW_GRDH_1SDV_20190812T033440_20190812T033505_017547_020FFE_79B0.SAFE,2019-08-12T03:34:15
oc-0241,oc-0241.jpg,images/oc-0241.jpg,oc,1,coast,oc-0241.xml,4,640,640,S1_20190813_160456_160636_VV_0,S1A_IW_GRDH_1SDV_20190813T160521_20190813T160546_028553_033AA6_6486.SAFE,2019-08-13T16:04:56
oc-0242,oc-0242.jpg,images/oc-0242.jpg,oc,1,coast,oc-0242.xml,4,640,640,S1_20190814_155617_155642_VV_1,S1B_IW_GRDH_1SDV_20190814T155617_20190814T155642_017584_021133_82C5.SAFE,2019-08-14T15:56:17
oc-0243,oc-0243.jpg,images/oc-0243.jpg,oc,1,coast,oc-0243.xml,1,640,640,S1_20190814_155617_155642_VV_3,S1B_IW_GRDH_1SDV_20190814T155617_20190814T155642_017584_021133_82C5.SAFE,2019-08-14T15:56:17
oc-0244,oc-0244.jpg,images/oc-0244.jpg,oc,1,coast,oc-0244.xml,1,640,640,S1_20190816_153949_154104_VV_0,S1B_IW_GRDH_1SDV_20190816T154014_20190816T154039_017613_02122C_4C5B.SAFE,2019-08-16T15:39:49
oc-0245,oc-0245.jpg,images/oc-0245.jpg,oc,1,coast,oc-0245.xml,4,640,640,S1_20190817_034225_034405_VV_2,S1B_IW_GRDH_1SDV_20190817T034250_20190817T034315_017620_021260_0DF6.SAFE,2019-08-17T03:42:25
oc-0246,oc-0246.jpg,images/oc-0246.jpg,oc,1,coast,oc-0246.xml,1,640,640,S1_20190817_034225_034405_VV_4,S1B_IW_GRDH_1SDV_20190817T034250_20190817T034315_017620_021260_0DF6.SAFE,2019-08-17T03:42:25
oc-0247,oc-0247.jpg,images/oc-0247.jpg,oc,1,coast,oc-0247.xml,3,640,640,S1_20190817_034225_034405_VV_5,S1B_IW_GRDH_1SDV_20190817T034250_20190817T034315_017620_021260_0DF6.SAFE,2019-08-17T03:42:25
oc-0248,oc-0248.jpg,images/oc-0248.jpg,oc,1,coast,oc-0248.xml,2,640,640,S1_20190817_034225_034405_VV_7,S1B_IW_GRDH_1SDV_20190817T034340_20190817T034405_017620_021260_79A2.SAFE,2019-08-17T03:42:25
oc-0249,oc-0249.jpg,images/oc-0249.jpg,oc,1,coast,oc-0249.xml,1,640,640,S1_20190820_155645_155825_VV_1,S1A_IW_GRDH_1SDV_20190820T155710_20190820T155735_028655_033E24_AFFA.SAFE;S1A_IW_GRDH_1SDV_20190820T155645_20190820T155710_028655_033E24_C67B.SAFE,2019-08-20T15:56:45
oc-0250,oc-0250.jpg,images/oc-0250.jpg,oc,1,coast,oc-0250.xml,1,640,640,S1_20190820_155645_155825_VV_3,S1A_IW_GRDH_1SDV_20190820T155710_20190820T155735_028655_033E24_AFFA.SAFE,2019-08-20T15:56:45
oc-0251,oc-0251.jpg,images/oc-0251.jpg,oc,1,coast,oc-0251.xml,3,640,640,S1_20190820_155645_155825_VV_4,S1A_IW_GRDH_1SDV_20190820T155710_20190820T155735_028655_033E24_AFFA.SAFE,2019-08-20T15:56:45
oc-0252,oc-0252.jpg,images/oc-0252.jpg,oc,1,coast,oc-0252.xml,5,640,640,S1_20190821_154753_154933_VV_3,S1B_IW_GRDH_1SDV_20190821T154818_20190821T154843_017686_021461_4D57.SAFE,2019-08-21T15:47:53
oc-0253,oc-0253.jpg,images/oc-0253.jpg,oc,1,coast,oc-0253.xml,5,640,640,S1_20190822_035047_035226_VV_10,S1B_IW_GRDH_1SDV_20190822T035137_20190822T035202_017693_021497_9677.SAFE,2019-08-22T03:50:47
oc-0254,oc-0254.jpg,images/oc-0254.jpg,oc,1,coast,oc-0254.xml,3,640,640,S1_20190825_160456_160636_VV_1,S1A_IW_GRDH_1SDV_20190825T160521_20190825T160546_028728_0340B1_6F50.SAFE,2019-08-25T16:04:56
oc-0255,oc-0255.jpg,images/oc-0255.jpg,oc,1,coast,oc-0255.xml,1,640,640,S1_20190827_035858_040037_VV_4,S1B_IW_GRDH_1SDV_20190827T040013_20190827T040037_017766_0216ED_15AD.SAFE,2019-08-27T03:58:58
oc-0256,oc-0256.jpg,images/oc-0256.jpg,oc,1,coast,oc-0256.xml,4,640,640,S1_20190827_154843_155023_VV_0,S1A_IW_GRDH_1SDV_20190827T154843_20190827T154908_028757_0341B2_CC65.SAFE,2019-08-27T15:48:43
oc-0257,oc-0257.jpg,images/oc-0257.jpg,oc,1,coast,oc-0257.xml,1,640,640,S1_20190827_154843_155023_VV_1,S1A_IW_GRDH_1SDV_20190827T154843_20190827T154908_028757_0341B2_CC65.SAFE,2019-08-27T15:48:43
oc-0258,oc-0258.jpg,images/oc-0258.jpg,oc,1,coast,oc-0258.xml,1,640,640,S1_20190828_035124_035306_VV_14,S1A_IW_GRDH_1SDV_20190828T035239_20190828T035306_028764_0341F0_E062.SAFE;S1A_IW_GRDH_1SDV_20190828T035214_20190828T035239_028764_0341F0_762B.SAFE,2019-08-28T03:51:24
oc-0259,oc-0259.jpg,images/oc-0259.jpg,oc,1,coast,oc-0259.xml,2,640,640,S1_20190828_035124_035306_VV_15,S1A_IW_GRDH_1SDV_20190828T035239_20190828T035306_028764_0341F0_E062.SAFE,2019-08-28T03:51:24
oc-0260,oc-0260.jpg,images/oc-0260.jpg,oc,1,coast,oc-0260.xml,1,640,640,S1_20190828_153950_154105_VV_0,S1B_IW_GRDH_1SDV_20190828T154015_20190828T154040_017788_02179A_FD13.SAFE,2019-08-28T15:39:50
oc-0261,oc-0261.jpg,images/oc-0261.jpg,oc,1,coast,oc-0261.xml,5,640,640,S1_20190831_160413_160553_VV_0,S1B_IW_GRDH_1SDV_20190831T160438_20190831T160503_017832_0218F0_776F.SAFE,2019-08-31T16:04:13
oc-0262,oc-0262.jpg,images/oc-0262.jpg,oc,1,coast,oc-0262.xml,1,640,640,S1_20190901_155645_155825_VV_1,S1A_IW_GRDH_1SDV_20190901T155710_20190901T155735_028830_03443E_9738.SAFE,2019-09-01T15:56:45
oc-0263,oc-0263.jpg,images/oc-0263.jpg,oc,1,coast,oc-0263.xml,1,640,640,S1_20190902_035935_040115_VV_1,S1A_IW_GRDH_1SDV_20190902T040050_20190902T040115_028837_03447B_D2F2.SAFE,2019-09-02T03:59:35
oc-0264,oc-0264.jpg,images/oc-0264.jpg,oc,1,coast,oc-0264.xml,5,640,640,S1_20190902_154753_154933_VV_0,S1B_IW_GRDH_1SDV_20190902T154818_20190902T154843_017861_0219CE_E6A5.SAFE;S1B_IW_GRDH_1SDV_20190902T154753_20190902T154818_017861_0219CE_7D5A.SAFE,2019-09-02T15:47:53
oc-0265,oc-0265.jpg,images/oc-0265.jpg,oc,1,coast,oc-0265.xml,3,640,640,S1_20190903_035048_035227_VV_2,S1B_IW_GRDH_1SDV_20190903T035138_20190903T035203_017868_021A04_85C3.SAFE,2019-09-03T03:50:48
oc-0266,oc-0266.jpg,images/oc-0266.jpg,oc,1,coast,oc-0266.xml,1,640,640,S1_20190904_034305_034445_VV_4,S1A_IW_GRDH_1SDV_20190904T034330_20190904T034355_028866_034579_E422.SAFE,2019-09-04T03:43:05
oc-0267,oc-0267.jpg,images/oc-0267.jpg,oc,1,coast,oc-0267.xml,1,640,640,S1_20190904_034305_034445_VV_6,S1A_IW_GRDH_1SDV_20190904T034420_20190904T034445_028866_034579_337E.SAFE,2019-09-04T03:43:05
oc-0268,oc-0268.jpg,images/oc-0268.jpg,oc,1,coast,oc-0268.xml,2,640,640,S1_20190904_034305_034445_VV_7,S1A_IW_GRDH_1SDV_20190904T034420_20190904T034445_028866_034579_337E.SAFE,2019-09-04T03:43:05
oc-0269,oc-0269.jpg,images/oc-0269.jpg,oc,1,coast,oc-0269.xml,1,640,640,S1_20190905_033416_033556_VV_0,S1B_IW_GRDH_1SDV_20190905T033441_20190905T033506_017897_021AE1_97C9.SAFE,2019-09-05T03:34:16
oc-0270,oc-0270.jpg,images/oc-0270.jpg,oc,1,coast,oc-0270.xml,2,640,640,S1_20190908_035858_040037_VV_0,S1B_IW_GRDH_1SDV_20190908T040013_20190908T040037_017941_021C58_57F2.SAFE,2019-09-08T03:58:58
oc-0271,oc-0271.jpg,images/oc-0271.jpg,oc,1,coast,oc-0271.xml,2,640,640,S1_20190913_155646_155826_VV_0,S1A_IW_GRDH_1SDV_20190913T155711_20190913T155736_029005_034A50_BA8D.SAFE;S1A_IW_GRDH_1SDV_20190913T155646_20190913T155711_029005_034A50_FACE.SAFE,2019-09-13T15:56:46
oc-0272,oc-0272.jpg,images/oc-0272.jpg,oc,1,coast,oc-0272.xml,1,640,640,S1_20190914_154754_154934_VV_0,S1B_IW_GRDH_1SDV_20190914T154754_20190914T154819_018036_021F43_FD90.SAFE,2019-09-14T15:47:54
oc-0273,oc-0273.jpg,images/oc-0273.jpg,oc,1,coast,oc-0273.xml,3,640,640,S1_20190914_154754_154934_VV_3,S1B_IW_GRDH_1SDV_20190914T154819_20190914T154844_018036_021F43_FE67.SAFE,2019-09-14T15:47:54
oc-0274,oc-0274.jpg,images/oc-0274.jpg,oc,1,coast,oc-0274.xml,4,640,640,S1_20190915_035049_035228_VV_2,S1B_IW_GRDH_1SDV_20190915T035204_20190915T035228_018043_021F77_BA8F.SAFE;S1B_IW_GRDH_1SDV_20190915T035139_20190915T035204_018043_021F77_D5B3.SAFE,2019-09-15T03:50:49
oc-0275,oc-0275.jpg,images/oc-0275.jpg,oc,1,coast,oc-0275.xml,4,640,640,S1_20190916_034306_034446_VV_4,S1A_IW_GRDH_1SDV_20190916T034356_20190916T034421_029041_034B8F_5C81.SAFE,2019-09-16T03:43:06
oc-0276,oc-0276.jpg,images/oc-0276.jpg,oc,1,coast,oc-0276.xml,1,640,640,S1_20190916_034306_034446_VV_5,S1A_IW_GRDH_1SDV_20190916T034356_20190916T034421_029041_034B8F_5C81.SAFE,2019-09-16T03:43:06
oc-0277,oc-0277.jpg,images/oc-0277.jpg,oc,1,coast,oc-0277.xml,5,640,640,S1_20190916_034306_034446_VV_6,S1A_IW_GRDH_1SDV_20190916T034421_20190916T034446_029041_034B8F_8FE6.SAFE,2019-09-16T03:43:06
oc-0278,oc-0278.jpg,images/oc-0278.jpg,oc,1,coast,oc-0278.xml,2,640,640,S1_20190916_034306_034446_VV_7,S1A_IW_GRDH_1SDV_20190916T034421_20190916T034446_029041_034B8F_8FE6.SAFE,2019-09-16T03:43:06
oc-0279,oc-0279.jpg,images/oc-0279.jpg,oc,1,coast,oc-0279.xml,1,640,640,S1_20190920_154844_155024_VV_0,S1A_IW_GRDH_1SDV_20190920T154934_20190920T154959_029107_034DCE_D8C0.SAFE,2019-09-20T15:48:44
oc-0280,oc-0280.jpg,images/oc-0280.jpg,oc,1,coast,oc-0280.xml,6,640,640,S1_20190921_035125_035307_VV_1,S1A_IW_GRDH_1SDV_20190921T035125_20190921T035150_029114_034E08_0160.SAFE,2019-09-21T03:51:25
oc-0281,oc-0281.jpg,images/oc-0281.jpg,oc,1,coast,oc-0281.xml,2,640,640,S1_20190924_160414_160554_VV_0,S1B_IW_GRDH_1SDV_20190924T160439_20190924T160504_018182_0223D0_BC8E.SAFE,2019-09-24T16:04:14
oc-0282,oc-0282.jpg,images/oc-0282.jpg,oc,1,coast,oc-0282.xml,1,640,640,S1_20190925_155647_155827_VV_0,S1A_IW_GRDH_1SDV_20190925T155712_20190925T155737_029180_035045_0057.SAFE;S1A_IW_GRDH_1SDV_20190925T155647_20190925T155712_029180_035045_7B53.SAFE,2019-09-25T15:56:47
oc-0283,oc-0283.jpg,images/oc-0283.jpg,oc,1,coast,oc-0283.xml,7,640,640,S1_20190925_155647_155827_VV_5,S1A_IW_GRDH_1SDV_20190925T155712_20190925T155737_029180_035045_0057.SAFE,2019-09-25T15:56:47
oc-0284,oc-0284.jpg,images/oc-0284.jpg,oc,1,coast,oc-0284.xml,1,640,640,S1_20190925_155647_155827_VV_9,S1A_IW_GRDH_1SDV_20190925T155712_20190925T155737_029180_035045_0057.SAFE,2019-09-25T15:56:47
oc-0285,oc-0285.jpg,images/oc-0285.jpg,oc,1,coast,oc-0285.xml,3,640,640,S1_20190925_155647_155827_VV_10,S1A_IW_GRDH_1SDV_20190925T155712_20190925T155737_029180_035045_0057.SAFE,2019-09-25T15:56:47
oc-0286,oc-0286.jpg,images/oc-0286.jpg,oc,1,coast,oc-0286.xml,1,640,640,S1_20190926_035936_040116_VV_4,S1A_IW_GRDH_1SDV_20190926T040051_20190926T040116_029187_035080_972D.SAFE;S1A_IW_GRDH_1SDV_20190926T040026_20190926T040051_029187_035080_F816.SAFE,2019-09-26T03:59:36
oc-0287,oc-0287.jpg,images/oc-0287.jpg,oc,1,coast,oc-0287.xml,3,640,640,S1_20190927_035049_035228_VV_1,S1B_IW_GRDH_1SDV_20190927T035049_20190927T035114_018218_0224DC_62D9.SAFE,2019-09-27T03:50:49
oc-0288,oc-0288.jpg,images/oc-0288.jpg,oc,1,coast,oc-0288.xml,1,640,640,S1_20190927_035049_035228_VV_2,S1B_IW_GRDH_1SDV_20190927T035049_20190927T035114_018218_0224DC_62D9.SAFE,2019-09-27T03:50:49
oc-0289,oc-0289.jpg,images/oc-0289.jpg,oc,1,coast,oc-0289.xml,2,640,640,S1_20190928_034306_034446_VV_9,S1A_IW_GRDH_1SDV_20190928T034421_20190928T034446_029216_035188_54CE.SAFE,2019-09-28T03:43:06
oc-0290,oc-0290.jpg,images/oc-0290.jpg,oc,1,coast,oc-0290.xml,2,640,640,S1_20190930_160458_160638_VV_0,S1A_IW_GRDH_1SDV_20190930T160523_20190930T160548_029253_0352E1_73A7.SAFE,2019-09-30T16:04:58
oc-0291,oc-0291.jpg,images/oc-0291.jpg,oc,1,coast,oc-0291.xml,4,1371,1371,S1_20191001_155619_155644_VV_0,S1B_IW_GRDH_1SDV_20191001T155619_20191001T155644_018284_0226F2_D309.SAFE,2019-10-01T15:56:19
oc-0292,oc-0292.jpg,images/oc-0292.jpg,oc,1,coast,oc-0292.xml,1,640,640,S1_20191001_155619_155644_VV_2,S1B_IW_GRDH_1SDV_20191001T155619_20191001T155644_018284_0226F2_D309.SAFE,2019-10-01T15:56:19
oc-0293,oc-0293.jpg,images/oc-0293.jpg,oc,1,coast,oc-0293.xml,7,640,640,S1_20191001_155619_155644_VV_3,S1B_IW_GRDH_1SDV_20191001T155619_20191001T155644_018284_0226F2_D309.SAFE,2019-10-01T15:56:19
oc-0294,oc-0294.jpg,images/oc-0294.jpg,oc,1,coast,oc-0294.xml,2,640,640,S1_20191001_155619_155644_VV_5,S1B_IW_GRDH_1SDV_20191001T155619_20191001T155644_018284_0226F2_D309.SAFE,2019-10-01T15:56:19
oc-0295,oc-0295.jpg,images/oc-0295.jpg,oc,1,coast,oc-0295.xml,4,640,640,S1_20191002_035859_040038_VV_3,S1B_IW_GRDH_1SDV_20191002T035949_20191002T040014_018291_022738_5054.SAFE,2019-10-02T03:58:59
oc-0296,oc-0296.jpg,images/oc-0296.jpg,oc,1,coast,oc-0296.xml,10,640,640,S1_20191002_154845_155025_VV_0,S1A_IW_GRDH_1SDV_20191002T154845_20191002T154910_029282_0353D1_FBA2.SAFE,2019-10-02T15:48:45
oc-0297,oc-0297.jpg,images/oc-0297.jpg,oc,1,coast,oc-0297.xml,2,640,640,S1_20191002_154845_155025_VV_1,S1A_IW_GRDH_1SDV_20191002T154845_20191002T154910_029282_0353D1_FBA2.SAFE,2019-10-02T15:48:45
oc-0298,oc-0298.jpg,images/oc-0298.jpg,oc,1,coast,oc-0298.xml,5,640,640,S1_20191003_035126_035307_VV_5,S1A_IW_GRDH_1SDV_20191003T035241_20191003T035307_029289_035408_5AB5.SAFE,2019-10-03T03:51:26
oc-0299,oc-0299.jpg,images/oc-0299.jpg,oc,1,coast,oc-0299.xml,2,640,640,S1_20191004_034227_034407_VV_3,S1B_IW_GRDH_1SDV_20191004T034342_20191004T034407_018320_02282B_F708.SAFE,2019-10-04T03:42:27
oc-0300,oc-0300.jpg,images/oc-0300.jpg,oc,1,coast,oc-0300.xml,2,640,640,S1_20191004_034227_034407_VV_4,S1B_IW_GRDH_1SDV_20191004T034342_20191004T034407_018320_02282B_F708.SAFE,2019-10-04T03:42:27
oc-0301,oc-0301.jpg,images/oc-0301.jpg,oc,1,coast,oc-0301.xml,1,640,640,S1_20191005_033503_033643_VV_0,S1A_IW_GRDH_1SDV_20191005T033503_20191005T033528_029318_035507_57C3.SAFE,2019-10-05T03:35:03
oc-0302,oc-0302.jpg,images/oc-0302.jpg,oc,1,coast,oc-0302.xml,3,640,640,S1_20191008_154754_154934_VV_7,S1B_IW_GRDH_1SDV_20191008T154909_20191008T154934_018386_022A2C_AF1F.SAFE,2019-10-08T15:47:54
oc-0303,oc-0303.jpg,images/oc-0303.jpg,oc,1,coast,oc-0303.xml,1,640,640,S1_20191009_154016_154156_VV_3,S1A_IW_GRDH_1SDV_20191009T154131_20191009T154156_029384_035749_9F6C.SAFE,2019-10-09T15:40:16
oc-0304,oc-0304.jpg,images/oc-0304.jpg,oc,1,coast,oc-0304.xml,1,640,640,S1_20191011_033417_033557_VV_1,S1B_IW_GRDH_1SDV_20191011T033442_20191011T033507_018422_022B37_C218.SAFE,2019-10-11T03:34:17
oc-0305,oc-0305.jpg,images/oc-0305.jpg,oc,1,coast,oc-0305.xml,1,640,640,S1_20191015_035126_035307_VV_1,S1A_IW_GRDH_1SDV_20191015T035126_20191015T035151_029464_035A19_9F94.SAFE,2019-10-15T03:51:26
oc-0306,oc-0306.jpg,images/oc-0306.jpg,oc,1,coast,oc-0306.xml,4,640,640,S1_20191016_034227_034407_VV_2,S1B_IW_GRDH_1SDV_20191016T034317_20191016T034342_018495_022D96_8EB7.SAFE,2019-10-16T03:42:27
oc-0307,oc-0307.jpg,images/oc-0307.jpg,oc,1,coast,oc-0307.xml,2,640,640,S1_20191019_155647_155827_VV_1,S1A_IW_GRDH_1SDV_20191019T155712_20191019T155737_029530_035C5B_D123.SAFE,2019-10-19T15:56:47
oc-0308,oc-0308.jpg,images/oc-0308.jpg,oc,1,coast,oc-0308.xml,3,640,640,S1_20191019_155647_155827_VV_2,S1A_IW_GRDH_1SDV_20191019T155712_20191019T155737_029530_035C5B_D123.SAFE,2019-10-19T15:56:47
oc-0309,oc-0309.jpg,images/oc-0309.jpg,oc,1,coast,oc-0309.xml,2,640,640,S1_20191020_154755_154935_VV_0,S1B_IW_GRDH_1SDV_20191020T154820_20191020T154845_018561_022F8C_E7C6.SAFE;S1B_IW_GRDH_1SDV_20191020T154755_20191020T154820_018561_022F8C_BB43.SAFE,2019-10-20T15:47:55
oc-0310,oc-0310.jpg,images/oc-0310.jpg,oc,1,coast,oc-0310.xml,2,640,640,S1_20191020_154755_154935_VV_1,S1B_IW_GRDH_1SDV_20191020T154820_20191020T154845_018561_022F8C_E7C6.SAFE,2019-10-20T15:47:55
oc-0311,oc-0311.jpg,images/oc-0311.jpg,oc,1,coast,oc-0311.xml,1,640,640,S1_20191021_035049_035228_VV_2,S1B_IW_GRDH_1SDV_20191021T035049_20191021T035114_018568_022FC0_D1AC.SAFE,2019-10-21T03:50:49
oc-0312,oc-0312.jpg,images/oc-0312.jpg,oc,1,coast,oc-0312.xml,1,640,640,S1_20191021_035049_035228_VV_4,S1B_IW_GRDH_1SDV_20191021T035049_20191021T035114_018568_022FC0_D1AC.SAFE,2019-10-21T03:50:49
oc-0313,oc-0313.jpg,images/oc-0313.jpg,oc,1,coast,oc-0313.xml,1,640,640,S1_20191021_035049_035228_VV_17,S1B_IW_GRDH_1SDV_20191021T035139_20191021T035204_018568_022FC0_7FCF.SAFE,2019-10-21T03:50:49
oc-0314,oc-0314.jpg,images/oc-0314.jpg,oc,1,coast,oc-0314.xml,1,640,640,S1_20191021_035049_035228_VV_18,S1B_IW_GRDH_1SDV_20191021T035139_20191021T035204_018568_022FC0_7FCF.SAFE,2019-10-21T03:50:49
oc-0315,oc-0315.jpg,images/oc-0315.jpg,oc,1,coast,oc-0315.xml,1,640,640,S1_20191021_154016_154156_VV_2,S1A_IW_GRDH_1SDV_20191021T154131_20191021T154156_029559_035D56_1CD1.SAFE,2019-10-21T15:40:16
oc-0316,oc-0316.jpg,images/oc-0316.jpg,oc,1,coast,oc-0316.xml,3,640,640,S1_20191022_034306_034446_VV_9,S1A_IW_GRDH_1SDV_20191022T034356_20191022T034421_029566_035D93_FD78.SAFE,2019-10-22T03:43:06
oc-0317,oc-0317.jpg,images/oc-0317.jpg,oc,1,coast,oc-0317.xml,1,640,640,S1_20191022_034306_034446_VV_12,S1A_IW_GRDH_1SDV_20191022T034356_20191022T034421_029566_035D93_FD78.SAFE,2019-10-22T03:43:06
oc-0318,oc-0318.jpg,images/oc-0318.jpg,oc,1,coast,oc-0318.xml,1,640,640,S1_20191022_034306_034446_VV_13,S1A_IW_GRDH_1SDV_20191022T034421_20191022T034446_029566_035D93_463F.SAFE,2019-10-22T03:43:06
oc-0319,oc-0319.jpg,images/oc-0319.jpg,oc,1,coast,oc-0319.xml,2,640,640,S1_20191022_034306_034446_VV_14,S1A_IW_GRDH_1SDV_20191022T034421_20191022T034446_029566_035D93_463F.SAFE,2019-10-22T03:43:06
oc-0320,oc-0320.jpg,images/oc-0320.jpg,oc,1,coast,oc-0320.xml,2,640,640,S1_20191022_034306_034446_VV_15,S1A_IW_GRDH_1SDV_20191022T034421_20191022T034446_029566_035D93_463F.SAFE,2019-10-22T03:43:06
oc-0321,oc-0321.jpg,images/oc-0321.jpg,oc,1,coast,oc-0321.xml,1,1788,1788,S1_20191027_035126_035307_VV_0,S1A_IW_GRDH_1SDV_20191027T035241_20191027T035307_029639_036018_4470.SAFE;S1A_IW_GRDH_1SDV_20191027T035216_20191027T035241_029639_036018_3127.SAFE,2019-10-27T03:51:26
oc-0322,oc-0322.jpg,images/oc-0322.jpg,oc,1,coast,oc-0322.xml,1,640,640,S1_20191027_153951_154106_VV_1,S1B_IW_GRDH_1SDV_20191027T154016_20191027T154041_018663_0232BF_6EB7.SAFE,2019-10-27T15:39:51
oc-0323,oc-0323.jpg,images/oc-0323.jpg,oc,1,coast,oc-0323.xml,5,640,640,S1_20191030_160414_160554_VV_1,S1B_IW_GRDH_1SDV_20191030T160439_20191030T160504_018707_023425_6ED4.SAFE,2019-10-30T16:04:14
oc-0324,oc-0324.jpg,images/oc-0324.jpg,oc,1,coast,oc-0324.xml,3,640,640,S1_20191031_155647_155827_VV_0,S1A_IW_GRDH_1SDV_20191031T155712_20191031T155737_029705_036271_F756.SAFE;S1A_IW_GRDH_1SDV_20191031T155647_20191031T155712_029705_036271_3010.SAFE,2019-10-31T15:56:47
oc-0325,oc-0325.jpg,images/oc-0325.jpg,oc,1,coast,oc-0325.xml,11,640,640,S1_20191031_155647_155827_VV_1,S1A_IW_GRDH_1SDV_20191031T155712_20191031T155737_029705_036271_F756.SAFE,2019-10-31T15:56:47
oc-0326,oc-0326.jpg,images/oc-0326.jpg,oc,1,coast,oc-0326.xml,1,640,640,S1_20191031_155647_155827_VV_2,S1A_IW_GRDH_1SDV_20191031T155712_20191031T155737_029705_036271_F756.SAFE,2019-10-31T15:56:47
oc-0327,oc-0327.jpg,images/oc-0327.jpg,oc,1,coast,oc-0327.xml,3,640,640,S1_20191031_155647_155827_VV_3,S1A_IW_GRDH_1SDV_20191031T155712_20191031T155737_029705_036271_F756.SAFE,2019-10-31T15:56:47
oc-0328,oc-0328.jpg,images/oc-0328.jpg,oc,1,coast,oc-0328.xml,1,640,640,S1_20191031_155647_155827_VV_6,S1A_IW_GRDH_1SDV_20191031T155712_20191031T155737_029705_036271_F756.SAFE,2019-10-31T15:56:47
oc-0329,oc-0329.jpg,images/oc-0329.jpg,oc,1,coast,oc-0329.xml,1,640,640,S1_20191101_154754_154934_VV_6,S1B_IW_GRDH_1SDV_20191101T154909_20191101T154934_018736_023509_D85B.SAFE,2019-11-01T15:47:54
oc-0330,oc-0330.jpg,images/oc-0330.jpg,oc,1,coast,oc-0330.xml,1,640,640,S1_20191102_035049_035228_VV_4,S1B_IW_GRDH_1SDV_20191102T035139_20191102T035204_018743_02353E_3541.SAFE,2019-11-02T03:50:49
oc-0331,oc-0331.jpg,images/oc-0331.jpg,oc,1,coast,oc-0331.xml,2,640,640,S1_20191103_034307_034447_VV_18,S1A_IW_GRDH_1SDV_20191103T034422_20191103T034447_029741_0363B0_D43F.SAFE,2019-11-03T03:43:07
oc-0332,oc-0332.jpg,images/oc-0332.jpg,oc,1,coast,oc-0332.xml,1,640,640,S1_20191103_034307_034447_VV_19,S1A_IW_GRDH_1SDV_20191103T034422_20191103T034447_029741_0363B0_D43F.SAFE,2019-11-03T03:43:07
oc-0333,oc-0333.jpg,images/oc-0333.jpg,oc,1,coast,oc-0333.xml,1,640,640,S1_20191106_155619_155644_VV_0,S1B_IW_GRDH_1SDV_20191106T155619_20191106T155644_018809_02375F_81F1.SAFE,2019-11-06T15:56:19
oc-0334,oc-0334.jpg,images/oc-0334.jpg,oc,1,coast,oc-0334.xml,3,640,640,S1_20191108_153951_154106_VV_1,S1B_IW_GRDH_1SDV_20191108T153951_20191108T154016_018838_023867_1595.SAFE,2019-11-08T15:39:51
oc-0335,oc-0335.jpg,images/oc-0335.jpg,oc,1,coast,oc-0335.xml,1,640,640,S1_20191108_153951_154106_VV_3,S1B_IW_GRDH_1SDV_20191108T154016_20191108T154041_018838_023867_C951.SAFE,2019-11-08T15:39:51
oc-0336,oc-0336.jpg,images/oc-0336.jpg,oc,1,coast,oc-0336.xml,2,640,640,S1_20191109_034227_034407_VV_4,S1B_IW_GRDH_1SDV_20191109T034342_20191109T034407_018845_0238A3_42C2.SAFE,2019-11-09T03:42:27
oc-0337,oc-0337.jpg,images/oc-0337.jpg,oc,1,coast,oc-0337.xml,1,640,640,S1_20191109_034227_034407_VV_6,S1B_IW_GRDH_1SDV_20191109T034342_20191109T034407_018845_0238A3_42C2.SAFE,2019-11-09T03:42:27
oc-0338,oc-0338.jpg,images/oc-0338.jpg,oc,1,coast,oc-0338.xml,1,640,640,S1_20191109_034227_034407_VV_7,S1B_IW_GRDH_1SDV_20191109T034342_20191109T034407_018845_0238A3_42C2.SAFE,2019-11-09T03:42:27
oc-0339,oc-0339.jpg,images/oc-0339.jpg,oc,1,coast,oc-0339.xml,2,640,640,S1_20191109_153230_153345_VV_0,S1A_IW_GRDH_1SDV_20191109T153320_20191109T153345_029836_036704_C1E1.SAFE,2019-11-09T15:32:30
oc-0340,oc-0340.jpg,images/oc-0340.jpg,oc,1,coast,oc-0340.xml,1,640,640,S1_20191114_035049_035228_VV_0,S1B_IW_GRDH_1SDV_20191114T035049_20191114T035114_018918_023AE4_5660.SAFE,2019-11-14T03:50:49
oc-0341,oc-0341.jpg,images/oc-0341.jpg,oc,1,coast,oc-0341.xml,1,640,640,S1_20191114_035049_035228_VV_9,S1B_IW_GRDH_1SDV_20191114T035139_20191114T035204_018918_023AE4_06B2.SAFE,2019-11-14T03:50:49
oc-0342,oc-0342.jpg,images/oc-0342.jpg,oc,1,coast,oc-0342.xml,1,640,640,S1_20191114_035049_035228_VV_10,S1B_IW_GRDH_1SDV_20191114T035139_20191114T035204_018918_023AE4_06B2.SAFE,2019-11-14T03:50:49
oc-0343,oc-0343.jpg,images/oc-0343.jpg,oc,1,coast,oc-0343.xml,1,640,640,S1_20191115_034306_034446_VV_4,S1A_IW_GRDH_1SDV_20191115T034421_20191115T034446_029916_0369D3_9DE6.SAFE,2019-11-15T03:43:06
oc-0344,oc-0344.jpg,images/oc-0344.jpg,oc,1,coast,oc-0344.xml,3,640,640,S1_20191123_160414_160554_VV_2,S1B_IW_GRDH_1SDV_20191123T160439_20191123T160504_019057_023F6D_FB3B.SAFE,2019-11-23T16:04:14
oc-0345,oc-0345.jpg,images/oc-0345.jpg,oc,1,coast,oc-0345.xml,2,640,640,S1_20191127_034306_034446_VV_2,S1A_IW_GRDH_1SDV_20191127T034331_20191127T034356_030091_036FE7_55A3.SAFE,2019-11-27T03:43:06
oc-0346,oc-0346.jpg,images/oc-0346.jpg,oc,1,coast,oc-0346.xml,2,640,640,S1_20191127_034306_034446_VV_3,S1A_IW_GRDH_1SDV_20191127T034421_20191127T034446_030091_036FE7_E367.SAFE,2019-11-27T03:43:06
oc-0347,oc-0347.jpg,images/oc-0347.jpg,oc,1,coast,oc-0347.xml,2,640,640,S1_20191127_153136_153316_VV_0,S1B_IW_GRDH_1SDV_20191127T153226_20191127T153251_019115_024136_B82C.SAFE,2019-11-27T15:31:36
oc-0348,oc-0348.jpg,images/oc-0348.jpg,oc,1,coast,oc-0348.xml,3,640,640,S1_20191129_160457_160637_VV_0,S1A_IW_GRDH_1SDV_20191129T160522_20191129T160547_030128_03713A_62F9.SAFE,2019-11-29T16:04:57
oc-0349,oc-0349.jpg,images/oc-0349.jpg,oc,1,coast,oc-0349.xml,3,640,640,S1_20191130_155618_155643_VV_0,S1B_IW_GRDH_1SDV_20191130T155618_20191130T155643_019159_02429A_7E10.SAFE,2019-11-30T15:56:18
oc-0350,oc-0350.jpg,images/oc-0350.jpg,oc,1,coast,oc-0350.xml,4,640,640,S1_20191130_155618_155643_VV_1,S1B_IW_GRDH_1SDV_20191130T155618_20191130T155643_019159_02429A_7E10.SAFE,2019-11-30T15:56:18
oc-0351,oc-0351.jpg,images/oc-0351.jpg,oc,1,coast,oc-0351.xml,2,640,640,S1_20191130_155618_155643_VV_2,S1B_IW_GRDH_1SDV_20191130T155618_20191130T155643_019159_02429A_7E10.SAFE,2019-11-30T15:56:18
oc-0352,oc-0352.jpg,images/oc-0352.jpg,oc,1,coast,oc-0352.xml,3,640,640,S1_20191130_155618_155643_VV_4,S1B_IW_GRDH_1SDV_20191130T155618_20191130T155643_019159_02429A_7E10.SAFE,2019-11-30T15:56:18
oc-0353,oc-0353.jpg,images/oc-0353.jpg,oc,1,coast,oc-0353.xml,11,640,640,S1_20191130_155618_155643_VV_9,S1B_IW_GRDH_1SDV_20191130T155618_20191130T155643_019159_02429A_7E10.SAFE,2019-11-30T15:56:18
oc-0354,oc-0354.jpg,images/oc-0354.jpg,oc,1,coast,oc-0354.xml,2,640,640,S1_20191130_155618_155643_VV_10,S1B_IW_GRDH_1SDV_20191130T155618_20191130T155643_019159_02429A_7E10.SAFE,2019-11-30T15:56:18
oc-0355,oc-0355.jpg,images/oc-0355.jpg,oc,1,coast,oc-0355.xml,4,640,640,S1_20191130_155618_155643_VV_13,S1B_IW_GRDH_1SDV_20191130T155618_20191130T155643_019159_02429A_7E10.SAFE,2019-11-30T15:56:18
oc-0356,oc-0356.jpg,images/oc-0356.jpg,oc,1,coast,oc-0356.xml,5,640,640,S1_20191201_154844_155024_VV_0,S1A_IW_GRDH_1SDV_20191201T154844_20191201T154909_030157_03722E_48D3.SAFE,2019-12-01T15:48:44
oc-0357,oc-0357.jpg,images/oc-0357.jpg,oc,1,coast,oc-0357.xml,3,640,640,S1_20191203_034226_034406_VV_0,S1B_IW_GRDH_1SDV_20191203T034251_20191203T034316_019195_0243D6_EC71.SAFE,2019-12-03T03:42:26
oc-0358,oc-0358.jpg,images/oc-0358.jpg,oc,1,coast,oc-0358.xml,2,640,640,S1_20191203_034226_034406_VV_5,S1B_IW_GRDH_1SDV_20191203T034316_20191203T034341_019195_0243D6_6D71.SAFE,2019-12-03T03:42:26
oc-0359,oc-0359.jpg,images/oc-0359.jpg,oc,1,coast,oc-0359.xml,1,640,640,S1_20191203_034226_034406_VV_6,S1B_IW_GRDH_1SDV_20191203T034341_20191203T034406_019195_0243D6_497E.SAFE,2019-12-03T03:42:26
oc-0360,oc-0360.jpg,images/oc-0360.jpg,oc,1,coast,oc-0360.xml,1,640,640,S1_20191203_034226_034406_VV_7,S1B_IW_GRDH_1SDV_20191203T034341_20191203T034406_019195_0243D6_497E.SAFE,2019-12-03T03:42:26
oc-0361,oc-0361.jpg,images/oc-0361.jpg,oc,1,coast,oc-0361.xml,1,640,640,S1_20191204_033502_033642_VV_0,S1A_IW_GRDH_1SDV_20191204T033502_20191204T033527_030193_037365_9BAB.SAFE,2019-12-04T03:35:02
oc-0362,oc-0362.jpg,images/oc-0362.jpg,oc,1,coast,oc-0362.xml,2,640,640,S1_20191205_160413_160553_VV_0,S1B_IW_GRDH_1SDV_20191205T160438_20191205T160503_019232_0244F5_5369.SAFE,2019-12-05T16:04:13
oc-0363,oc-0363.jpg,images/oc-0363.jpg,oc,1,coast,oc-0363.xml,8,640,640,S1_20191207_154754_154934_VV_1,S1B_IW_GRDH_1SDV_20191207T154819_20191207T154844_019261_0245D7_02A3.SAFE,2019-12-07T15:47:54
oc-0364,oc-0364.jpg,images/oc-0364.jpg,oc,1,coast,oc-0364.xml,1,640,640,S1_20191207_154754_154934_VV_4,S1B_IW_GRDH_1SDV_20191207T154909_20191207T154934_019261_0245D7_07B0.SAFE,2019-12-07T15:47:54
oc-0365,oc-0365.jpg,images/oc-0365.jpg,oc,1,coast,oc-0365.xml,4,640,640,S1_20191208_035048_035227_VV_0,S1B_IW_GRDH_1SDV_20191208T035048_20191208T035113_019268_02460F_78B1.SAFE,2019-12-08T03:50:48
oc-0366,oc-0366.jpg,images/oc-0366.jpg,oc,1,coast,oc-0366.xml,2,640,640,S1_20191208_154016_154156_VV_0,S1A_IW_GRDH_1SDV_20191208T154106_20191208T154131_030259_0375A0_49AF.SAFE,2019-12-08T15:40:16
oc-0367,oc-0367.jpg,images/oc-0367.jpg,oc,1,coast,oc-0367.xml,1,640,640,S1_20191208_154016_154156_VV_1,S1A_IW_GRDH_1SDV_20191208T154131_20191208T154156_030259_0375A0_A790.SAFE,2019-12-08T15:40:16
oc-0368,oc-0368.jpg,images/oc-0368.jpg,oc,1,coast,oc-0368.xml,1,640,640,S1_20191209_034306_034446_VV_3,S1A_IW_GRDH_1SDV_20191209T034356_20191209T034421_030266_0375E5_D78E.SAFE,2019-12-09T03:43:06
oc-0369,oc-0369.jpg,images/oc-0369.jpg,oc,1,coast,oc-0369.xml,6,640,640,S1_20191209_153136_153316_VV_0,S1B_IW_GRDH_1SDV_20191209T153226_20191209T153251_019290_0246C0_89B6.SAFE,2019-12-09T15:31:36
oc-0370,oc-0370.jpg,images/oc-0370.jpg,oc,1,coast,oc-0370.xml,1,640,640,S1_20191215_034226_034406_VV_5,S1B_IW_GRDH_1SDV_20191215T034341_20191215T034406_019370_024965_2ED6.SAFE,2019-12-15T03:42:26
oc-0371,oc-0371.jpg,images/oc-0371.jpg,oc,1,coast,oc-0371.xml,3,640,640,S1_20191218_155645_155825_VV_3,S1A_IW_GRDH_1SDV_20191218T155710_20191218T155735_030405_037AC0_C384.SAFE,2019-12-18T15:56:45
oc-0372,oc-0372.jpg,images/oc-0372.jpg,oc,1,coast,oc-0372.xml,5,640,640,S1_20191218_155645_155825_VV_4,S1A_IW_GRDH_1SDV_20191218T155710_20191218T155735_030405_037AC0_C384.SAFE,2019-12-18T15:56:45
oc-0373,oc-0373.jpg,images/oc-0373.jpg,oc,1,coast,oc-0373.xml,2,1170,1170,S1_20191219_154753_154933_VV_0,S1B_IW_GRDH_1SDV_20191219T154818_20191219T154843_019436_024B6B_A68B.SAFE,2019-12-19T15:47:53
oc-0374,oc-0374.jpg,images/oc-0374.jpg,oc,1,coast,oc-0374.xml,2,640,640,S1_20191221_034305_034445_VV_13,S1A_IW_GRDH_1SDV_20191221T034420_20191221T034445_030441_037BF3_B34A.SAFE,2019-12-21T03:43:05
oc-0375,oc-0375.jpg,images/oc-0375.jpg,oc,1,coast,oc-0375.xml,1,640,640,S1_20191229_160412_160552_VV_1,S1B_IW_GRDH_1SDV_20191229T160437_20191229T160502_019582_02501D_B2D0.SAFE,2019-12-29T16:04:12
ow-0001,ow-0001.jpg,images/ow-0001.jpg,ow,1,water,ow-0001.xml,1,640,640,S1_20190101_034235_034350_VV_1,S1B_IW_GRDH_1SDV_20190101T034300_20190101T034325_014295_01A97E_39B8.SAFE,2019-01-01T03:42:35
ow-0002,ow-0002.jpg,images/ow-0002.jpg,ow,1,water,ow-0002.xml,1,640,640,S1_20190104_155638_155818_VV_2,S1A_IW_GRDH_1SDV_20190104T155703_20190104T155728_025330_02CD9D_BBAA.SAFE,2019-01-04T15:56:38
ow-0003,ow-0003.jpg,images/ow-0003.jpg,ow,1,water,ow-0003.xml,1,640,640,S1_20190110_155611_155635_VV_9,S1B_IW_GRDH_1SDV_20190110T155611_20190110T155635_014434_01ADED_1E1A.SAFE,2019-01-10T15:56:11
ow-0004,ow-0004.jpg,images/ow-0004.jpg,ow,1,water,ow-0004.xml,3,640,640,S1_20190110_155611_155635_VV_10,S1B_IW_GRDH_1SDV_20190110T155611_20190110T155635_014434_01ADED_1E1A.SAFE,2019-01-10T15:56:11
ow-0005,ow-0005.jpg,images/ow-0005.jpg,ow,1,water,ow-0005.xml,3,640,640,S1_20190110_155611_155635_VV_11,S1B_IW_GRDH_1SDV_20190110T155611_20190110T155635_014434_01ADED_1E1A.SAFE,2019-01-10T15:56:11
ow-0006,ow-0006.jpg,images/ow-0006.jpg,ow,1,water,ow-0006.xml,4,640,640,S1_20190111_154836_155016_VV_6,S1A_IW_GRDH_1SDV_20190111T154901_20190111T154926_025432_02D14A_4A63.SAFE,2019-01-11T15:48:36
ow-0007,ow-0007.jpg,images/ow-0007.jpg,ow,1,water,ow-0007.xml,1,640,640,S1_20190112_035117_035259_VV_0,S1A_IW_GRDH_1SDV_20190112T035232_20190112T035259_025439_02D183_0BB2.SAFE;S1A_IW_GRDH_1SDV_20190112T035207_20190112T035232_025439_02D183_4040.SAFE,2019-01-12T03:51:17
ow-0008,ow-0008.jpg,images/ow-0008.jpg,ow,1,water,ow-0008.xml,1,640,640,S1_20190112_153943_154058_VV_2,S1B_IW_GRDH_1SDV_20190112T154033_20190112T154058_014463_01AEE6_B38F.SAFE,2019-01-12T15:39:43
ow-0009,ow-0009.jpg,images/ow-0009.jpg,ow,1,water,ow-0009.xml,1,640,640,S1_20190119_034258_034438_VV_0,S1A_IW_GRDH_1SDV_20190119T034323_20190119T034348_025541_02D53C_8F34.SAFE,2019-01-19T03:42:58
ow-0010,ow-0010.jpg,images/ow-0010.jpg,ow,1,water,ow-0010.xml,2,640,640,S1_20190119_034258_034438_VV_3,S1A_IW_GRDH_1SDV_20190119T034323_20190119T034348_025541_02D53C_8F34.SAFE,2019-01-19T03:42:58
ow-0011,ow-0011.jpg,images/ow-0011.jpg,ow,1,water,ow-0011.xml,3,640,640,S1_20190122_155610_155635_VV_0,S1B_IW_GRDH_1SDV_20190122T155610_20190122T155635_014609_01B38B_28CE.SAFE,2019-01-22T15:56:10
ow-0012,ow-0012.jpg,images/ow-0012.jpg,ow,1,water,ow-0012.xml,4,640,640,S1_20190122_155610_155635_VV_7,S1B_IW_GRDH_1SDV_20190122T155610_20190122T155635_014609_01B38B_28CE.SAFE,2019-01-22T15:56:10
ow-0013,ow-0013.jpg,images/ow-0013.jpg,ow,1,water,ow-0013.xml,1,640,640,S1_20190122_155610_155635_VV_9,S1B_IW_GRDH_1SDV_20190122T155610_20190122T155635_014609_01B38B_28CE.SAFE,2019-01-22T15:56:10
ow-0014,ow-0014.jpg,images/ow-0014.jpg,ow,1,water,ow-0014.xml,5,640,640,S1_20190122_155610_155635_VV_10,S1B_IW_GRDH_1SDV_20190122T155610_20190122T155635_014609_01B38B_28CE.SAFE,2019-01-22T15:56:10
ow-0015,ow-0015.jpg,images/ow-0015.jpg,ow,1,water,ow-0015.xml,2,1502,1502,S1_20190122_155641_155735_VV_0,S1B_IW_GRDH_1SDV_20190122T155641_20190122T155710_014609_01B38C_DBD6.SAFE,2019-01-22T15:56:41
ow-0016,ow-0016.jpg,images/ow-0016.jpg,ow,1,water,ow-0016.xml,8,657,657,S1_20190122_155641_155735_VV_2,S1B_IW_GRDH_1SDV_20190122T155641_20190122T155710_014609_01B38C_DBD6.SAFE,2019-01-22T15:56:41
ow-0017,ow-0017.jpg,images/ow-0017.jpg,ow,1,water,ow-0017.xml,10,640,640,S1_20190122_155641_155735_VV_3,S1B_IW_GRDH_1SDV_20190122T155641_20190122T155710_014609_01B38C_DBD6.SAFE,2019-01-22T15:56:41
ow-0018,ow-0018.jpg,images/ow-0018.jpg,ow,1,water,ow-0018.xml,10,640,640,S1_20190122_155641_155735_VV_4,S1B_IW_GRDH_1SDV_20190122T155641_20190122T155710_014609_01B38C_DBD6.SAFE,2019-01-22T15:56:41
ow-0019,ow-0019.jpg,images/ow-0019.jpg,ow,1,water,ow-0019.xml,1,640,640,S1_20190122_155641_155735_VV_5,S1B_IW_GRDH_1SDV_20190122T155710_20190122T155735_014609_01B38C_4548.SAFE,2019-01-22T15:56:41
ow-0020,ow-0020.jpg,images/ow-0020.jpg,ow,1,water,ow-0020.xml,1,640,640,S1_20190122_155641_155735_VV_6,S1B_IW_GRDH_1SDV_20190122T155710_20190122T155735_014609_01B38C_4548.SAFE,2019-01-22T15:56:41
ow-0021,ow-0021.jpg,images/ow-0021.jpg,ow,1,water,ow-0021.xml,1,640,640,S1_20190123_035850_040029_VV_0,S1B_IW_GRDH_1SDV_20190123T035915_20190123T035940_014616_01B3CB_38CE.SAFE,2019-01-23T03:58:50
ow-0022,ow-0022.jpg,images/ow-0022.jpg,ow,1,water,ow-0022.xml,5,640,640,S1_20190123_035850_040029_VV_1,S1B_IW_GRDH_1SDV_20190123T035940_20190123T040005_014616_01B3CB_32E6.SAFE,2019-01-23T03:58:50
ow-0023,ow-0023.jpg,images/ow-0023.jpg,ow,1,water,ow-0023.xml,1,640,640,S1_20190123_035850_040029_VV_2,S1B_IW_GRDH_1SDV_20190123T035940_20190123T040005_014616_01B3CB_32E6.SAFE,2019-01-23T03:58:50
ow-0024,ow-0024.jpg,images/ow-0024.jpg,ow,1,water,ow-0024.xml,3,640,640,S1_20190123_035850_040029_VV_3,S1B_IW_GRDH_1SDV_20190123T035940_20190123T040005_014616_01B3CB_32E6.SAFE,2019-01-23T03:58:50
ow-0025,ow-0025.jpg,images/ow-0025.jpg,ow,1,water,ow-0025.xml,2,640,640,S1_20190123_035850_040029_VV_4,S1B_IW_GRDH_1SDV_20190123T035940_20190123T040005_014616_01B3CB_32E6.SAFE,2019-01-23T03:58:50
ow-0026,ow-0026.jpg,images/ow-0026.jpg,ow,1,water,ow-0026.xml,3,640,640,S1_20190123_035850_040029_VV_6,S1B_IW_GRDH_1SDV_20190123T035940_20190123T040005_014616_01B3CB_32E6.SAFE,2019-01-23T03:58:50
ow-0027,ow-0027.jpg,images/ow-0027.jpg,ow,1,water,ow-0027.xml,1,640,640,S1_20190123_035850_040029_VV_8,S1B_IW_GRDH_1SDV_20190123T035940_20190123T040005_014616_01B3CB_32E6.SAFE,2019-01-23T03:58:50
ow-0028,ow-0028.jpg,images/ow-0028.jpg,ow,1,water,ow-0028.xml,1,640,640,S1_20190129_154746_154926_VV_0,S1B_IW_GRDH_1SDV_20190129T154811_20190129T154836_014711_01B6D1_C6CA.SAFE,2019-01-29T15:47:46
ow-0029,ow-0029.jpg,images/ow-0029.jpg,ow,1,water,ow-0029.xml,1,640,640,S1_20190129_154746_154926_VV_1,S1B_IW_GRDH_1SDV_20190129T154811_20190129T154836_014711_01B6D1_C6CA.SAFE,2019-01-29T15:47:46
ow-0030,ow-0030.jpg,images/ow-0030.jpg,ow,1,water,ow-0030.xml,7,1912,1912,S1_20190130_035040_035219_VV_0,S1B_IW_GRDH_1SDV_20190130T035130_20190130T035155_014718_01B710_492E.SAFE,2019-01-30T03:50:40
ow-0031,ow-0031.jpg,images/ow-0031.jpg,ow,1,water,ow-0031.xml,10,640,640,S1_20190202_160449_160629_VV_0,S1A_IW_GRDH_1SDV_20190202T160514_20190202T160539_025753_02DD0D_CACF.SAFE,2019-02-02T16:04:49
ow-0032,ow-0032.jpg,images/ow-0032.jpg,ow,1,water,ow-0032.xml,2,640,640,S1_20190202_160449_160629_VV_1,S1A_IW_GRDH_1SDV_20190202T160514_20190202T160539_025753_02DD0D_CACF.SAFE,2019-02-02T16:04:49
ow-0033,ow-0033.jpg,images/ow-0033.jpg,ow,1,water,ow-0033.xml,3,640,640,S1_20190202_160449_160629_VV_2,S1A_IW_GRDH_1SDV_20190202T160514_20190202T160539_025753_02DD0D_CACF.SAFE,2019-02-02T16:04:49
ow-0034,ow-0034.jpg,images/ow-0034.jpg,ow,1,water,ow-0034.xml,1,640,640,S1_20190203_155641_155735_VV_0,S1B_IW_GRDH_1SDV_20190203T155710_20190203T155735_014784_01B937_1B6C.SAFE,2019-02-03T15:56:41
ow-0035,ow-0035.jpg,images/ow-0035.jpg,ow,1,water,ow-0035.xml,1,640,640,S1_20190208_160405_160545_VV_1,S1B_IW_GRDH_1SDV_20190208T160430_20190208T160455_014857_01BBA6_8575.SAFE,2019-02-08T16:04:05
ow-0036,ow-0036.jpg,images/ow-0036.jpg,ow,1,water,ow-0036.xml,1,640,640,S1_20190211_035040_035219_VV_1,S1B_IW_GRDH_1SDV_20190211T035130_20190211T035155_014893_01BCCD_79F7.SAFE,2019-02-11T03:50:40
ow-0037,ow-0037.jpg,images/ow-0037.jpg,ow,1,water,ow-0037.xml,1,1056,1056,S1_20190212_034257_034437_VV_0,S1A_IW_GRDH_1SDV_20190212T034322_20190212T034347_025891_02E1DC_948A.SAFE,2019-02-12T03:42:57
ow-0038,ow-0038.jpg,images/ow-0038.jpg,ow,1,water,ow-0038.xml,3,640,640,S1_20190212_034257_034437_VV_4,S1A_IW_GRDH_1SDV_20190212T034322_20190212T034347_025891_02E1DC_948A.SAFE,2019-02-12T03:42:57
ow-0039,ow-0039.jpg,images/ow-0039.jpg,ow,1,water,ow-0039.xml,4,640,640,S1_20190212_034257_034437_VV_5,S1A_IW_GRDH_1SDV_20190212T034322_20190212T034347_025891_02E1DC_948A.SAFE,2019-02-12T03:42:57
ow-0040,ow-0040.jpg,images/ow-0040.jpg,ow,1,water,ow-0040.xml,2,640,640,S1_20190212_034257_034437_VV_7,S1A_IW_GRDH_1SDV_20190212T034347_20190212T034412_025891_02E1DC_27C4.SAFE,2019-02-12T03:42:57
ow-0041,ow-0041.jpg,images/ow-0041.jpg,ow,1,water,ow-0041.xml,2,640,640,S1_20190217_035116_035258_VV_0,S1A_IW_GRDH_1SDV_20190217T035116_20190217T035141_025964_02E473_BCD6.SAFE,2019-02-17T03:51:16
ow-0042,ow-0042.jpg,images/ow-0042.jpg,ow,1,water,ow-0042.xml,1,640,640,S1_20190217_035116_035258_VV_3,S1A_IW_GRDH_1SDV_20190217T035206_20190217T035231_025964_02E473_9766.SAFE,2019-02-17T03:51:16
ow-0043,ow-0043.jpg,images/ow-0043.jpg,ow,1,water,ow-0043.xml,1,640,640,S1_20190218_034234_034349_VV_8,S1B_IW_GRDH_1SDV_20190218T034259_20190218T034324_014995_01C035_58C9.SAFE,2019-02-18T03:42:34
ow-0044,ow-0044.jpg,images/ow-0044.jpg,ow,1,water,ow-0044.xml,1,640,640,S1_20190218_034234_034349_VV_9,S1B_IW_GRDH_1SDV_20190218T034259_20190218T034324_014995_01C035_58C9.SAFE,2019-02-18T03:42:34
ow-0045,ow-0045.jpg,images/ow-0045.jpg,ow,1,water,ow-0045.xml,1,640,640,S1_20190219_033454_033634_VV_1,S1A_IW_GRDH_1SDV_20190219T033454_20190219T033519_025993_02E57A_9BA8.SAFE,2019-02-19T03:34:54
ow-0046,ow-0046.jpg,images/ow-0046.jpg,ow,1,water,ow-0046.xml,1,640,640,S1_20190221_155637_155817_VV_1,S1A_IW_GRDH_1SDV_20190221T155702_20190221T155727_026030_02E6CF_D766.SAFE;S1A_IW_GRDH_1SDV_20190221T155637_20190221T155702_026030_02E6CF_CB00.SAFE,2019-02-21T15:56:37
ow-0047,ow-0047.jpg,images/ow-0047.jpg,ow,1,water,ow-0047.xml,2,640,640,S1_20190221_155637_155817_VV_3,S1A_IW_GRDH_1SDV_20190221T155702_20190221T155727_026030_02E6CF_D766.SAFE,2019-02-21T15:56:37
ow-0048,ow-0048.jpg,images/ow-0048.jpg,ow,1,water,ow-0048.xml,2,640,640,S1_20190221_155637_155817_VV_4,S1A_IW_GRDH_1SDV_20190221T155702_20190221T155727_026030_02E6CF_D766.SAFE,2019-02-21T15:56:37
ow-0049,ow-0049.jpg,images/ow-0049.jpg,ow,1,water,ow-0049.xml,2,640,640,S1_20190221_155637_155817_VV_5,S1A_IW_GRDH_1SDV_20190221T155702_20190221T155727_026030_02E6CF_D766.SAFE,2019-02-21T15:56:37
ow-0050,ow-0050.jpg,images/ow-0050.jpg,ow,1,water,ow-0050.xml,1,640,640,S1_20190221_155637_155817_VV_6,S1A_IW_GRDH_1SDV_20190221T155702_20190221T155727_026030_02E6CF_D766.SAFE,2019-02-21T15:56:37
ow-0051,ow-0051.jpg,images/ow-0051.jpg,ow,1,water,ow-0051.xml,1,640,640,S1_20190222_035926_040106_VV_0,S1A_IW_GRDH_1SDV_20190222T040016_20190222T040041_026037_02E70F_FF4E.SAFE,2019-02-22T03:59:26
ow-0052,ow-0052.jpg,images/ow-0052.jpg,ow,1,water,ow-0052.xml,2,640,640,S1_20190222_035926_040106_VV_3,S1A_IW_GRDH_1SDV_20190222T040016_20190222T040041_026037_02E70F_FF4E.SAFE,2019-02-22T03:59:26
ow-0053,ow-0053.jpg,images/ow-0053.jpg,ow,1,water,ow-0053.xml,1,640,640,S1_20190222_035926_040106_VV_4,S1A_IW_GRDH_1SDV_20190222T040041_20190222T040106_026037_02E70F_5AD5.SAFE,2019-02-22T03:59:26
ow-0054,ow-0054.jpg,images/ow-0054.jpg,ow,1,water,ow-0054.xml,5,640,640,S1_20190222_154745_154925_VV_1,S1B_IW_GRDH_1SDV_20190222T154810_20190222T154835_015061_01C24C_9BBE.SAFE,2019-02-22T15:47:45
ow-0055,ow-0055.jpg,images/ow-0055.jpg,ow,1,water,ow-0055.xml,3,640,640,S1_20190222_154745_154925_VV_2,S1B_IW_GRDH_1SDV_20190222T154810_20190222T154835_015061_01C24C_9BBE.SAFE,2019-02-22T15:47:45
ow-0056,ow-0056.jpg,images/ow-0056.jpg,ow,1,water,ow-0056.xml,6,640,640,S1_20190222_154745_154925_VV_3,S1B_IW_GRDH_1SDV_20190222T154810_20190222T154835_015061_01C24C_9BBE.SAFE,2019-02-22T15:47:45
ow-0057,ow-0057.jpg,images/ow-0057.jpg,ow,1,water,ow-0057.xml,4,640,640,S1_20190222_154745_154925_VV_5,S1B_IW_GRDH_1SDV_20190222T154810_20190222T154835_015061_01C24C_9BBE.SAFE,2019-02-22T15:47:45
ow-0058,ow-0058.jpg,images/ow-0058.jpg,ow,1,water,ow-0058.xml,2,882,882,S1_20190223_035040_035219_VV_0,S1B_IW_GRDH_1SDV_20190223T035130_20190223T035155_015068_01C287_0DC8.SAFE,2019-02-23T03:50:40
ow-0059,ow-0059.jpg,images/ow-0059.jpg,ow,1,water,ow-0059.xml,6,640,640,S1_20190223_035040_035219_VV_4,S1B_IW_GRDH_1SDV_20190223T035130_20190223T035155_015068_01C287_0DC8.SAFE,2019-02-23T03:50:40
ow-0060,ow-0060.jpg,images/ow-0060.jpg,ow,1,water,ow-0060.xml,4,640,640,S1_20190224_034257_034437_VV_1,S1A_IW_GRDH_1SDV_20190224T034322_20190224T034347_026066_02E816_1321.SAFE,2019-02-24T03:42:57
ow-0061,ow-0061.jpg,images/ow-0061.jpg,ow,1,water,ow-0061.xml,1,640,640,S1_20190224_034257_034437_VV_2,S1A_IW_GRDH_1SDV_20190224T034322_20190224T034347_026066_02E816_1321.SAFE,2019-02-24T03:42:57
ow-0062,ow-0062.jpg,images/ow-0062.jpg,ow,1,water,ow-0062.xml,3,640,640,S1_20190224_034257_034437_VV_3,S1A_IW_GRDH_1SDV_20190224T034347_20190224T034412_026066_02E816_11C9.SAFE,2019-02-24T03:42:57
ow-0063,ow-0063.jpg,images/ow-0063.jpg,ow,1,water,ow-0063.xml,1,640,640,S1_20190304_160404_160544_VV_1,S1B_IW_GRDH_1SDV_20190304T160429_20190304T160454_015207_01C72A_60D4.SAFE,2019-03-04T16:04:04
ow-0064,ow-0064.jpg,images/ow-0064.jpg,ow,1,water,ow-0064.xml,8,783,783,S1_20190305_155637_155817_VV_0,S1A_IW_GRDH_1SDV_20190305T155727_20190305T155752_026205_02ED1B_9DEA.SAFE,2019-03-05T15:56:37
ow-0065,ow-0065.jpg,images/ow-0065.jpg,ow,1,water,ow-0065.xml,1,640,640,S1_20190305_155637_155817_VV_2,S1A_IW_GRDH_1SDV_20190305T155702_20190305T155727_026205_02ED1B_0DF1.SAFE,2019-03-05T15:56:37
ow-0066,ow-0066.jpg,images/ow-0066.jpg,ow,1,water,ow-0066.xml,1,640,640,S1_20190305_155637_155817_VV_3,S1A_IW_GRDH_1SDV_20190305T155702_20190305T155727_026205_02ED1B_0DF1.SAFE,2019-03-05T15:56:37
ow-0067,ow-0067.jpg,images/ow-0067.jpg,ow,1,water,ow-0067.xml,2,640,640,S1_20190305_155637_155817_VV_4,S1A_IW_GRDH_1SDV_20190305T155702_20190305T155727_026205_02ED1B_0DF1.SAFE,2019-03-05T15:56:37
ow-0068,ow-0068.jpg,images/ow-0068.jpg,ow,1,water,ow-0068.xml,2,640,640,S1_20190305_155637_155817_VV_5,S1A_IW_GRDH_1SDV_20190305T155727_20190305T155752_026205_02ED1B_9DEA.SAFE,2019-03-05T15:56:37
ow-0069,ow-0069.jpg,images/ow-0069.jpg,ow,1,water,ow-0069.xml,1,640,640,S1_20190305_155637_155817_VV_6,S1A_IW_GRDH_1SDV_20190305T155752_20190305T155817_026205_02ED1B_206C.SAFE;S1A_IW_GRDH_1SDV_20190305T155727_20190305T155752_026205_02ED1B_9DEA.SAFE,2019-03-05T15:56:37
ow-0070,ow-0070.jpg,images/ow-0070.jpg,ow,1,water,ow-0070.xml,2,640,640,S1_20190306_035926_040106_VV_0,S1A_IW_GRDH_1SDV_20190306T035951_20190306T040016_026212_02ED51_0951.SAFE;S1A_IW_GRDH_1SDV_20190306T035926_20190306T035951_026212_02ED51_1D32.SAFE,2019-03-06T03:59:26
ow-0071,ow-0071.jpg,images/ow-0071.jpg,ow,1,water,ow-0071.xml,5,640,640,S1_20190306_035926_040106_VV_2,S1A_IW_GRDH_1SDV_20190306T040041_20190306T040106_026212_02ED51_8E68.SAFE;S1A_IW_GRDH_1SDV_20190306T040016_20190306T040041_026212_02ED51_9536.SAFE,2019-03-06T03:59:26
ow-0072,ow-0072.jpg,images/ow-0072.jpg,ow,1,water,ow-0072.xml,9,640,640,S1_20190306_154745_154925_VV_1,S1B_IW_GRDH_1SDV_20190306T154810_20190306T154835_015236_01C814_5AC6.SAFE;S1B_IW_GRDH_1SDV_20190306T154745_20190306T154810_015236_01C814_B914.SAFE,2019-03-06T15:47:45
ow-0073,ow-0073.jpg,images/ow-0073.jpg,ow,1,water,ow-0073.xml,7,640,640,S1_20190306_154745_154925_VV_2,S1B_IW_GRDH_1SDV_20190306T154810_20190306T154835_015236_01C814_5AC6.SAFE;S1B_IW_GRDH_1SDV_20190306T154745_20190306T154810_015236_01C814_B914.SAFE,2019-03-06T15:47:45
ow-0074,ow-0074.jpg,images/ow-0074.jpg,ow,1,water,ow-0074.xml,5,640,640,S1_20190306_154745_154925_VV_3,S1B_IW_GRDH_1SDV_20190306T154810_20190306T154835_015236_01C814_5AC6.SAFE;S1B_IW_GRDH_1SDV_20190306T154745_20190306T154810_015236_01C814_B914.SAFE,2019-03-06T15:47:45
ow-0075,ow-0075.jpg,images/ow-0075.jpg,ow,1,water,ow-0075.xml,8,640,640,S1_20190306_154745_154925_VV_4,S1B_IW_GRDH_1SDV_20190306T154810_20190306T154835_015236_01C814_5AC6.SAFE;S1B_IW_GRDH_1SDV_20190306T154745_20190306T154810_015236_01C814_B914.SAFE,2019-03-06T15:47:45
ow-0076,ow-0076.jpg,images/ow-0076.jpg,ow,1,water,ow-0076.xml,1,640,640,S1_20190306_154745_154925_VV_5,S1B_IW_GRDH_1SDV_20190306T154810_20190306T154835_015236_01C814_5AC6.SAFE;S1B_IW_GRDH_1SDV_20190306T154745_20190306T154810_015236_01C814_B914.SAFE,2019-03-06T15:47:45
ow-0077,ow-0077.jpg,images/ow-0077.jpg,ow,1,water,ow-0077.xml,3,640,640,S1_20190306_154745_154925_VV_9,S1B_IW_GRDH_1SDV_20190306T154810_20190306T154835_015236_01C814_5AC6.SAFE,2019-03-06T15:47:45
ow-0078,ow-0078.jpg,images/ow-0078.jpg,ow,1,water,ow-0078.xml,5,640,640,S1_20190306_154745_154925_VV_11,S1B_IW_GRDH_1SDV_20190306T154810_20190306T154835_015236_01C814_5AC6.SAFE,2019-03-06T15:47:45
ow-0079,ow-0079.jpg,images/ow-0079.jpg,ow,1,water,ow-0079.xml,10,640,640,S1_20190306_154745_154925_VV_14,S1B_IW_GRDH_1SDV_20190306T154810_20190306T154835_015236_01C814_5AC6.SAFE,2019-03-06T15:47:45
ow-0080,ow-0080.jpg,images/ow-0080.jpg,ow,1,water,ow-0080.xml,4,640,640,S1_20190306_154745_154925_VV_16,S1B_IW_GRDH_1SDV_20190306T154810_20190306T154835_015236_01C814_5AC6.SAFE,2019-03-06T15:47:45
ow-0081,ow-0081.jpg,images/ow-0081.jpg,ow,1,water,ow-0081.xml,2,640,640,S1_20190306_154745_154925_VV_19,S1B_IW_GRDH_1SDV_20190306T154810_20190306T154835_015236_01C814_5AC6.SAFE,2019-03-06T15:47:45
ow-0082,ow-0082.jpg,images/ow-0082.jpg,ow,1,water,ow-0082.xml,2,640,640,S1_20190306_154745_154925_VV_20,S1B_IW_GRDH_1SDV_20190306T154810_20190306T154835_015236_01C814_5AC6.SAFE,2019-03-06T15:47:45
ow-0083,ow-0083.jpg,images/ow-0083.jpg,ow,1,water,ow-0083.xml,8,640,640,S1_20190306_154745_154925_VV_21,S1B_IW_GRDH_1SDV_20190306T154810_20190306T154835_015236_01C814_5AC6.SAFE,2019-03-06T15:47:45
ow-0084,ow-0084.jpg,images/ow-0084.jpg,ow,1,water,ow-0084.xml,1,640,640,S1_20190306_154745_154925_VV_22,S1B_IW_GRDH_1SDV_20190306T154810_20190306T154835_015236_01C814_5AC6.SAFE,2019-03-06T15:47:45
ow-0085,ow-0085.jpg,images/ow-0085.jpg,ow,1,water,ow-0085.xml,2,640,640,S1_20190306_154745_154925_VV_23,S1B_IW_GRDH_1SDV_20190306T154810_20190306T154835_015236_01C814_5AC6.SAFE,2019-03-06T15:47:45
ow-0086,ow-0086.jpg,images/ow-0086.jpg,ow,1,water,ow-0086.xml,1,640,640,S1_20190307_035039_035218_VV_0,S1B_IW_GRDH_1SDV_20190307T035129_20190307T035154_015243_01C850_97F9.SAFE;S1B_IW_GRDH_1SDV_20190307T035104_20190307T035129_015243_01C850_7057.SAFE,2019-03-07T03:50:39
ow-0087,ow-0087.jpg,images/ow-0087.jpg,ow,1,water,ow-0087.xml,1,640,640,S1_20190307_035039_035218_VV_1,S1B_IW_GRDH_1SDV_20190307T035129_20190307T035154_015243_01C850_97F9.SAFE,2019-03-07T03:50:39
ow-0088,ow-0088.jpg,images/ow-0088.jpg,ow,1,water,ow-0088.xml,2,640,640,S1_20190307_035039_035218_VV_3,S1B_IW_GRDH_1SDV_20190307T035129_20190307T035154_015243_01C850_97F9.SAFE,2019-03-07T03:50:39
ow-0089,ow-0089.jpg,images/ow-0089.jpg,ow,1,water,ow-0089.xml,3,640,640,S1_20190307_035039_035218_VV_6,S1B_IW_GRDH_1SDV_20190307T035129_20190307T035154_015243_01C850_97F9.SAFE,2019-03-07T03:50:39
ow-0090,ow-0090.jpg,images/ow-0090.jpg,ow,1,water,ow-0090.xml,2,640,640,S1_20190307_035039_035218_VV_7,S1B_IW_GRDH_1SDV_20190307T035129_20190307T035154_015243_01C850_97F9.SAFE,2019-03-07T03:50:39
ow-0091,ow-0091.jpg,images/ow-0091.jpg,ow,1,water,ow-0091.xml,2,640,640,S1_20190308_034257_034437_VV_4,S1A_IW_GRDH_1SDV_20190308T034412_20190308T034437_026241_02EE61_2777.SAFE,2019-03-08T03:42:57
ow-0092,ow-0092.jpg,images/ow-0092.jpg,ow,1,water,ow-0092.xml,3,640,640,S1_20190311_155609_155634_VV_0,S1B_IW_GRDH_1SDV_20190311T155609_20190311T155634_015309_01CA74_5487.SAFE,2019-03-11T15:56:09
ow-0093,ow-0093.jpg,images/ow-0093.jpg,ow,1,water,ow-0093.xml,2,640,640,S1_20190311_155609_155634_VV_3,S1B_IW_GRDH_1SDV_20190311T155609_20190311T155634_015309_01CA74_5487.SAFE,2019-03-11T15:56:09
ow-0094,ow-0094.jpg,images/ow-0094.jpg,ow,1,water,ow-0094.xml,1,640,640,S1_20190311_155609_155634_VV_4,S1B_IW_GRDH_1SDV_20190311T155609_20190311T155634_015309_01CA74_5487.SAFE,2019-03-11T15:56:09
ow-0095,ow-0095.jpg,images/ow-0095.jpg,ow,1,water,ow-0095.xml,1,640,640,S1_20190311_155609_155634_VV_5,S1B_IW_GRDH_1SDV_20190311T155609_20190311T155634_015309_01CA74_5487.SAFE,2019-03-11T15:56:09
ow-0096,ow-0096.jpg,images/ow-0096.jpg,ow,1,water,ow-0096.xml,3,640,640,S1_20190311_155609_155634_VV_6,S1B_IW_GRDH_1SDV_20190311T155609_20190311T155634_015309_01CA74_5487.SAFE,2019-03-11T15:56:09
ow-0097,ow-0097.jpg,images/ow-0097.jpg,ow,1,water,ow-0097.xml,3,640,640,S1_20190311_155609_155634_VV_7,S1B_IW_GRDH_1SDV_20190311T155609_20190311T155634_015309_01CA74_5487.SAFE,2019-03-11T15:56:09
ow-0098,ow-0098.jpg,images/ow-0098.jpg,ow,1,water,ow-0098.xml,1,640,640,S1_20190311_155640_155734_VV_0,S1B_IW_GRDH_1SDV_20190311T155640_20190311T155709_015309_01CA75_E0AC.SAFE,2019-03-11T15:56:40
ow-0099,ow-0099.jpg,images/ow-0099.jpg,ow,1,water,ow-0099.xml,3,1191,1191,S1_20190312_035849_040029_VV_0,S1B_IW_GRDH_1SDV_20190312T035849_20190312T035914_015316_01CAB5_BF4A.SAFE,2019-03-12T03:58:49
ow-0100,ow-0100.jpg,images/ow-0100.jpg,ow,1,water,ow-0100.xml,2,640,640,S1_20190312_035849_040029_VV_3,S1B_IW_GRDH_1SDV_20190312T035849_20190312T035914_015316_01CAB5_BF4A.SAFE,2019-03-12T03:58:49
ow-0101,ow-0101.jpg,images/ow-0101.jpg,ow,1,water,ow-0101.xml,1,640,640,S1_20190312_035849_040029_VV_4,S1B_IW_GRDH_1SDV_20190312T035849_20190312T035914_015316_01CAB5_BF4A.SAFE,2019-03-12T03:58:49
ow-0102,ow-0102.jpg,images/ow-0102.jpg,ow,1,water,ow-0102.xml,1,640,640,S1_20190312_035849_040029_VV_5,S1B_IW_GRDH_1SDV_20190312T035914_20190312T035939_015316_01CAB5_A5CE.SAFE,2019-03-12T03:58:49
ow-0103,ow-0103.jpg,images/ow-0103.jpg,ow,1,water,ow-0103.xml,3,640,640,S1_20190312_035849_040029_VV_9,S1B_IW_GRDH_1SDV_20190312T035939_20190312T040004_015316_01CAB5_09EE.SAFE,2019-03-12T03:58:49
ow-0104,ow-0104.jpg,images/ow-0104.jpg,ow,1,water,ow-0104.xml,3,640,640,S1_20190312_035849_040029_VV_10,S1B_IW_GRDH_1SDV_20190312T035939_20190312T040004_015316_01CAB5_09EE.SAFE,2019-03-12T03:58:49
ow-0105,ow-0105.jpg,images/ow-0105.jpg,ow,1,water,ow-0105.xml,2,640,640,S1_20190312_035849_040029_VV_11,S1B_IW_GRDH_1SDV_20190312T035939_20190312T040004_015316_01CAB5_09EE.SAFE,2019-03-12T03:58:49
ow-0106,ow-0106.jpg,images/ow-0106.jpg,ow,1,water,ow-0106.xml,9,874,874,S1_20190312_035849_040029_VV_12,S1B_IW_GRDH_1SDV_20190312T035939_20190312T040004_015316_01CAB5_09EE.SAFE,2019-03-12T03:58:49
ow-0107,ow-0107.jpg,images/ow-0107.jpg,ow,1,water,ow-0107.xml,4,640,640,S1_20190312_035849_040029_VV_13,S1B_IW_GRDH_1SDV_20190312T035939_20190312T040004_015316_01CAB5_09EE.SAFE,2019-03-12T03:58:49
ow-0108,ow-0108.jpg,images/ow-0108.jpg,ow,1,water,ow-0108.xml,1,640,640,S1_20190312_154835_155015_VV_1,S1A_IW_GRDH_1SDV_20190312T154835_20190312T154900_026307_02F0D5_EA94.SAFE,2019-03-12T15:48:35
ow-0109,ow-0109.jpg,images/ow-0109.jpg,ow,1,water,ow-0109.xml,1,640,640,S1_20190312_154835_155015_VV_2,S1A_IW_GRDH_1SDV_20190312T154900_20190312T154925_026307_02F0D5_5A39.SAFE,2019-03-12T15:48:35
ow-0110,ow-0110.jpg,images/ow-0110.jpg,ow,1,water,ow-0110.xml,1,640,640,S1_20190313_035116_035258_VV_1,S1A_IW_GRDH_1SDV_20190313T035141_20190313T035206_026314_02F112_DA9D.SAFE,2019-03-13T03:51:16
ow-0111,ow-0111.jpg,images/ow-0111.jpg,ow,1,water,ow-0111.xml,2,640,640,S1_20190313_035116_035258_VV_2,S1A_IW_GRDH_1SDV_20190313T035141_20190313T035206_026314_02F112_DA9D.SAFE,2019-03-13T03:51:16
ow-0112,ow-0112.jpg,images/ow-0112.jpg,ow,1,water,ow-0112.xml,1,640,640,S1_20190313_035116_035258_VV_3,S1A_IW_GRDH_1SDV_20190313T035141_20190313T035206_026314_02F112_DA9D.SAFE,2019-03-13T03:51:16
ow-0113,ow-0113.jpg,images/ow-0113.jpg,ow,1,water,ow-0113.xml,5,640,640,S1_20190313_035116_035258_VV_5,S1A_IW_GRDH_1SDV_20190313T035206_20190313T035231_026314_02F112_B938.SAFE,2019-03-13T03:51:16
ow-0114,ow-0114.jpg,images/ow-0114.jpg,ow,1,water,ow-0114.xml,1,640,640,S1_20190313_035116_035258_VV_6,S1A_IW_GRDH_1SDV_20190313T035206_20190313T035231_026314_02F112_B938.SAFE,2019-03-13T03:51:16
ow-0115,ow-0115.jpg,images/ow-0115.jpg,ow,1,water,ow-0115.xml,2,640,640,S1_20190313_035116_035258_VV_8,S1A_IW_GRDH_1SDV_20190313T035231_20190313T035258_026314_02F112_380A.SAFE;S1A_IW_GRDH_1SDV_20190313T035206_20190313T035231_026314_02F112_B938.SAFE,2019-03-13T03:51:16
ow-0116,ow-0116.jpg,images/ow-0116.jpg,ow,1,water,ow-0116.xml,5,640,640,S1_20190318_154745_154925_VV_1,S1B_IW_GRDH_1SDV_20190318T154810_20190318T154835_015411_01CDBD_41F5.SAFE;S1B_IW_GRDH_1SDV_20190318T154745_20190318T154810_015411_01CDBD_E506.SAFE,2019-03-18T15:47:45
ow-0117,ow-0117.jpg,images/ow-0117.jpg,ow,1,water,ow-0117.xml,4,640,640,S1_20190318_154745_154925_VV_4,S1B_IW_GRDH_1SDV_20190318T154810_20190318T154835_015411_01CDBD_41F5.SAFE,2019-03-18T15:47:45
ow-0118,ow-0118.jpg,images/ow-0118.jpg,ow,1,water,ow-0118.xml,11,640,640,S1_20190318_154745_154925_VV_9,S1B_IW_GRDH_1SDV_20190318T154810_20190318T154835_015411_01CDBD_41F5.SAFE,2019-03-18T15:47:45
ow-0119,ow-0119.jpg,images/ow-0119.jpg,ow,1,water,ow-0119.xml,1,640,640,S1_20190318_154745_154925_VV_11,S1B_IW_GRDH_1SDV_20190318T154810_20190318T154835_015411_01CDBD_41F5.SAFE,2019-03-18T15:47:45
ow-0120,ow-0120.jpg,images/ow-0120.jpg,ow,1,water,ow-0120.xml,1,640,640,S1_20190318_154745_154925_VV_12,S1B_IW_GRDH_1SDV_20190318T154810_20190318T154835_015411_01CDBD_41F5.SAFE,2019-03-18T15:47:45
ow-0121,ow-0121.jpg,images/ow-0121.jpg,ow,1,water,ow-0121.xml,1,640,640,S1_20190318_154745_154925_VV_13,S1B_IW_GRDH_1SDV_20190318T154810_20190318T154835_015411_01CDBD_41F5.SAFE,2019-03-18T15:47:45
ow-0122,ow-0122.jpg,images/ow-0122.jpg,ow,1,water,ow-0122.xml,2,640,640,S1_20190319_035039_035218_VV_0,S1B_IW_GRDH_1SDV_20190319T035039_20190319T035104_015418_01CDFB_172B.SAFE,2019-03-19T03:50:39
ow-0123,ow-0123.jpg,images/ow-0123.jpg,ow,1,water,ow-0123.xml,1,640,640,S1_20190319_035039_035218_VV_1,S1B_IW_GRDH_1SDV_20190319T035104_20190319T035129_015418_01CDFB_86C8.SAFE,2019-03-19T03:50:39
ow-0124,ow-0124.jpg,images/ow-0124.jpg,ow,1,water,ow-0124.xml,4,640,640,S1_20190319_035039_035218_VV_2,S1B_IW_GRDH_1SDV_20190319T035129_20190319T035154_015418_01CDFB_0728.SAFE,2019-03-19T03:50:39
ow-0125,ow-0125.jpg,images/ow-0125.jpg,ow,1,water,ow-0125.xml,1,640,640,S1_20190319_035039_035218_VV_3,S1B_IW_GRDH_1SDV_20190319T035129_20190319T035154_015418_01CDFB_0728.SAFE,2019-03-19T03:50:39
ow-0126,ow-0126.jpg,images/ow-0126.jpg,ow,1,water,ow-0126.xml,2,640,640,S1_20190319_035039_035218_VV_4,S1B_IW_GRDH_1SDV_20190319T035129_20190319T035154_015418_01CDFB_0728.SAFE,2019-03-19T03:50:39
ow-0127,ow-0127.jpg,images/ow-0127.jpg,ow,1,water,ow-0127.xml,1,640,640,S1_20190319_035039_035218_VV_5,S1B_IW_GRDH_1SDV_20190319T035129_20190319T035154_015418_01CDFB_0728.SAFE,2019-03-19T03:50:39
ow-0128,ow-0128.jpg,images/ow-0128.jpg,ow,1,water,ow-0128.xml,1,640,640,S1_20190319_035039_035218_VV_6,S1B_IW_GRDH_1SDV_20190319T035129_20190319T035154_015418_01CDFB_0728.SAFE,2019-03-19T03:50:39
ow-0129,ow-0129.jpg,images/ow-0129.jpg,ow,1,water,ow-0129.xml,1,640,640,S1_20190319_035039_035218_VV_7,S1B_IW_GRDH_1SDV_20190319T035129_20190319T035154_015418_01CDFB_0728.SAFE,2019-03-19T03:50:39
ow-0130,ow-0130.jpg,images/ow-0130.jpg,ow,1,water,ow-0130.xml,3,640,640,S1_20190319_154007_154147_VV_1,S1A_IW_GRDH_1SDV_20190319T154057_20190319T154122_026409_02F495_3769.SAFE,2019-03-19T15:40:07
ow-0131,ow-0131.jpg,images/ow-0131.jpg,ow,1,water,ow-0131.xml,1,640,640,S1_20190319_154007_154147_VV_3,S1A_IW_GRDH_1SDV_20190319T154122_20190319T154147_026409_02F495_4D5C.SAFE;S1A_IW_GRDH_1SDV_20190319T154057_20190319T154122_026409_02F495_3769.SAFE,2019-03-19T15:40:07
ow-0132,ow-0132.jpg,images/ow-0132.jpg,ow,1,water,ow-0132.xml,1,1700,1700,S1_20190320_034257_034437_VV_0,S1A_IW_GRDH_1SDV_20190320T034322_20190320T034347_026416_02F4D4_B411.SAFE,2019-03-20T03:42:57
ow-0133,ow-0133.jpg,images/ow-0133.jpg,ow,1,water,ow-0133.xml,1,640,640,S1_20190320_034257_034437_VV_6,S1A_IW_GRDH_1SDV_20190320T034412_20190320T034437_026416_02F4D4_1A96.SAFE,2019-03-20T03:42:57
ow-0134,ow-0134.jpg,images/ow-0134.jpg,ow,1,water,ow-0134.xml,1,640,640,S1_20190320_153127_153307_VV_0,S1B_IW_GRDH_1SDV_20190320T153217_20190320T153242_015440_01CEAD_0499.SAFE,2019-03-20T15:31:27
ow-0135,ow-0135.jpg,images/ow-0135.jpg,ow,1,water,ow-0135.xml,2,640,640,S1_20190323_155609_155634_VV_1,S1B_IW_GRDH_1SDV_20190323T155609_20190323T155634_015484_01D019_131C.SAFE,2019-03-23T15:56:09
ow-0136,ow-0136.jpg,images/ow-0136.jpg,ow,1,water,ow-0136.xml,1,640,640,S1_20190323_155609_155634_VV_2,S1B_IW_GRDH_1SDV_20190323T155609_20190323T155634_015484_01D019_131C.SAFE,2019-03-23T15:56:09
ow-0137,ow-0137.jpg,images/ow-0137.jpg,ow,1,water,ow-0137.xml,1,640,640,S1_20190323_155609_155634_VV_3,S1B_IW_GRDH_1SDV_20190323T155609_20190323T155634_015484_01D019_131C.SAFE,2019-03-23T15:56:09
ow-0138,ow-0138.jpg,images/ow-0138.jpg,ow,1,water,ow-0138.xml,2,1256,1256,S1_20190323_155640_155734_VV_0,S1B_IW_GRDH_1SDV_20190323T155640_20190323T155709_015484_01D01A_DA9D.SAFE,2019-03-23T15:56:40
ow-0139,ow-0139.jpg,images/ow-0139.jpg,ow,1,water,ow-0139.xml,1,640,640,S1_20190323_155640_155734_VV_2,S1B_IW_GRDH_1SDV_20190323T155640_20190323T155709_015484_01D01A_DA9D.SAFE,2019-03-23T15:56:40
ow-0140,ow-0140.jpg,images/ow-0140.jpg,ow,1,water,ow-0140.xml,4,640,640,S1_20190323_155640_155734_VV_3,S1B_IW_GRDH_1SDV_20190323T155640_20190323T155709_015484_01D01A_DA9D.SAFE,2019-03-23T15:56:40
ow-0141,ow-0141.jpg,images/ow-0141.jpg,ow,1,water,ow-0141.xml,2,640,640,S1_20190323_155640_155734_VV_5,S1B_IW_GRDH_1SDV_20190323T155640_20190323T155709_015484_01D01A_DA9D.SAFE,2019-03-23T15:56:40
ow-0142,ow-0142.jpg,images/ow-0142.jpg,ow,1,water,ow-0142.xml,1,640,640,S1_20190324_154836_155016_VV_0,S1A_IW_GRDH_1SDV_20190324T154901_20190324T154926_026482_02F74C_6168.SAFE,2019-03-24T15:48:36
ow-0143,ow-0143.jpg,images/ow-0143.jpg,ow,1,water,ow-0143.xml,1,640,640,S1_20190324_154836_155016_VV_1,S1A_IW_GRDH_1SDV_20190324T154901_20190324T154926_026482_02F74C_6168.SAFE,2019-03-24T15:48:36
ow-0144,ow-0144.jpg,images/ow-0144.jpg,ow,1,water,ow-0144.xml,1,1332,1332,S1_20190325_035117_035258_VV_0,S1A_IW_GRDH_1SDV_20190325T035207_20190325T035232_026489_02F78B_61BC.SAFE,2019-03-25T03:51:17
ow-0145,ow-0145.jpg,images/ow-0145.jpg,ow,1,water,ow-0145.xml,1,640,640,S1_20190325_035117_035258_VV_1,S1A_IW_GRDH_1SDV_20190325T035142_20190325T035207_026489_02F78B_D467.SAFE,2019-03-25T03:51:17
ow-0146,ow-0146.jpg,images/ow-0146.jpg,ow,1,water,ow-0146.xml,3,640,640,S1_20190325_035117_035258_VV_2,S1A_IW_GRDH_1SDV_20190325T035207_20190325T035232_026489_02F78B_61BC.SAFE,2019-03-25T03:51:17
ow-0147,ow-0147.jpg,images/ow-0147.jpg,ow,1,water,ow-0147.xml,1,640,640,S1_20190325_035117_035258_VV_4,S1A_IW_GRDH_1SDV_20190325T035207_20190325T035232_026489_02F78B_61BC.SAFE,2019-03-25T03:51:17
ow-0148,ow-0148.jpg,images/ow-0148.jpg,ow,1,water,ow-0148.xml,1,640,640,S1_20190325_035117_035258_VV_5,S1A_IW_GRDH_1SDV_20190325T035207_20190325T035232_026489_02F78B_61BC.SAFE,2019-03-25T03:51:17
ow-0149,ow-0149.jpg,images/ow-0149.jpg,ow,1,water,ow-0149.xml,1,640,640,S1_20190325_035117_035258_VV_6,S1A_IW_GRDH_1SDV_20190325T035207_20190325T035232_026489_02F78B_61BC.SAFE,2019-03-25T03:51:17
ow-0150,ow-0150.jpg,images/ow-0150.jpg,ow,1,water,ow-0150.xml,1,640,640,S1_20190329_155637_155817_VV_0,S1A_IW_GRDH_1SDV_20190329T155702_20190329T155727_026555_02F9F6_EC3A.SAFE,2019-03-29T15:56:37
ow-0151,ow-0151.jpg,images/ow-0151.jpg,ow,1,water,ow-0151.xml,1,640,640,S1_20190330_154745_154925_VV_0,S1B_IW_GRDH_1SDV_20190330T154835_20190330T154900_015586_01D376_146D.SAFE,2019-03-30T15:47:45
ow-0152,ow-0152.jpg,images/ow-0152.jpg,ow,1,water,ow-0152.xml,1,640,640,S1_20190330_154745_154925_VV_3,S1B_IW_GRDH_1SDV_20190330T154835_20190330T154900_015586_01D376_146D.SAFE,2019-03-30T15:47:45
ow-0153,ow-0153.jpg,images/ow-0153.jpg,ow,1,water,ow-0153.xml,1,640,640,S1_20190401_034257_034437_VV_0,S1A_IW_GRDH_1SDV_20190401T034322_20190401T034347_026591_02FB4C_1C41.SAFE,2019-04-01T03:42:57
ow-0154,ow-0154.jpg,images/ow-0154.jpg,ow,1,water,ow-0154.xml,1,640,640,S1_20190401_034257_034437_VV_1,S1A_IW_GRDH_1SDV_20190401T034322_20190401T034347_026591_02FB4C_1C41.SAFE,2019-04-01T03:42:57
ow-0155,ow-0155.jpg,images/ow-0155.jpg,ow,1,water,ow-0155.xml,2,640,640,S1_20190404_155610_155635_VV_7,S1B_IW_GRDH_1SDV_20190404T155610_20190404T155635_015659_01D5E2_CCBC.SAFE,2019-04-04T15:56:10
ow-0156,ow-0156.jpg,images/ow-0156.jpg,ow,1,water,ow-0156.xml,7,640,640,S1_20190404_155610_155635_VV_8,S1B_IW_GRDH_1SDV_20190404T155610_20190404T155635_015659_01D5E2_CCBC.SAFE,2019-04-04T15:56:10
ow-0157,ow-0157.jpg,images/ow-0157.jpg,ow,1,water,ow-0157.xml,2,640,640,S1_20190404_155610_155635_VV_9,S1B_IW_GRDH_1SDV_20190404T155610_20190404T155635_015659_01D5E2_CCBC.SAFE,2019-04-04T15:56:10
ow-0158,ow-0158.jpg,images/ow-0158.jpg,ow,1,water,ow-0158.xml,5,640,640,S1_20190404_155610_155635_VV_10,S1B_IW_GRDH_1SDV_20190404T155610_20190404T155635_015659_01D5E2_CCBC.SAFE,2019-04-04T15:56:10
ow-0159,ow-0159.jpg,images/ow-0159.jpg,ow,1,water,ow-0159.xml,3,640,640,S1_20190404_155610_155635_VV_11,S1B_IW_GRDH_1SDV_20190404T155610_20190404T155635_015659_01D5E2_CCBC.SAFE,2019-04-04T15:56:10
ow-0160,ow-0160.jpg,images/ow-0160.jpg,ow,1,water,ow-0160.xml,8,640,640,S1_20190404_155610_155635_VV_12,S1B_IW_GRDH_1SDV_20190404T155610_20190404T155635_015659_01D5E2_CCBC.SAFE,2019-04-04T15:56:10
ow-0161,ow-0161.jpg,images/ow-0161.jpg,ow,1,water,ow-0161.xml,1,640,640,S1_20190404_155610_155635_VV_13,S1B_IW_GRDH_1SDV_20190404T155610_20190404T155635_015659_01D5E2_CCBC.SAFE,2019-04-04T15:56:10
ow-0162,ow-0162.jpg,images/ow-0162.jpg,ow,1,water,ow-0162.xml,3,640,640,S1_20190405_035850_040029_VV_0,S1B_IW_GRDH_1SDV_20190405T035850_20190405T035915_015666_01D628_CFEF.SAFE,2019-04-05T03:58:50
ow-0163,ow-0163.jpg,images/ow-0163.jpg,ow,1,water,ow-0163.xml,3,640,640,S1_20190405_035850_040029_VV_1,S1B_IW_GRDH_1SDV_20190405T035850_20190405T035915_015666_01D628_CFEF.SAFE,2019-04-05T03:58:50
ow-0164,ow-0164.jpg,images/ow-0164.jpg,ow,1,water,ow-0164.xml,1,640,640,S1_20190405_035850_040029_VV_2,S1B_IW_GRDH_1SDV_20190405T035940_20190405T040005_015666_01D628_676F.SAFE,2019-04-05T03:58:50
ow-0165,ow-0165.jpg,images/ow-0165.jpg,ow,1,water,ow-0165.xml,3,640,640,S1_20190405_035850_040029_VV_3,S1B_IW_GRDH_1SDV_20190405T035940_20190405T040005_015666_01D628_676F.SAFE,2019-04-05T03:58:50
ow-0166,ow-0166.jpg,images/ow-0166.jpg,ow,1,water,ow-0166.xml,14,640,640,S1_20190405_035850_040029_VV_8,S1B_IW_GRDH_1SDV_20190405T035940_20190405T040005_015666_01D628_676F.SAFE,2019-04-05T03:58:50
ow-0167,ow-0167.jpg,images/ow-0167.jpg,ow,1,water,ow-0167.xml,3,640,640,S1_20190405_035850_040029_VV_9,S1B_IW_GRDH_1SDV_20190405T035940_20190405T040005_015666_01D628_676F.SAFE,2019-04-05T03:58:50
ow-0168,ow-0168.jpg,images/ow-0168.jpg,ow,1,water,ow-0168.xml,1,640,640,S1_20190405_154836_155016_VV_2,S1A_IW_GRDH_1SDV_20190405T154836_20190405T154901_026657_02FDC3_95CA.SAFE,2019-04-05T15:48:36
ow-0169,ow-0169.jpg,images/ow-0169.jpg,ow,1,water,ow-0169.xml,3,640,640,S1_20190405_154836_155016_VV_8,S1A_IW_GRDH_1SDV_20190405T154836_20190405T154901_026657_02FDC3_95CA.SAFE,2019-04-05T15:48:36
ow-0170,ow-0170.jpg,images/ow-0170.jpg,ow,1,water,ow-0170.xml,9,640,640,S1_20190405_154836_155016_VV_15,S1A_IW_GRDH_1SDV_20190405T154901_20190405T154926_026657_02FDC3_00D2.SAFE;S1A_IW_GRDH_1SDV_20190405T154836_20190405T154901_026657_02FDC3_95CA.SAFE,2019-04-05T15:48:36
ow-0171,ow-0171.jpg,images/ow-0171.jpg,ow,1,water,ow-0171.xml,1,640,640,S1_20190405_154836_155016_VV_17,S1A_IW_GRDH_1SDV_20190405T154901_20190405T154926_026657_02FDC3_00D2.SAFE,2019-04-05T15:48:36
ow-0172,ow-0172.jpg,images/ow-0172.jpg,ow,1,water,ow-0172.xml,1,640,640,S1_20190405_154836_155016_VV_18,S1A_IW_GRDH_1SDV_20190405T154901_20190405T154926_026657_02FDC3_00D2.SAFE,2019-04-05T15:48:36
ow-0173,ow-0173.jpg,images/ow-0173.jpg,ow,1,water,ow-0173.xml,2,640,640,S1_20190405_154836_155016_VV_19,S1A_IW_GRDH_1SDV_20190405T154901_20190405T154926_026657_02FDC3_00D2.SAFE,2019-04-05T15:48:36
ow-0174,ow-0174.jpg,images/ow-0174.jpg,ow,1,water,ow-0174.xml,1,640,640,S1_20190405_154836_155016_VV_20,S1A_IW_GRDH_1SDV_20190405T154926_20190405T154951_026657_02FDC3_6F15.SAFE,2019-04-05T15:48:36
ow-0175,ow-0175.jpg,images/ow-0175.jpg,ow,1,water,ow-0175.xml,9,1032,1032,S1_20190406_035117_035258_VV_0,S1A_IW_GRDH_1SDV_20190406T035207_20190406T035232_026664_02FE02_3AA5.SAFE,2019-04-06T03:51:17
ow-0176,ow-0176.jpg,images/ow-0176.jpg,ow,1,water,ow-0176.xml,1,640,640,S1_20190406_035117_035258_VV_3,S1A_IW_GRDH_1SDV_20190406T035142_20190406T035207_026664_02FE02_BB0A.SAFE,2019-04-06T03:51:17
ow-0177,ow-0177.jpg,images/ow-0177.jpg,ow,1,water,ow-0177.xml,1,640,640,S1_20190406_035117_035258_VV_4,S1A_IW_GRDH_1SDV_20190406T035207_20190406T035232_026664_02FE02_3AA5.SAFE;S1A_IW_GRDH_1SDV_20190406T035142_20190406T035207_026664_02FE02_BB0A.SAFE,2019-04-06T03:51:17
ow-0178,ow-0178.jpg,images/ow-0178.jpg,ow,1,water,ow-0178.xml,2,640,640,S1_20190406_035117_035258_VV_5,S1A_IW_GRDH_1SDV_20190406T035207_20190406T035232_026664_02FE02_3AA5.SAFE,2019-04-06T03:51:17
ow-0179,ow-0179.jpg,images/ow-0179.jpg,ow,1,water,ow-0179.xml,1,640,640,S1_20190406_035117_035258_VV_6,S1A_IW_GRDH_1SDV_20190406T035207_20190406T035232_026664_02FE02_3AA5.SAFE,2019-04-06T03:51:17
ow-0180,ow-0180.jpg,images/ow-0180.jpg,ow,1,water,ow-0180.xml,2,640,640,S1_20190406_035117_035258_VV_7,S1A_IW_GRDH_1SDV_20190406T035232_20190406T035258_026664_02FE02_55D2.SAFE,2019-04-06T03:51:17
ow-0181,ow-0181.jpg,images/ow-0181.jpg,ow,1,water,ow-0181.xml,3,640,640,S1_20190406_153942_154057_VV_2,S1B_IW_GRDH_1SDV_20190406T154032_20190406T154057_015688_01D6ED_B234.SAFE,2019-04-06T15:39:42
ow-0182,ow-0182.jpg,images/ow-0182.jpg,ow,1,water,ow-0182.xml,7,640,640,S1_20190406_153942_154057_VV_3,S1B_IW_GRDH_1SDV_20190406T154032_20190406T154057_015688_01D6ED_B234.SAFE,2019-04-06T15:39:42
ow-0183,ow-0183.jpg,images/ow-0183.jpg,ow,1,water,ow-0183.xml,1,640,640,S1_20190406_153942_154057_VV_4,S1B_IW_GRDH_1SDV_20190406T154032_20190406T154057_015688_01D6ED_B234.SAFE,2019-04-06T15:39:42
ow-0184,ow-0184.jpg,images/ow-0184.jpg,ow,1,water,ow-0184.xml,1,640,640,S1_20190406_153942_154057_VV_5,S1B_IW_GRDH_1SDV_20190406T154032_20190406T154057_015688_01D6ED_B234.SAFE,2019-04-06T15:39:42
ow-0185,ow-0185.jpg,images/ow-0185.jpg,ow,1,water,ow-0185.xml,1,640,640,S1_20190407_034234_034349_VV_2,S1B_IW_GRDH_1SDV_20190407T034259_20190407T034324_015695_01D728_6F12.SAFE,2019-04-07T03:42:34
ow-0186,ow-0186.jpg,images/ow-0186.jpg,ow,1,water,ow-0186.xml,1,640,640,S1_20190408_033454_033634_VV_0,S1A_IW_GRDH_1SDV_20190408T033454_20190408T033519_026693_02FF08_729E.SAFE,2019-04-08T03:34:54
ow-0187,ow-0187.jpg,images/ow-0187.jpg,ow,1,water,ow-0187.xml,3,640,640,S1_20190410_155637_155817_VV_5,S1A_IW_GRDH_1SDV_20190410T155702_20190410T155727_026730_030069_18D5.SAFE,2019-04-10T15:56:37
ow-0188,ow-0188.jpg,images/ow-0188.jpg,ow,1,water,ow-0188.xml,1,640,640,S1_20190410_155637_155817_VV_7,S1A_IW_GRDH_1SDV_20190410T155702_20190410T155727_026730_030069_18D5.SAFE,2019-04-10T15:56:37
ow-0189,ow-0189.jpg,images/ow-0189.jpg,ow,1,water,ow-0189.xml,2,640,640,S1_20190411_154746_154926_VV_1,S1B_IW_GRDH_1SDV_20190411T154811_20190411T154836_015761_01D947_1908.SAFE,2019-04-11T15:47:46
ow-0190,ow-0190.jpg,images/ow-0190.jpg,ow,1,water,ow-0190.xml,5,640,640,S1_20190411_154746_154926_VV_2,S1B_IW_GRDH_1SDV_20190411T154811_20190411T154836_015761_01D947_1908.SAFE,2019-04-11T15:47:46
ow-0191,ow-0191.jpg,images/ow-0191.jpg,ow,1,water,ow-0191.xml,3,640,640,S1_20190411_154746_154926_VV_4,S1B_IW_GRDH_1SDV_20190411T154811_20190411T154836_015761_01D947_1908.SAFE,2019-04-11T15:47:46
ow-0192,ow-0192.jpg,images/ow-0192.jpg,ow,1,water,ow-0192.xml,1,640,640,S1_20190411_154746_154926_VV_5,S1B_IW_GRDH_1SDV_20190411T154836_20190411T154901_015761_01D947_D398.SAFE,2019-04-11T15:47:46
ow-0193,ow-0193.jpg,images/ow-0193.jpg,ow,1,water,ow-0193.xml,2,640,640,S1_20190411_154746_154926_VV_6,S1B_IW_GRDH_1SDV_20190411T154836_20190411T154901_015761_01D947_D398.SAFE,2019-04-11T15:47:46
ow-0194,ow-0194.jpg,images/ow-0194.jpg,ow,1,water,ow-0194.xml,2,640,640,S1_20190411_154746_154926_VV_7,S1B_IW_GRDH_1SDV_20190411T154836_20190411T154901_015761_01D947_D398.SAFE,2019-04-11T15:47:46
ow-0195,ow-0195.jpg,images/ow-0195.jpg,ow,1,water,ow-0195.xml,4,640,640,S1_20190411_154746_154926_VV_8,S1B_IW_GRDH_1SDV_20190411T154836_20190411T154901_015761_01D947_D398.SAFE,2019-04-11T15:47:46
ow-0196,ow-0196.jpg,images/ow-0196.jpg,ow,1,water,ow-0196.xml,1,894,894,S1_20190412_035040_035219_VV_0,S1B_IW_GRDH_1SDV_20190412T035105_20190412T035130_015768_01D985_01C9.SAFE,2019-04-12T03:50:40
ow-0197,ow-0197.jpg,images/ow-0197.jpg,ow,1,water,ow-0197.xml,1,640,640,S1_20190412_035040_035219_VV_2,S1B_IW_GRDH_1SDV_20190412T035040_20190412T035105_015768_01D985_9F88.SAFE,2019-04-12T03:50:40
ow-0198,ow-0198.jpg,images/ow-0198.jpg,ow,1,water,ow-0198.xml,3,640,640,S1_20190412_035040_035219_VV_3,S1B_IW_GRDH_1SDV_20190412T035105_20190412T035130_015768_01D985_01C9.SAFE,2019-04-12T03:50:40
ow-0199,ow-0199.jpg,images/ow-0199.jpg,ow,1,water,ow-0199.xml,2,640,640,S1_20190412_035040_035219_VV_4,S1B_IW_GRDH_1SDV_20190412T035105_20190412T035130_015768_01D985_01C9.SAFE,2019-04-12T03:50:40
ow-0200,ow-0200.jpg,images/ow-0200.jpg,ow,1,water,ow-0200.xml,9,640,640,S1_20190412_035040_035219_VV_5,S1B_IW_GRDH_1SDV_20190412T035105_20190412T035130_015768_01D985_01C9.SAFE,2019-04-12T03:50:40
ow-0201,ow-0201.jpg,images/ow-0201.jpg,ow,1,water,ow-0201.xml,1,640,640,S1_20190412_035040_035219_VV_6,S1B_IW_GRDH_1SDV_20190412T035105_20190412T035130_015768_01D985_01C9.SAFE,2019-04-12T03:50:40
ow-0202,ow-0202.jpg,images/ow-0202.jpg,ow,1,water,ow-0202.xml,4,640,640,S1_20190412_035040_035219_VV_7,S1B_IW_GRDH_1SDV_20190412T035105_20190412T035130_015768_01D985_01C9.SAFE,2019-04-12T03:50:40
ow-0203,ow-0203.jpg,images/ow-0203.jpg,ow,1,water,ow-0203.xml,2,640,640,S1_20190412_035040_035219_VV_9,S1B_IW_GRDH_1SDV_20190412T035130_20190412T035155_015768_01D985_E914.SAFE,2019-04-12T03:50:40
ow-0204,ow-0204.jpg,images/ow-0204.jpg,ow,1,water,ow-0204.xml,4,640,640,S1_20190412_154008_154148_VV_0,S1A_IW_GRDH_1SDV_20190412T154123_20190412T154148_026759_03016C_2C5E.SAFE,2019-04-12T15:40:08
ow-0205,ow-0205.jpg,images/ow-0205.jpg,ow,1,water,ow-0205.xml,1,640,640,S1_20190416_155641_155735_VV_0,S1B_IW_GRDH_1SDV_20190416T155710_20190416T155735_015834_01DBB3_443C.SAFE,2019-04-16T15:56:41
ow-0206,ow-0206.jpg,images/ow-0206.jpg,ow,1,water,ow-0206.xml,1,2492,2492,S1_20190422_155638_155818_VV_0,S1A_IW_GRDH_1SDV_20190422T155703_20190422T155728_026905_0306B7_01CA.SAFE,2019-04-22T15:56:38
ow-0207,ow-0207.jpg,images/ow-0207.jpg,ow,1,water,ow-0207.xml,3,640,640,S1_20190422_155638_155818_VV_2,S1A_IW_GRDH_1SDV_20190422T155753_20190422T155818_026905_0306B7_9E35.SAFE,2019-04-22T15:56:38
ow-0208,ow-0208.jpg,images/ow-0208.jpg,ow,1,water,ow-0208.xml,1,640,640,S1_20190423_035928_040108_VV_0,S1A_IW_GRDH_1SDV_20190423T040043_20190423T040108_026912_0306F7_63E0.SAFE;S1A_IW_GRDH_1SDV_20190423T040018_20190423T040043_026912_0306F7_E21A.SAFE,2019-04-23T03:59:28
ow-0209,ow-0209.jpg,images/ow-0209.jpg,ow,1,water,ow-0209.xml,1,640,640,S1_20190423_154746_154926_VV_1,S1B_IW_GRDH_1SDV_20190423T154811_20190423T154836_015936_01DF14_D0D6.SAFE,2019-04-23T15:47:46
ow-0210,ow-0210.jpg,images/ow-0210.jpg,ow,1,water,ow-0210.xml,6,640,640,S1_20190423_154746_154926_VV_2,S1B_IW_GRDH_1SDV_20190423T154811_20190423T154836_015936_01DF14_D0D6.SAFE,2019-04-23T15:47:46
ow-0211,ow-0211.jpg,images/ow-0211.jpg,ow,1,water,ow-0211.xml,2,640,640,S1_20190423_154746_154926_VV_3,S1B_IW_GRDH_1SDV_20190423T154811_20190423T154836_015936_01DF14_D0D6.SAFE,2019-04-23T15:47:46
ow-0212,ow-0212.jpg,images/ow-0212.jpg,ow,1,water,ow-0212.xml,2,640,640,S1_20190423_154746_154926_VV_4,S1B_IW_GRDH_1SDV_20190423T154811_20190423T154836_015936_01DF14_D0D6.SAFE,2019-04-23T15:47:46
ow-0213,ow-0213.jpg,images/ow-0213.jpg,ow,1,water,ow-0213.xml,3,640,640,S1_20190423_154746_154926_VV_6,S1B_IW_GRDH_1SDV_20190423T154836_20190423T154901_015936_01DF14_E7F4.SAFE,2019-04-23T15:47:46
ow-0214,ow-0214.jpg,images/ow-0214.jpg,ow,1,water,ow-0214.xml,1,640,640,S1_20190423_154746_154926_VV_7,S1B_IW_GRDH_1SDV_20190423T154836_20190423T154901_015936_01DF14_E7F4.SAFE,2019-04-23T15:47:46
ow-0215,ow-0215.jpg,images/ow-0215.jpg,ow,1,water,ow-0215.xml,1,640,640,S1_20190423_154746_154926_VV_8,S1B_IW_GRDH_1SDV_20190423T154836_20190423T154901_015936_01DF14_E7F4.SAFE,2019-04-23T15:47:46
ow-0216,ow-0216.jpg,images/ow-0216.jpg,ow,1,water,ow-0216.xml,4,640,640,S1_20190424_035041_035220_VV_0,S1B_IW_GRDH_1SDV_20190424T035041_20190424T035106_015943_01DF52_4650.SAFE,2019-04-24T03:50:41
ow-0217,ow-0217.jpg,images/ow-0217.jpg,ow,1,water,ow-0217.xml,2,640,640,S1_20190424_154008_154148_VV_0,S1A_IW_GRDH_1SDV_20190424T154123_20190424T154148_026934_0307C2_8DFF.SAFE,2019-04-24T15:40:08
ow-0218,ow-0218.jpg,images/ow-0218.jpg,ow,1,water,ow-0218.xml,1,1661,1661,S1_20190425_034258_034438_VV_0,S1A_IW_GRDH_1SDV_20190425T034413_20190425T034438_026941_030806_CB88.SAFE;S1A_IW_GRDH_1SDV_20190425T034348_20190425T034413_026941_030806_FC8B.SAFE,2019-04-25T03:42:58
ow-0219,ow-0219.jpg,images/ow-0219.jpg,ow,1,water,ow-0219.xml,1,640,640,S1_20190425_034258_034438_VV_1,S1A_IW_GRDH_1SDV_20190425T034323_20190425T034348_026941_030806_C553.SAFE,2019-04-25T03:42:58
ow-0220,ow-0220.jpg,images/ow-0220.jpg,ow,1,water,ow-0220.xml,1,640,640,S1_20190425_034258_034438_VV_3,S1A_IW_GRDH_1SDV_20190425T034323_20190425T034348_026941_030806_C553.SAFE,2019-04-25T03:42:58
ow-0221,ow-0221.jpg,images/ow-0221.jpg,ow,1,water,ow-0221.xml,1,640,640,S1_20190425_034258_034438_VV_4,S1A_IW_GRDH_1SDV_20190425T034348_20190425T034413_026941_030806_FC8B.SAFE,2019-04-25T03:42:58
ow-0222,ow-0222.jpg,images/ow-0222.jpg,ow,1,water,ow-0222.xml,1,640,640,S1_20190426_033409_033549_VV_0,S1B_IW_GRDH_1SDV_20190426T033434_20190426T033459_015972_01E03C_59CB.SAFE;S1B_IW_GRDH_1SDV_20190426T033409_20190426T033434_015972_01E03C_2784.SAFE,2019-04-26T03:34:09
ow-0223,ow-0223.jpg,images/ow-0223.jpg,ow,1,water,ow-0223.xml,5,640,640,S1_20190427_160450_160630_VV_2,S1A_IW_GRDH_1SDV_20190427T160515_20190427T160540_026978_03096D_9164.SAFE,2019-04-27T16:04:50
ow-0224,ow-0224.jpg,images/ow-0224.jpg,ow,1,water,ow-0224.xml,5,640,640,S1_20190427_160450_160630_VV_3,S1A_IW_GRDH_1SDV_20190427T160515_20190427T160540_026978_03096D_9164.SAFE,2019-04-27T16:04:50
ow-0225,ow-0225.jpg,images/ow-0225.jpg,ow,1,water,ow-0225.xml,1,640,640,S1_20190428_155611_155636_VV_2,S1B_IW_GRDH_1SDV_20190428T155611_20190428T155636_016009_01E182_C2CE.SAFE,2019-04-28T15:56:11
ow-0226,ow-0226.jpg,images/ow-0226.jpg,ow,1,water,ow-0226.xml,1,640,640,S1_20190428_155642_155736_VV_0,S1B_IW_GRDH_1SDV_20190428T155711_20190428T155736_016009_01E183_B373.SAFE,2019-04-28T15:56:42
ow-0227,ow-0227.jpg,images/ow-0227.jpg,ow,1,water,ow-0227.xml,4,640,640,S1_20190429_035851_040030_VV_0,S1B_IW_GRDH_1SDV_20190429T035851_20190429T035916_016016_01E1C8_1C16.SAFE,2019-04-29T03:58:51
ow-0228,ow-0228.jpg,images/ow-0228.jpg,ow,1,water,ow-0228.xml,1,640,640,S1_20190429_035851_040030_VV_1,S1B_IW_GRDH_1SDV_20190429T035916_20190429T035941_016016_01E1C8_BA61.SAFE,2019-04-29T03:58:51
ow-0229,ow-0229.jpg,images/ow-0229.jpg,ow,1,water,ow-0229.xml,1,1262,1262,S1_20190429_154837_155017_VV_0,S1A_IW_GRDH_1SDV_20190429T154927_20190429T154952_027007_030A73_C58E.SAFE,2019-04-29T15:48:37
ow-0230,ow-0230.jpg,images/ow-0230.jpg,ow,1,water,ow-0230.xml,1,640,640,S1_20190429_154837_155017_VV_2,S1A_IW_GRDH_1SDV_20190429T154837_20190429T154902_027007_030A73_8C50.SAFE,2019-04-29T15:48:37
ow-0231,ow-0231.jpg,images/ow-0231.jpg,ow,1,water,ow-0231.xml,1,640,640,S1_20190429_154837_155017_VV_3,S1A_IW_GRDH_1SDV_20190429T154837_20190429T154902_027007_030A73_8C50.SAFE,2019-04-29T15:48:37
ow-0232,ow-0232.jpg,images/ow-0232.jpg,ow,1,water,ow-0232.xml,2,640,640,S1_20190429_154837_155017_VV_4,S1A_IW_GRDH_1SDV_20190429T154837_20190429T154902_027007_030A73_8C50.SAFE,2019-04-29T15:48:37
ow-0233,ow-0233.jpg,images/ow-0233.jpg,ow,1,water,ow-0233.xml,1,640,640,S1_20190429_154837_155017_VV_5,S1A_IW_GRDH_1SDV_20190429T154902_20190429T154927_027007_030A73_CA6D.SAFE,2019-04-29T15:48:37
ow-0234,ow-0234.jpg,images/ow-0234.jpg,ow,1,water,ow-0234.xml,2,640,640,S1_20190429_154837_155017_VV_6,S1A_IW_GRDH_1SDV_20190429T154902_20190429T154927_027007_030A73_CA6D.SAFE,2019-04-29T15:48:37
ow-0235,ow-0235.jpg,images/ow-0235.jpg,ow,1,water,ow-0235.xml,1,640,640,S1_20190429_154837_155017_VV_7,S1A_IW_GRDH_1SDV_20190429T154902_20190429T154927_027007_030A73_CA6D.SAFE,2019-04-29T15:48:37
ow-0236,ow-0236.jpg,images/ow-0236.jpg,ow,1,water,ow-0236.xml,1,640,640,S1_20190429_154837_155017_VV_8,S1A_IW_GRDH_1SDV_20190429T154902_20190429T154927_027007_030A73_CA6D.SAFE,2019-04-29T15:48:37
ow-0237,ow-0237.jpg,images/ow-0237.jpg,ow,1,water,ow-0237.xml,1,640,640,S1_20190429_154837_155017_VV_9,S1A_IW_GRDH_1SDV_20190429T154902_20190429T154927_027007_030A73_CA6D.SAFE,2019-04-29T15:48:37
ow-0238,ow-0238.jpg,images/ow-0238.jpg,ow,1,water,ow-0238.xml,1,640,640,S1_20190430_035118_035259_VV_1,S1A_IW_GRDH_1SDV_20190430T035208_20190430T035233_027014_030AB6_6298.SAFE,2019-04-30T03:51:18
ow-0239,ow-0239.jpg,images/ow-0239.jpg,ow,1,water,ow-0239.xml,4,640,640,S1_20190430_035118_035259_VV_5,S1A_IW_GRDH_1SDV_20190430T035208_20190430T035233_027014_030AB6_6298.SAFE,2019-04-30T03:51:18
ow-0240,ow-0240.jpg,images/ow-0240.jpg,ow,1,water,ow-0240.xml,1,640,640,S1_20190430_035118_035259_VV_6,S1A_IW_GRDH_1SDV_20190430T035233_20190430T035259_027014_030AB6_B4D3.SAFE;S1A_IW_GRDH_1SDV_20190430T035208_20190430T035233_027014_030AB6_6298.SAFE,2019-04-30T03:51:18
ow-0241,ow-0241.jpg,images/ow-0241.jpg,ow,1,water,ow-0241.xml,2,640,640,S1_20190430_035118_035259_VV_7,S1A_IW_GRDH_1SDV_20190430T035233_20190430T035259_027014_030AB6_B4D3.SAFE;S1A_IW_GRDH_1SDV_20190430T035208_20190430T035233_027014_030AB6_6298.SAFE,2019-04-30T03:51:18
ow-0242,ow-0242.jpg,images/ow-0242.jpg,ow,1,water,ow-0242.xml,1,640,640,S1_20190430_035118_035259_VV_8,S1A_IW_GRDH_1SDV_20190430T035233_20190430T035259_027014_030AB6_B4D3.SAFE,2019-04-30T03:51:18
ow-0243,ow-0243.jpg,images/ow-0243.jpg,ow,1,water,ow-0243.xml,1,640,640,S1_20190430_153943_154058_VV_1,S1B_IW_GRDH_1SDV_20190430T154033_20190430T154058_016038_01E28F_07FE.SAFE,2019-04-30T15:39:43
ow-0244,ow-0244.jpg,images/ow-0244.jpg,ow,1,water,ow-0244.xml,1,640,640,S1_20190501_034219_034359_VV_1,S1B_IW_GRDH_1SDV_20190501T034244_20190501T034309_016045_01E2CB_793F.SAFE,2019-05-01T03:42:19
ow-0245,ow-0245.jpg,images/ow-0245.jpg,ow,1,water,ow-0245.xml,2,640,640,S1_20190501_034219_034359_VV_2,S1B_IW_GRDH_1SDV_20190501T034244_20190501T034309_016045_01E2CB_793F.SAFE,2019-05-01T03:42:19
ow-0246,ow-0246.jpg,images/ow-0246.jpg,ow,1,water,ow-0246.xml,1,640,640,S1_20190501_034219_034359_VV_4,S1B_IW_GRDH_1SDV_20190501T034309_20190501T034334_016045_01E2CB_53B9.SAFE,2019-05-01T03:42:19
ow-0247,ow-0247.jpg,images/ow-0247.jpg,ow,1,water,ow-0247.xml,1,640,640,S1_20190501_034219_034359_VV_7,S1B_IW_GRDH_1SDV_20190501T034334_20190501T034359_016045_01E2CB_7F2B.SAFE;S1B_IW_GRDH_1SDV_20190501T034309_20190501T034334_016045_01E2CB_53B9.SAFE,2019-05-01T03:42:19
ow-0248,ow-0248.jpg,images/ow-0248.jpg,ow,1,water,ow-0248.xml,11,640,640,S1_20190501_034219_034359_VV_10,S1B_IW_GRDH_1SDV_20190501T034334_20190501T034359_016045_01E2CB_7F2B.SAFE;S1B_IW_GRDH_1SDV_20190501T034309_20190501T034334_016045_01E2CB_53B9.SAFE,2019-05-01T03:42:19
ow-0249,ow-0249.jpg,images/ow-0249.jpg,ow,1,water,ow-0249.xml,1,640,640,S1_20190504_155639_155819_VV_0,S1A_IW_GRDH_1SDV_20190504T155704_20190504T155729_027080_030D1A_1E63.SAFE,2019-05-04T15:56:39
ow-0250,ow-0250.jpg,images/ow-0250.jpg,ow,1,water,ow-0250.xml,3,640,640,S1_20190504_155639_155819_VV_1,S1A_IW_GRDH_1SDV_20190504T155704_20190504T155729_027080_030D1A_1E63.SAFE,2019-05-04T15:56:39
ow-0251,ow-0251.jpg,images/ow-0251.jpg,ow,1,water,ow-0251.xml,1,640,640,S1_20190505_154747_154927_VV_0,S1B_IW_GRDH_1SDV_20190505T154902_20190505T154927_016111_01E4F1_B729.SAFE;S1B_IW_GRDH_1SDV_20190505T154837_20190505T154902_016111_01E4F1_83FC.SAFE,2019-05-05T15:47:47
ow-0252,ow-0252.jpg,images/ow-0252.jpg,ow,1,water,ow-0252.xml,1,640,640,S1_20190506_035041_035220_VV_0,S1B_IW_GRDH_1SDV_20190506T035106_20190506T035131_016118_01E530_B2A0.SAFE,2019-05-06T03:50:41
ow-0253,ow-0253.jpg,images/ow-0253.jpg,ow,1,water,ow-0253.xml,3,640,640,S1_20190506_035041_035220_VV_1,S1B_IW_GRDH_1SDV_20190506T035106_20190506T035131_016118_01E530_B2A0.SAFE,2019-05-06T03:50:41
ow-0254,ow-0254.jpg,images/ow-0254.jpg,ow,1,water,ow-0254.xml,1,640,640,S1_20190506_035041_035220_VV_2,S1B_IW_GRDH_1SDV_20190506T035106_20190506T035131_016118_01E530_B2A0.SAFE,2019-05-06T03:50:41
ow-0255,ow-0255.jpg,images/ow-0255.jpg,ow,1,water,ow-0255.xml,1,640,640,S1_20190506_035041_035220_VV_3,S1B_IW_GRDH_1SDV_20190506T035131_20190506T035156_016118_01E530_855F.SAFE,2019-05-06T03:50:41
ow-0256,ow-0256.jpg,images/ow-0256.jpg,ow,1,water,ow-0256.xml,3,640,640,S1_20190507_034258_034438_VV_1,S1A_IW_GRDH_1SDV_20190507T034323_20190507T034348_027116_030E69_EB1D.SAFE,2019-05-07T03:42:58
ow-0257,ow-0257.jpg,images/ow-0257.jpg,ow,1,water,ow-0257.xml,2,640,640,S1_20190509_160450_160630_VV_0,S1A_IW_GRDH_1SDV_20190509T160515_20190509T160540_027153_030F91_9213.SAFE,2019-05-09T16:04:50
ow-0258,ow-0258.jpg,images/ow-0258.jpg,ow,1,water,ow-0258.xml,2,640,640,S1_20190509_160450_160630_VV_1,S1A_IW_GRDH_1SDV_20190509T160515_20190509T160540_027153_030F91_9213.SAFE,2019-05-09T16:04:50
ow-0259,ow-0259.jpg,images/ow-0259.jpg,ow,1,water,ow-0259.xml,2,640,640,S1_20190510_155611_155636_VV_1,S1B_IW_GRDH_1SDV_20190510T155611_20190510T155636_016184_01E73C_075F.SAFE,2019-05-10T15:56:11
ow-0260,ow-0260.jpg,images/ow-0260.jpg,ow,1,water,ow-0260.xml,2,640,640,S1_20190510_155611_155636_VV_3,S1B_IW_GRDH_1SDV_20190510T155611_20190510T155636_016184_01E73C_075F.SAFE,2019-05-10T15:56:11
ow-0261,ow-0261.jpg,images/ow-0261.jpg,ow,1,water,ow-0261.xml,1,640,640,S1_20190510_155642_155736_VV_0,S1B_IW_GRDH_1SDV_20190510T155642_20190510T155711_016184_01E73D_7764.SAFE,2019-05-10T15:56:42
ow-0262,ow-0262.jpg,images/ow-0262.jpg,ow,1,water,ow-0262.xml,2,640,640,S1_20190510_155642_155736_VV_1,S1B_IW_GRDH_1SDV_20190510T155642_20190510T155711_016184_01E73D_7764.SAFE,2019-05-10T15:56:42
ow-0263,ow-0263.jpg,images/ow-0263.jpg,ow,1,water,ow-0263.xml,1,640,640,S1_20190511_035851_040030_VV_0,S1B_IW_GRDH_1SDV_20190511T040006_20190511T040030_016191_01E77E_DF94.SAFE;S1B_IW_GRDH_1SDV_20190511T035941_20190511T040006_016191_01E77E_E4AA.SAFE,2019-05-11T03:58:51
ow-0264,ow-0264.jpg,images/ow-0264.jpg,ow,1,water,ow-0264.xml,1,640,640,S1_20190511_154837_155017_VV_0,S1A_IW_GRDH_1SDV_20190511T154837_20190511T154902_027182_031070_1CA1.SAFE,2019-05-11T15:48:37
ow-0265,ow-0265.jpg,images/ow-0265.jpg,ow,1,water,ow-0265.xml,1,640,640,S1_20190511_154837_155017_VV_1,S1A_IW_GRDH_1SDV_20190511T154902_20190511T154927_027182_031070_D831.SAFE,2019-05-11T15:48:37
ow-0266,ow-0266.jpg,images/ow-0266.jpg,ow,1,water,ow-0266.xml,1,640,640,S1_20190512_035118_035259_VV_0,S1A_IW_GRDH_1SDV_20190512T035208_20190512T035233_027189_0310AB_E893.SAFE,2019-05-12T03:51:18
ow-0267,ow-0267.jpg,images/ow-0267.jpg,ow,1,water,ow-0267.xml,3,640,640,S1_20190512_035118_035259_VV_1,S1A_IW_GRDH_1SDV_20190512T035208_20190512T035233_027189_0310AB_E893.SAFE,2019-05-12T03:51:18
ow-0268,ow-0268.jpg,images/ow-0268.jpg,ow,1,water,ow-0268.xml,2,640,640,S1_20190512_035118_035259_VV_2,S1A_IW_GRDH_1SDV_20190512T035208_20190512T035233_027189_0310AB_E893.SAFE,2019-05-12T03:51:18
ow-0269,ow-0269.jpg,images/ow-0269.jpg,ow,1,water,ow-0269.xml,1,640,640,S1_20190512_035118_035259_VV_3,S1A_IW_GRDH_1SDV_20190512T035208_20190512T035233_027189_0310AB_E893.SAFE,2019-05-12T03:51:18
ow-0270,ow-0270.jpg,images/ow-0270.jpg,ow,1,water,ow-0270.xml,1,640,640,S1_20190512_035118_035259_VV_4,S1A_IW_GRDH_1SDV_20190512T035208_20190512T035233_027189_0310AB_E893.SAFE,2019-05-12T03:51:18
ow-0271,ow-0271.jpg,images/ow-0271.jpg,ow,1,water,ow-0271.xml,1,640,640,S1_20190512_153943_154058_VV_0,S1B_IW_GRDH_1SDV_20190512T154033_20190512T154058_016213_01E833_AEAB.SAFE,2019-05-12T15:39:43
ow-0272,ow-0272.jpg,images/ow-0272.jpg,ow,1,water,ow-0272.xml,1,640,640,S1_20190512_153943_154058_VV_1,S1B_IW_GRDH_1SDV_20190512T154033_20190512T154058_016213_01E833_AEAB.SAFE,2019-05-12T15:39:43
ow-0273,ow-0273.jpg,images/ow-0273.jpg,ow,1,water,ow-0273.xml,1,640,640,S1_20190513_034219_034359_VV_0,S1B_IW_GRDH_1SDV_20190513T034244_20190513T034309_016220_01E86A_B3F7.SAFE,2019-05-13T03:42:19
ow-0274,ow-0274.jpg,images/ow-0274.jpg,ow,1,water,ow-0274.xml,2,640,640,S1_20190513_034219_034359_VV_5,S1B_IW_GRDH_1SDV_20190513T034334_20190513T034359_016220_01E86A_D898.SAFE,2019-05-13T03:42:19
ow-0275,ow-0275.jpg,images/ow-0275.jpg,ow,1,water,ow-0275.xml,2,640,640,S1_20190513_034219_034359_VV_6,S1B_IW_GRDH_1SDV_20190513T034334_20190513T034359_016220_01E86A_D898.SAFE,2019-05-13T03:42:19
ow-0276,ow-0276.jpg,images/ow-0276.jpg,ow,1,water,ow-0276.xml,2,640,640,S1_20190515_160406_160546_VV_0,S1B_IW_GRDH_1SDV_20190515T160431_20190515T160456_016257_01E988_22CD.SAFE,2019-05-15T16:04:06
ow-0277,ow-0277.jpg,images/ow-0277.jpg,ow,1,water,ow-0277.xml,1,640,640,S1_20190516_155639_155819_VV_0,S1A_IW_GRDH_1SDV_20190516T155704_20190516T155729_027255_0312B7_4067.SAFE,2019-05-16T15:56:39
ow-0278,ow-0278.jpg,images/ow-0278.jpg,ow,1,water,ow-0278.xml,1,640,640,S1_20190516_155639_155819_VV_1,S1A_IW_GRDH_1SDV_20190516T155704_20190516T155729_027255_0312B7_4067.SAFE,2019-05-16T15:56:39
ow-0279,ow-0279.jpg,images/ow-0279.jpg,ow,1,water,ow-0279.xml,3,640,640,S1_20190516_155639_155819_VV_2,S1A_IW_GRDH_1SDV_20190516T155729_20190516T155754_027255_0312B7_C2C9.SAFE,2019-05-16T15:56:39
ow-0280,ow-0280.jpg,images/ow-0280.jpg,ow,1,water,ow-0280.xml,1,640,640,S1_20190516_155639_155819_VV_3,S1A_IW_GRDH_1SDV_20190516T155729_20190516T155754_027255_0312B7_C2C9.SAFE,2019-05-16T15:56:39
ow-0281,ow-0281.jpg,images/ow-0281.jpg,ow,1,water,ow-0281.xml,1,640,640,S1_20190518_035042_035221_VV_2,S1B_IW_GRDH_1SDV_20190518T035107_20190518T035132_016293_01EAA1_3D2D.SAFE,2019-05-18T03:50:42
ow-0282,ow-0282.jpg,images/ow-0282.jpg,ow,1,water,ow-0282.xml,1,640,640,S1_20190518_035042_035221_VV_3,S1B_IW_GRDH_1SDV_20190518T035107_20190518T035132_016293_01EAA1_3D2D.SAFE,2019-05-18T03:50:42
ow-0283,ow-0283.jpg,images/ow-0283.jpg,ow,1,water,ow-0283.xml,1,640,640,S1_20190518_035042_035221_VV_4,S1B_IW_GRDH_1SDV_20190518T035107_20190518T035132_016293_01EAA1_3D2D.SAFE,2019-05-18T03:50:42
ow-0284,ow-0284.jpg,images/ow-0284.jpg,ow,1,water,ow-0284.xml,2,640,640,S1_20190518_035042_035221_VV_5,S1B_IW_GRDH_1SDV_20190518T035132_20190518T035157_016293_01EAA1_93CF.SAFE,2019-05-18T03:50:42
ow-0285,ow-0285.jpg,images/ow-0285.jpg,ow,1,water,ow-0285.xml,4,640,640,S1_20190518_035042_035221_VV_6,S1B_IW_GRDH_1SDV_20190518T035132_20190518T035157_016293_01EAA1_93CF.SAFE,2019-05-18T03:50:42
ow-0286,ow-0286.jpg,images/ow-0286.jpg,ow,1,water,ow-0286.xml,4,640,640,S1_20190518_035042_035221_VV_7,S1B_IW_GRDH_1SDV_20190518T035132_20190518T035157_016293_01EAA1_93CF.SAFE,2019-05-18T03:50:42
ow-0287,ow-0287.jpg,images/ow-0287.jpg,ow,1,water,ow-0287.xml,2,640,640,S1_20190518_035042_035221_VV_10,S1B_IW_GRDH_1SDV_20190518T035132_20190518T035157_016293_01EAA1_93CF.SAFE,2019-05-18T03:50:42
ow-0288,ow-0288.jpg,images/ow-0288.jpg,ow,1,water,ow-0288.xml,1,640,640,S1_20190518_035042_035221_VV_12,S1B_IW_GRDH_1SDV_20190518T035132_20190518T035157_016293_01EAA1_93CF.SAFE,2019-05-18T03:50:42
ow-0289,ow-0289.jpg,images/ow-0289.jpg,ow,1,water,ow-0289.xml,1,640,640,S1_20190518_154009_154149_VV_0,S1A_IW_GRDH_1SDV_20190518T154059_20190518T154124_027284_03139E_2F70.SAFE;S1A_IW_GRDH_1SDV_20190518T154034_20190518T154059_027284_03139E_215A.SAFE,2019-05-18T15:40:09
ow-0290,ow-0290.jpg,images/ow-0290.jpg,ow,1,water,ow-0290.xml,1,640,640,S1_20190518_154009_154149_VV_2,S1A_IW_GRDH_1SDV_20190518T154124_20190518T154149_027284_03139E_D17A.SAFE;S1A_IW_GRDH_1SDV_20190518T154059_20190518T154124_027284_03139E_2F70.SAFE,2019-05-18T15:40:09
ow-0291,ow-0291.jpg,images/ow-0291.jpg,ow,1,water,ow-0291.xml,2,640,640,S1_20190518_154009_154149_VV_3,S1A_IW_GRDH_1SDV_20190518T154124_20190518T154149_027284_03139E_D17A.SAFE,2019-05-18T15:40:09
ow-0292,ow-0292.jpg,images/ow-0292.jpg,ow,1,water,ow-0292.xml,1,640,640,S1_20190519_034259_034439_VV_0,S1A_IW_GRDH_1SDV_20190519T034324_20190519T034349_027291_0313E1_6AC9.SAFE,2019-05-19T03:42:59
ow-0293,ow-0293.jpg,images/ow-0293.jpg,ow,1,water,ow-0293.xml,1,640,640,S1_20190519_034259_034439_VV_1,S1A_IW_GRDH_1SDV_20190519T034349_20190519T034414_027291_0313E1_57A7.SAFE;S1A_IW_GRDH_1SDV_20190519T034324_20190519T034349_027291_0313E1_6AC9.SAFE,2019-05-19T03:42:59
ow-0294,ow-0294.jpg,images/ow-0294.jpg,ow,1,water,ow-0294.xml,1,640,640,S1_20190519_034259_034439_VV_6,S1A_IW_GRDH_1SDV_20190519T034414_20190519T034439_027291_0313E1_23BF.SAFE,2019-05-19T03:42:59
ow-0295,ow-0295.jpg,images/ow-0295.jpg,ow,1,water,ow-0295.xml,3,640,640,S1_20190522_155612_155637_VV_0,S1B_IW_GRDH_1SDV_20190522T155612_20190522T155637_016359_01ECA6_FD96.SAFE,2019-05-22T15:56:12
ow-0296,ow-0296.jpg,images/ow-0296.jpg,ow,1,water,ow-0296.xml,1,640,640,S1_20190522_155612_155637_VV_1,S1B_IW_GRDH_1SDV_20190522T155612_20190522T155637_016359_01ECA6_FD96.SAFE,2019-05-22T15:56:12
ow-0297,ow-0297.jpg,images/ow-0297.jpg,ow,1,water,ow-0297.xml,2,640,640,S1_20190522_155612_155637_VV_2,S1B_IW_GRDH_1SDV_20190522T155612_20190522T155637_016359_01ECA6_FD96.SAFE,2019-05-22T15:56:12
ow-0298,ow-0298.jpg,images/ow-0298.jpg,ow,1,water,ow-0298.xml,1,3164,3164,S1_20190522_155643_155737_VV_0,S1B_IW_GRDH_1SDV_20190522T155643_20190522T155712_016359_01ECA7_4C33.SAFE,2019-05-22T15:56:43
ow-0299,ow-0299.jpg,images/ow-0299.jpg,ow,1,water,ow-0299.xml,1,640,640,S1_20190522_155643_155737_VV_1,S1B_IW_GRDH_1SDV_20190522T155643_20190522T155712_016359_01ECA7_4C33.SAFE,2019-05-22T15:56:43
ow-0300,ow-0300.jpg,images/ow-0300.jpg,ow,1,water,ow-0300.xml,1,640,640,S1_20190522_155643_155737_VV_2,S1B_IW_GRDH_1SDV_20190522T155643_20190522T155712_016359_01ECA7_4C33.SAFE,2019-05-22T15:56:43
ow-0301,ow-0301.jpg,images/ow-0301.jpg,ow,1,water,ow-0301.xml,1,640,640,S1_20190522_155643_155737_VV_3,S1B_IW_GRDH_1SDV_20190522T155643_20190522T155712_016359_01ECA7_4C33.SAFE,2019-05-22T15:56:43
ow-0302,ow-0302.jpg,images/ow-0302.jpg,ow,1,water,ow-0302.xml,10,640,640,S1_20190522_155643_155737_VV_4,S1B_IW_GRDH_1SDV_20190522T155643_20190522T155712_016359_01ECA7_4C33.SAFE,2019-05-22T15:56:43
ow-0303,ow-0303.jpg,images/ow-0303.jpg,ow,1,water,ow-0303.xml,1,640,640,S1_20190522_155643_155737_VV_6,S1B_IW_GRDH_1SDV_20190522T155643_20190522T155712_016359_01ECA7_4C33.SAFE,2019-05-22T15:56:43
ow-0304,ow-0304.jpg,images/ow-0304.jpg,ow,1,water,ow-0304.xml,6,640,640,S1_20190523_035852_040031_VV_0,S1B_IW_GRDH_1SDV_20190523T035942_20190523T040007_016366_01ECE8_9951.SAFE,2019-05-23T03:58:52
ow-0305,ow-0305.jpg,images/ow-0305.jpg,ow,1,water,ow-0305.xml,1,640,640,S1_20190523_035852_040031_VV_1,S1B_IW_GRDH_1SDV_20190523T035942_20190523T040007_016366_01ECE8_9951.SAFE,2019-05-23T03:58:52
ow-0306,ow-0306.jpg,images/ow-0306.jpg,ow,1,water,ow-0306.xml,4,640,640,S1_20190523_035852_040031_VV_2,S1B_IW_GRDH_1SDV_20190523T035942_20190523T040007_016366_01ECE8_9951.SAFE,2019-05-23T03:58:52
ow-0307,ow-0307.jpg,images/ow-0307.jpg,ow,1,water,ow-0307.xml,1,640,640,S1_20190523_035852_040031_VV_3,S1B_IW_GRDH_1SDV_20190523T035942_20190523T040007_016366_01ECE8_9951.SAFE,2019-05-23T03:58:52
ow-0308,ow-0308.jpg,images/ow-0308.jpg,ow,1,water,ow-0308.xml,2,640,640,S1_20190523_154838_155018_VV_3,S1A_IW_GRDH_1SDV_20190523T154838_20190523T154903_027357_0315EA_5427.SAFE,2019-05-23T15:48:38
ow-0309,ow-0309.jpg,images/ow-0309.jpg,ow,1,water,ow-0309.xml,1,640,640,S1_20190523_154838_155018_VV_14,S1A_IW_GRDH_1SDV_20190523T154903_20190523T154928_027357_0315EA_95BE.SAFE,2019-05-23T15:48:38
ow-0310,ow-0310.jpg,images/ow-0310.jpg,ow,1,water,ow-0310.xml,2,640,640,S1_20190524_035119_035300_VV_0,S1A_IW_GRDH_1SDV_20190524T035144_20190524T035209_027364_031625_287A.SAFE,2019-05-24T03:51:19
ow-0311,ow-0311.jpg,images/ow-0311.jpg,ow,1,water,ow-0311.xml,2,640,640,S1_20190524_035119_035300_VV_1,S1A_IW_GRDH_1SDV_20190524T035144_20190524T035209_027364_031625_287A.SAFE,2019-05-24T03:51:19
ow-0312,ow-0312.jpg,images/ow-0312.jpg,ow,1,water,ow-0312.xml,1,640,640,S1_20190524_035119_035300_VV_2,S1A_IW_GRDH_1SDV_20190524T035209_20190524T035234_027364_031625_B50F.SAFE,2019-05-24T03:51:19
ow-0313,ow-0313.jpg,images/ow-0313.jpg,ow,1,water,ow-0313.xml,1,640,640,S1_20190524_035119_035300_VV_3,S1A_IW_GRDH_1SDV_20190524T035209_20190524T035234_027364_031625_B50F.SAFE,2019-05-24T03:51:19
ow-0314,ow-0314.jpg,images/ow-0314.jpg,ow,1,water,ow-0314.xml,1,640,640,S1_20190524_035119_035300_VV_4,S1A_IW_GRDH_1SDV_20190524T035209_20190524T035234_027364_031625_B50F.SAFE,2019-05-24T03:51:19
ow-0315,ow-0315.jpg,images/ow-0315.jpg,ow,1,water,ow-0315.xml,1,640,640,S1_20190524_035119_035300_VV_5,S1A_IW_GRDH_1SDV_20190524T035209_20190524T035234_027364_031625_B50F.SAFE,2019-05-24T03:51:19
ow-0316,ow-0316.jpg,images/ow-0316.jpg,ow,1,water,ow-0316.xml,1,640,640,S1_20190524_035119_035300_VV_7,S1A_IW_GRDH_1SDV_20190524T035209_20190524T035234_027364_031625_B50F.SAFE,2019-05-24T03:51:19
ow-0317,ow-0317.jpg,images/ow-0317.jpg,ow,1,water,ow-0317.xml,3,640,640,S1_20190524_035119_035300_VV_10,S1A_IW_GRDH_1SDV_20190524T035209_20190524T035234_027364_031625_B50F.SAFE,2019-05-24T03:51:19
ow-0318,ow-0318.jpg,images/ow-0318.jpg,ow,1,water,ow-0318.xml,1,640,640,S1_20190524_035119_035300_VV_11,S1A_IW_GRDH_1SDV_20190524T035209_20190524T035234_027364_031625_B50F.SAFE,2019-05-24T03:51:19
ow-0319,ow-0319.jpg,images/ow-0319.jpg,ow,1,water,ow-0319.xml,1,640,640,S1_20190524_153944_154059_VV_0,S1B_IW_GRDH_1SDV_20190524T154034_20190524T154059_016388_01ED9E_45F8.SAFE,2019-05-24T15:39:44
ow-0320,ow-0320.jpg,images/ow-0320.jpg,ow,1,water,ow-0320.xml,1,640,640,S1_20190524_153944_154059_VV_1,S1B_IW_GRDH_1SDV_20190524T154034_20190524T154059_016388_01ED9E_45F8.SAFE,2019-05-24T15:39:44
ow-0321,ow-0321.jpg,images/ow-0321.jpg,ow,1,water,ow-0321.xml,1,640,640,S1_20190524_153944_154059_VV_2,S1B_IW_GRDH_1SDV_20190524T154034_20190524T154059_016388_01ED9E_45F8.SAFE,2019-05-24T15:39:44
ow-0322,ow-0322.jpg,images/ow-0322.jpg,ow,1,water,ow-0322.xml,1,640,640,S1_20190525_034220_034400_VV_0,S1B_IW_GRDH_1SDV_20190525T034245_20190525T034310_016395_01EDD2_086E.SAFE,2019-05-25T03:42:20
ow-0323,ow-0323.jpg,images/ow-0323.jpg,ow,1,water,ow-0323.xml,1,640,640,S1_20190525_034220_034400_VV_1,S1B_IW_GRDH_1SDV_20190525T034310_20190525T034335_016395_01EDD2_3C73.SAFE,2019-05-25T03:42:20
ow-0324,ow-0324.jpg,images/ow-0324.jpg,ow,1,water,ow-0324.xml,13,640,640,S1_20190525_034220_034400_VV_3,S1B_IW_GRDH_1SDV_20190525T034335_20190525T034400_016395_01EDD2_0888.SAFE,2019-05-25T03:42:20
ow-0325,ow-0325.jpg,images/ow-0325.jpg,ow,1,water,ow-0325.xml,8,640,640,S1_20190525_034220_034400_VV_4,S1B_IW_GRDH_1SDV_20190525T034335_20190525T034400_016395_01EDD2_0888.SAFE,2019-05-25T03:42:20
ow-0326,ow-0326.jpg,images/ow-0326.jpg,ow,1,water,ow-0326.xml,1,640,640,S1_20190525_034220_034400_VV_5,S1B_IW_GRDH_1SDV_20190525T034335_20190525T034400_016395_01EDD2_0888.SAFE,2019-05-25T03:42:20
ow-0327,ow-0327.jpg,images/ow-0327.jpg,ow,1,water,ow-0327.xml,1,640,640,S1_20190527_160407_160547_VV_0,S1B_IW_GRDH_1SDV_20190527T160432_20190527T160457_016432_01EEE6_D19F.SAFE,2019-05-27T16:04:07
ow-0328,ow-0328.jpg,images/ow-0328.jpg,ow,1,water,ow-0328.xml,3,1151,1151,S1_20190528_155640_155820_VV_0,S1A_IW_GRDH_1SDV_20190528T155730_20190528T155755_027430_03182C_4CA8.SAFE,2019-05-28T15:56:40
ow-0329,ow-0329.jpg,images/ow-0329.jpg,ow,1,water,ow-0329.xml,1,640,640,S1_20190528_155640_155820_VV_1,S1A_IW_GRDH_1SDV_20190528T155705_20190528T155730_027430_03182C_0E32.SAFE,2019-05-28T15:56:40
ow-0330,ow-0330.jpg,images/ow-0330.jpg,ow,1,water,ow-0330.xml,1,640,640,S1_20190528_155640_155820_VV_2,S1A_IW_GRDH_1SDV_20190528T155705_20190528T155730_027430_03182C_0E32.SAFE,2019-05-28T15:56:40
ow-0331,ow-0331.jpg,images/ow-0331.jpg,ow,1,water,ow-0331.xml,1,640,640,S1_20190528_155640_155820_VV_3,S1A_IW_GRDH_1SDV_20190528T155730_20190528T155755_027430_03182C_4CA8.SAFE,2019-05-28T15:56:40
ow-0332,ow-0332.jpg,images/ow-0332.jpg,ow,1,water,ow-0332.xml,3,640,640,S1_20190528_155640_155820_VV_4,S1A_IW_GRDH_1SDV_20190528T155730_20190528T155755_027430_03182C_4CA8.SAFE,2019-05-28T15:56:40
ow-0333,ow-0333.jpg,images/ow-0333.jpg,ow,1,water,ow-0333.xml,3,640,640,S1_20190528_155640_155820_VV_5,S1A_IW_GRDH_1SDV_20190528T155730_20190528T155755_027430_03182C_4CA8.SAFE,2019-05-28T15:56:40
ow-0334,ow-0334.jpg,images/ow-0334.jpg,ow,1,water,ow-0334.xml,1,640,640,S1_20190528_155640_155820_VV_6,S1A_IW_GRDH_1SDV_20190528T155755_20190528T155820_027430_03182C_A8F6.SAFE,2019-05-28T15:56:40
ow-0335,ow-0335.jpg,images/ow-0335.jpg,ow,1,water,ow-0335.xml,1,640,640,S1_20190529_035929_040109_VV_0,S1A_IW_GRDH_1SDV_20190529T035954_20190529T040019_027437_031860_E8F6.SAFE,2019-05-29T03:59:29
ow-0336,ow-0336.jpg,images/ow-0336.jpg,ow,1,water,ow-0336.xml,1,640,640,S1_20190529_035929_040109_VV_1,S1A_IW_GRDH_1SDV_20190529T035954_20190529T040019_027437_031860_E8F6.SAFE,2019-05-29T03:59:29
ow-0337,ow-0337.jpg,images/ow-0337.jpg,ow,1,water,ow-0337.xml,2,640,640,S1_20190529_035929_040109_VV_2,S1A_IW_GRDH_1SDV_20190529T040019_20190529T040044_027437_031860_421A.SAFE,2019-05-29T03:59:29
ow-0338,ow-0338.jpg,images/ow-0338.jpg,ow,1,water,ow-0338.xml,16,640,640,S1_20190529_035929_040109_VV_3,S1A_IW_GRDH_1SDV_20190529T040019_20190529T040044_027437_031860_421A.SAFE,2019-05-29T03:59:29
ow-0339,ow-0339.jpg,images/ow-0339.jpg,ow,1,water,ow-0339.xml,16,640,640,S1_20190529_035929_040109_VV_5,S1A_IW_GRDH_1SDV_20190529T040019_20190529T040044_027437_031860_421A.SAFE,2019-05-29T03:59:29
ow-0340,ow-0340.jpg,images/ow-0340.jpg,ow,1,water,ow-0340.xml,1,640,640,S1_20190529_154748_154928_VV_2,S1B_IW_GRDH_1SDV_20190529T154838_20190529T154903_016461_01EFC4_8B41.SAFE,2019-05-29T15:47:48
ow-0341,ow-0341.jpg,images/ow-0341.jpg,ow,1,water,ow-0341.xml,6,640,640,S1_20190530_035042_035221_VV_0,S1B_IW_GRDH_1SDV_20190530T035132_20190530T035157_016468_01EFFB_A41B.SAFE,2019-05-30T03:50:42
ow-0342,ow-0342.jpg,images/ow-0342.jpg,ow,1,water,ow-0342.xml,1,640,640,S1_20190530_035042_035221_VV_1,S1B_IW_GRDH_1SDV_20190530T035132_20190530T035157_016468_01EFFB_A41B.SAFE,2019-05-30T03:50:42
ow-0343,ow-0343.jpg,images/ow-0343.jpg,ow,1,water,ow-0343.xml,11,640,640,S1_20190530_035042_035221_VV_2,S1B_IW_GRDH_1SDV_20190530T035132_20190530T035157_016468_01EFFB_A41B.SAFE,2019-05-30T03:50:42
ow-0344,ow-0344.jpg,images/ow-0344.jpg,ow,1,water,ow-0344.xml,1,640,640,S1_20190530_035042_035221_VV_3,S1B_IW_GRDH_1SDV_20190530T035132_20190530T035157_016468_01EFFB_A41B.SAFE,2019-05-30T03:50:42
ow-0345,ow-0345.jpg,images/ow-0345.jpg,ow,1,water,ow-0345.xml,7,640,640,S1_20190530_035042_035221_VV_4,S1B_IW_GRDH_1SDV_20190530T035132_20190530T035157_016468_01EFFB_A41B.SAFE,2019-05-30T03:50:42
ow-0346,ow-0346.jpg,images/ow-0346.jpg,ow,1,water,ow-0346.xml,13,640,640,S1_20190530_035042_035221_VV_5,S1B_IW_GRDH_1SDV_20190530T035132_20190530T035157_016468_01EFFB_A41B.SAFE,2019-05-30T03:50:42
ow-0347,ow-0347.jpg,images/ow-0347.jpg,ow,1,water,ow-0347.xml,5,640,640,S1_20190530_035042_035221_VV_6,S1B_IW_GRDH_1SDV_20190530T035132_20190530T035157_016468_01EFFB_A41B.SAFE,2019-05-30T03:50:42
ow-0348,ow-0348.jpg,images/ow-0348.jpg,ow,1,water,ow-0348.xml,4,640,640,S1_20190530_035042_035221_VV_7,S1B_IW_GRDH_1SDV_20190530T035132_20190530T035157_016468_01EFFB_A41B.SAFE,2019-05-30T03:50:42
ow-0349,ow-0349.jpg,images/ow-0349.jpg,ow,1,water,ow-0349.xml,15,640,640,S1_20190530_035042_035221_VV_8,S1B_IW_GRDH_1SDV_20190530T035132_20190530T035157_016468_01EFFB_A41B.SAFE,2019-05-30T03:50:42
ow-0350,ow-0350.jpg,images/ow-0350.jpg,ow,1,water,ow-0350.xml,3,640,640,S1_20190530_035042_035221_VV_9,S1B_IW_GRDH_1SDV_20190530T035132_20190530T035157_016468_01EFFB_A41B.SAFE,2019-05-30T03:50:42
ow-0351,ow-0351.jpg,images/ow-0351.jpg,ow,1,water,ow-0351.xml,6,640,640,S1_20190530_035042_035221_VV_10,S1B_IW_GRDH_1SDV_20190530T035132_20190530T035157_016468_01EFFB_A41B.SAFE,2019-05-30T03:50:42
ow-0352,ow-0352.jpg,images/ow-0352.jpg,ow,1,water,ow-0352.xml,6,640,640,S1_20190530_035042_035221_VV_11,S1B_IW_GRDH_1SDV_20190530T035132_20190530T035157_016468_01EFFB_A41B.SAFE,2019-05-30T03:50:42
ow-0353,ow-0353.jpg,images/ow-0353.jpg,ow,1,water,ow-0353.xml,3,640,640,S1_20190530_154010_154150_VV_0,S1A_IW_GRDH_1SDV_20190530T154100_20190530T154125_027459_031913_DA3E.SAFE,2019-05-30T15:40:10
ow-0354,ow-0354.jpg,images/ow-0354.jpg,ow,1,water,ow-0354.xml,1,977,977,S1_20190531_034300_034440_VV_0,S1A_IW_GRDH_1SDV_20190531T034325_20190531T034350_027466_031954_4726.SAFE,2019-05-31T03:43:00
ow-0355,ow-0355.jpg,images/ow-0355.jpg,ow,1,water,ow-0355.xml,2,640,640,S1_20190531_034300_034440_VV_1,S1A_IW_GRDH_1SDV_20190531T034325_20190531T034350_027466_031954_4726.SAFE,2019-05-31T03:43:00
ow-0356,ow-0356.jpg,images/ow-0356.jpg,ow,1,water,ow-0356.xml,1,640,640,S1_20190531_034300_034440_VV_2,S1A_IW_GRDH_1SDV_20190531T034325_20190531T034350_027466_031954_4726.SAFE,2019-05-31T03:43:00
ow-0357,ow-0357.jpg,images/ow-0357.jpg,ow,1,water,ow-0357.xml,1,640,640,S1_20190531_034300_034440_VV_3,S1A_IW_GRDH_1SDV_20190531T034325_20190531T034350_027466_031954_4726.SAFE,2019-05-31T03:43:00
ow-0358,ow-0358.jpg,images/ow-0358.jpg,ow,1,water,ow-0358.xml,4,640,640,S1_20190531_034300_034440_VV_4,S1A_IW_GRDH_1SDV_20190531T034325_20190531T034350_027466_031954_4726.SAFE,2019-05-31T03:43:00
ow-0359,ow-0359.jpg,images/ow-0359.jpg,ow,1,water,ow-0359.xml,1,640,640,S1_20190531_034300_034440_VV_5,S1A_IW_GRDH_1SDV_20190531T034325_20190531T034350_027466_031954_4726.SAFE,2019-05-31T03:43:00
ow-0360,ow-0360.jpg,images/ow-0360.jpg,ow,1,water,ow-0360.xml,2,640,640,S1_20190531_034300_034440_VV_7,S1A_IW_GRDH_1SDV_20190531T034350_20190531T034415_027466_031954_419E.SAFE,2019-05-31T03:43:00
ow-0361,ow-0361.jpg,images/ow-0361.jpg,ow,1,water,ow-0361.xml,2,640,640,S1_20190531_034300_034440_VV_8,S1A_IW_GRDH_1SDV_20190531T034350_20190531T034415_027466_031954_419E.SAFE,2019-05-31T03:43:00
ow-0362,ow-0362.jpg,images/ow-0362.jpg,ow,1,water,ow-0362.xml,3,640,640,S1_20190531_034300_034440_VV_9,S1A_IW_GRDH_1SDV_20190531T034350_20190531T034415_027466_031954_419E.SAFE,2019-05-31T03:43:00
ow-0363,ow-0363.jpg,images/ow-0363.jpg,ow,1,water,ow-0363.xml,2,640,640,S1_20190531_034300_034440_VV_13,S1A_IW_GRDH_1SDV_20190531T034415_20190531T034440_027466_031954_0C0D.SAFE,2019-05-31T03:43:00
ow-0364,ow-0364.jpg,images/ow-0364.jpg,ow,1,water,ow-0364.xml,1,640,640,S1_20190603_155613_155637_VV_0,S1B_IW_GRDH_1SDV_20190603T155613_20190603T155637_016534_01F1F4_6FF3.SAFE,2019-06-03T15:56:13
ow-0365,ow-0365.jpg,images/ow-0365.jpg,ow,1,water,ow-0365.xml,1,640,640,S1_20190603_155613_155637_VV_2,S1B_IW_GRDH_1SDV_20190603T155613_20190603T155637_016534_01F1F4_6FF3.SAFE,2019-06-03T15:56:13
ow-0366,ow-0366.jpg,images/ow-0366.jpg,ow,1,water,ow-0366.xml,1,640,640,S1_20190603_155643_155737_VV_0,S1B_IW_GRDH_1SDV_20190603T155643_20190603T155712_016534_01F1F5_107F.SAFE,2019-06-03T15:56:43
ow-0367,ow-0367.jpg,images/ow-0367.jpg,ow,1,water,ow-0367.xml,2,640,640,S1_20190603_155643_155737_VV_1,S1B_IW_GRDH_1SDV_20190603T155712_20190603T155737_016534_01F1F5_67D1.SAFE,2019-06-03T15:56:43
ow-0368,ow-0368.jpg,images/ow-0368.jpg,ow,1,water,ow-0368.xml,1,640,640,S1_20190604_035853_040032_VV_0,S1B_IW_GRDH_1SDV_20190604T035918_20190604T035943_016541_01F237_3B25.SAFE,2019-06-04T03:58:53
ow-0369,ow-0369.jpg,images/ow-0369.jpg,ow,1,water,ow-0369.xml,1,640,640,S1_20190604_154838_155018_VV_0,S1A_IW_GRDH_1SDV_20190604T154928_20190604T154953_027532_031B5A_1FA3.SAFE,2019-06-04T15:48:38
ow-0370,ow-0370.jpg,images/ow-0370.jpg,ow,1,water,ow-0370.xml,2,640,640,S1_20190605_035119_035301_VV_0,S1A_IW_GRDH_1SDV_20190605T035209_20190605T035234_027539_031B8E_FFE0.SAFE,2019-06-05T03:51:19
ow-0371,ow-0371.jpg,images/ow-0371.jpg,ow,1,water,ow-0371.xml,1,1289,1289,S1_20190605_153945_154100_VV_0,S1B_IW_GRDH_1SDV_20190605T154035_20190605T154100_016563_01F2E3_849B.SAFE,2019-06-05T15:39:45
ow-0372,ow-0372.jpg,images/ow-0372.jpg,ow,1,water,ow-0372.xml,1,640,640,S1_20190605_153945_154100_VV_1,S1B_IW_GRDH_1SDV_20190605T154035_20190605T154100_016563_01F2E3_849B.SAFE,2019-06-05T15:39:45
ow-0373,ow-0373.jpg,images/ow-0373.jpg,ow,1,water,ow-0373.xml,1,640,640,S1_20190605_153945_154100_VV_2,S1B_IW_GRDH_1SDV_20190605T154035_20190605T154100_016563_01F2E3_849B.SAFE,2019-06-05T15:39:45
ow-0374,ow-0374.jpg,images/ow-0374.jpg,ow,1,water,ow-0374.xml,3,1758,1758,S1_20190606_034221_034401_VV_0,S1B_IW_GRDH_1SDV_20190606T034246_20190606T034311_016570_01F315_F9B4.SAFE,2019-06-06T03:42:21
ow-0375,ow-0375.jpg,images/ow-0375.jpg,ow,1,water,ow-0375.xml,1,640,640,S1_20190609_155640_155820_VV_2,S1A_IW_GRDH_1SDV_20190609T155730_20190609T155755_027605_031D91_51DD.SAFE,2019-06-09T15:56:40
ow-0376,ow-0376.jpg,images/ow-0376.jpg,ow,1,water,ow-0376.xml,1,1856,1856,S1_20190610_035930_040110_VV_0,S1A_IW_GRDH_1SDV_20190610T035955_20190610T040020_027612_031DBE_1D43.SAFE;S1A_IW_GRDH_1SDV_20190610T035930_20190610T035955_027612_031DBE_CF47.SAFE,2019-06-10T03:59:30
ow-0377,ow-0377.jpg,images/ow-0377.jpg,ow,1,water,ow-0377.xml,2,640,640,S1_20190610_035930_040110_VV_1,S1A_IW_GRDH_1SDV_20190610T040020_20190610T040045_027612_031DBE_747E.SAFE,2019-06-10T03:59:30
ow-0378,ow-0378.jpg,images/ow-0378.jpg,ow,1,water,ow-0378.xml,3,640,640,S1_20190610_035930_040110_VV_2,S1A_IW_GRDH_1SDV_20190610T040020_20190610T040045_027612_031DBE_747E.SAFE,2019-06-10T03:59:30
ow-0379,ow-0379.jpg,images/ow-0379.jpg,ow,1,water,ow-0379.xml,2,640,640,S1_20190610_035930_040110_VV_3,S1A_IW_GRDH_1SDV_20190610T040020_20190610T040045_027612_031DBE_747E.SAFE,2019-06-10T03:59:30
ow-0380,ow-0380.jpg,images/ow-0380.jpg,ow,1,water,ow-0380.xml,1,640,640,S1_20190610_035930_040110_VV_4,S1A_IW_GRDH_1SDV_20190610T040020_20190610T040045_027612_031DBE_747E.SAFE,2019-06-10T03:59:30
ow-0381,ow-0381.jpg,images/ow-0381.jpg,ow,1,water,ow-0381.xml,8,640,640,S1_20190610_035930_040110_VV_5,S1A_IW_GRDH_1SDV_20190610T040045_20190610T040110_027612_031DBE_F456.SAFE;S1A_IW_GRDH_1SDV_20190610T040020_20190610T040045_027612_031DBE_747E.SAFE,2019-06-10T03:59:30
ow-0382,ow-0382.jpg,images/ow-0382.jpg,ow,1,water,ow-0382.xml,3,640,640,S1_20190610_035930_040110_VV_6,S1A_IW_GRDH_1SDV_20190610T040020_20190610T040045_027612_031DBE_747E.SAFE,2019-06-10T03:59:30
ow-0383,ow-0383.jpg,images/ow-0383.jpg,ow,1,water,ow-0383.xml,7,640,640,S1_20190610_035930_040110_VV_8,S1A_IW_GRDH_1SDV_20190610T040045_20190610T040110_027612_031DBE_F456.SAFE;S1A_IW_GRDH_1SDV_20190610T040020_20190610T040045_027612_031DBE_747E.SAFE,2019-06-10T03:59:30
ow-0384,ow-0384.jpg,images/ow-0384.jpg,ow,1,water,ow-0384.xml,4,640,640,S1_20190610_035930_040110_VV_9,S1A_IW_GRDH_1SDV_20190610T040045_20190610T040110_027612_031DBE_F456.SAFE;S1A_IW_GRDH_1SDV_20190610T040020_20190610T040045_027612_031DBE_747E.SAFE,2019-06-10T03:59:30
ow-0385,ow-0385.jpg,images/ow-0385.jpg,ow,1,water,ow-0385.xml,4,640,640,S1_20190610_035930_040110_VV_10,S1A_IW_GRDH_1SDV_20190610T040045_20190610T040110_027612_031DBE_F456.SAFE,2019-06-10T03:59:30
ow-0386,ow-0386.jpg,images/ow-0386.jpg,ow,1,water,ow-0386.xml,2,640,640,S1_20190610_035930_040110_VV_11,S1A_IW_GRDH_1SDV_20190610T040045_20190610T040110_027612_031DBE_F456.SAFE,2019-06-10T03:59:30
ow-0387,ow-0387.jpg,images/ow-0387.jpg,ow,1,water,ow-0387.xml,2,640,640,S1_20190610_035930_040110_VV_12,S1A_IW_GRDH_1SDV_20190610T040045_20190610T040110_027612_031DBE_F456.SAFE,2019-06-10T03:59:30
ow-0388,ow-0388.jpg,images/ow-0388.jpg,ow,1,water,ow-0388.xml,2,918,918,S1_20190610_154748_154928_VV_0,S1B_IW_GRDH_1SDV_20190610T154813_20190610T154838_016636_01F4FD_EE80.SAFE,2019-06-10T15:47:48
ow-0389,ow-0389.jpg,images/ow-0389.jpg,ow,1,water,ow-0389.xml,1,640,640,S1_20190610_154748_154928_VV_1,S1B_IW_GRDH_1SDV_20190610T154813_20190610T154838_016636_01F4FD_EE80.SAFE;S1B_IW_GRDH_1SDV_20190610T154748_20190610T154813_016636_01F4FD_BBE4.SAFE,2019-06-10T15:47:48
ow-0390,ow-0390.jpg,images/ow-0390.jpg,ow,1,water,ow-0390.xml,1,640,640,S1_20190610_154748_154928_VV_3,S1B_IW_GRDH_1SDV_20190610T154813_20190610T154838_016636_01F4FD_EE80.SAFE,2019-06-10T15:47:48
ow-0391,ow-0391.jpg,images/ow-0391.jpg,ow,1,water,ow-0391.xml,3,640,640,S1_20190610_154748_154928_VV_5,S1B_IW_GRDH_1SDV_20190610T154813_20190610T154838_016636_01F4FD_EE80.SAFE,2019-06-10T15:47:48
ow-0392,ow-0392.jpg,images/ow-0392.jpg,ow,1,water,ow-0392.xml,1,640,640,S1_20190610_154748_154928_VV_6,S1B_IW_GRDH_1SDV_20190610T154813_20190610T154838_016636_01F4FD_EE80.SAFE,2019-06-10T15:47:48
ow-0393,ow-0393.jpg,images/ow-0393.jpg,ow,1,water,ow-0393.xml,3,640,640,S1_20190610_154748_154928_VV_7,S1B_IW_GRDH_1SDV_20190610T154813_20190610T154838_016636_01F4FD_EE80.SAFE,2019-06-10T15:47:48
ow-0394,ow-0394.jpg,images/ow-0394.jpg,ow,1,water,ow-0394.xml,5,640,640,S1_20190610_154748_154928_VV_8,S1B_IW_GRDH_1SDV_20190610T154813_20190610T154838_016636_01F4FD_EE80.SAFE,2019-06-10T15:47:48
ow-0395,ow-0395.jpg,images/ow-0395.jpg,ow,1,water,ow-0395.xml,4,640,640,S1_20190610_154748_154928_VV_9,S1B_IW_GRDH_1SDV_20190610T154813_20190610T154838_016636_01F4FD_EE80.SAFE,2019-06-10T15:47:48
ow-0396,ow-0396.jpg,images/ow-0396.jpg,ow,1,water,ow-0396.xml,7,640,640,S1_20190610_154748_154928_VV_10,S1B_IW_GRDH_1SDV_20190610T154813_20190610T154838_016636_01F4FD_EE80.SAFE,2019-06-10T15:47:48
ow-0397,ow-0397.jpg,images/ow-0397.jpg,ow,1,water,ow-0397.xml,1,640,640,S1_20190610_154748_154928_VV_11,S1B_IW_GRDH_1SDV_20190610T154813_20190610T154838_016636_01F4FD_EE80.SAFE,2019-06-10T15:47:48
ow-0398,ow-0398.jpg,images/ow-0398.jpg,ow,1,water,ow-0398.xml,5,640,640,S1_20190610_154748_154928_VV_12,S1B_IW_GRDH_1SDV_20190610T154813_20190610T154838_016636_01F4FD_EE80.SAFE,2019-06-10T15:47:48
ow-0399,ow-0399.jpg,images/ow-0399.jpg,ow,1,water,ow-0399.xml,2,640,640,S1_20190610_154748_154928_VV_13,S1B_IW_GRDH_1SDV_20190610T154813_20190610T154838_016636_01F4FD_EE80.SAFE,2019-06-10T15:47:48
ow-0400,ow-0400.jpg,images/ow-0400.jpg,ow,1,water,ow-0400.xml,2,640,640,S1_20190610_154748_154928_VV_14,S1B_IW_GRDH_1SDV_20190610T154813_20190610T154838_016636_01F4FD_EE80.SAFE,2019-06-10T15:47:48
ow-0401,ow-0401.jpg,images/ow-0401.jpg,ow,1,water,ow-0401.xml,6,640,640,S1_20190610_154748_154928_VV_15,S1B_IW_GRDH_1SDV_20190610T154813_20190610T154838_016636_01F4FD_EE80.SAFE,2019-06-10T15:47:48
ow-0402,ow-0402.jpg,images/ow-0402.jpg,ow,1,water,ow-0402.xml,4,640,640,S1_20190610_154748_154928_VV_16,S1B_IW_GRDH_1SDV_20190610T154838_20190610T154903_016636_01F4FD_6C1D.SAFE,2019-06-10T15:47:48
ow-0403,ow-0403.jpg,images/ow-0403.jpg,ow,1,water,ow-0403.xml,1,640,640,S1_20190610_154748_154928_VV_17,S1B_IW_GRDH_1SDV_20190610T154838_20190610T154903_016636_01F4FD_6C1D.SAFE,2019-06-10T15:47:48
ow-0404,ow-0404.jpg,images/ow-0404.jpg,ow,1,water,ow-0404.xml,14,640,640,S1_20190610_154748_154928_VV_19,S1B_IW_GRDH_1SDV_20190610T154903_20190610T154928_016636_01F4FD_9997.SAFE,2019-06-10T15:47:48
ow-0405,ow-0405.jpg,images/ow-0405.jpg,ow,1,water,ow-0405.xml,4,640,640,S1_20190610_154748_154928_VV_22,S1B_IW_GRDH_1SDV_20190610T154903_20190610T154928_016636_01F4FD_9997.SAFE,2019-06-10T15:47:48
ow-0406,ow-0406.jpg,images/ow-0406.jpg,ow,1,water,ow-0406.xml,1,640,640,S1_20190611_035043_035222_VV_0,S1B_IW_GRDH_1SDV_20190611T035108_20190611T035133_016643_01F530_8AD0.SAFE;S1B_IW_GRDH_1SDV_20190611T035043_20190611T035108_016643_01F530_F253.SAFE,2019-06-11T03:50:43
ow-0407,ow-0407.jpg,images/ow-0407.jpg,ow,1,water,ow-0407.xml,6,640,640,S1_20190611_035043_035222_VV_1,S1B_IW_GRDH_1SDV_20190611T035133_20190611T035158_016643_01F530_8193.SAFE,2019-06-11T03:50:43
ow-0408,ow-0408.jpg,images/ow-0408.jpg,ow,1,water,ow-0408.xml,3,640,640,S1_20190611_035043_035222_VV_2,S1B_IW_GRDH_1SDV_20190611T035133_20190611T035158_016643_01F530_8193.SAFE,2019-06-11T03:50:43
ow-0409,ow-0409.jpg,images/ow-0409.jpg,ow,1,water,ow-0409.xml,4,640,640,S1_20190611_154010_154150_VV_0,S1A_IW_GRDH_1SDV_20190611T154125_20190611T154150_027634_031E6E_BCB3.SAFE,2019-06-11T15:40:10
ow-0410,ow-0410.jpg,images/ow-0410.jpg,ow,1,water,ow-0410.xml,1,640,640,S1_20190611_154010_154150_VV_1,S1A_IW_GRDH_1SDV_20190611T154125_20190611T154150_027634_031E6E_BCB3.SAFE,2019-06-11T15:40:10
ow-0411,ow-0411.jpg,images/ow-0411.jpg,ow,1,water,ow-0411.xml,2,640,640,S1_20190611_154010_154150_VV_2,S1A_IW_GRDH_1SDV_20190611T154125_20190611T154150_027634_031E6E_BCB3.SAFE,2019-06-11T15:40:10
ow-0412,ow-0412.jpg,images/ow-0412.jpg,ow,1,water,ow-0412.xml,1,640,640,S1_20190612_034300_034440_VV_0,S1A_IW_GRDH_1SDV_20190612T034325_20190612T034350_027641_031EA9_55D4.SAFE,2019-06-12T03:43:00
ow-0413,ow-0413.jpg,images/ow-0413.jpg,ow,1,water,ow-0413.xml,3,640,640,S1_20190612_034300_034440_VV_1,S1A_IW_GRDH_1SDV_20190612T034325_20190612T034350_027641_031EA9_55D4.SAFE,2019-06-12T03:43:00
ow-0414,ow-0414.jpg,images/ow-0414.jpg,ow,1,water,ow-0414.xml,2,640,640,S1_20190612_034300_034440_VV_2,S1A_IW_GRDH_1SDV_20190612T034325_20190612T034350_027641_031EA9_55D4.SAFE,2019-06-12T03:43:00
ow-0415,ow-0415.jpg,images/ow-0415.jpg,ow,1,water,ow-0415.xml,1,640,640,S1_20190612_034300_034440_VV_3,S1A_IW_GRDH_1SDV_20190612T034325_20190612T034350_027641_031EA9_55D4.SAFE,2019-06-12T03:43:00
ow-0416,ow-0416.jpg,images/ow-0416.jpg,ow,1,water,ow-0416.xml,2,640,640,S1_20190612_034300_034440_VV_4,S1A_IW_GRDH_1SDV_20190612T034325_20190612T034350_027641_031EA9_55D4.SAFE,2019-06-12T03:43:00
ow-0417,ow-0417.jpg,images/ow-0417.jpg,ow,1,water,ow-0417.xml,1,640,640,S1_20190612_034300_034440_VV_5,S1A_IW_GRDH_1SDV_20190612T034350_20190612T034415_027641_031EA9_1964.SAFE,2019-06-12T03:43:00
ow-0418,ow-0418.jpg,images/ow-0418.jpg,ow,1,water,ow-0418.xml,1,640,640,S1_20190612_034300_034440_VV_6,S1A_IW_GRDH_1SDV_20190612T034350_20190612T034415_027641_031EA9_1964.SAFE,2019-06-12T03:43:00
ow-0419,ow-0419.jpg,images/ow-0419.jpg,ow,1,water,ow-0419.xml,1,640,640,S1_20190612_034300_034440_VV_8,S1A_IW_GRDH_1SDV_20190612T034415_20190612T034440_027641_031EA9_6044.SAFE,2019-06-12T03:43:00
ow-0420,ow-0420.jpg,images/ow-0420.jpg,ow,1,water,ow-0420.xml,2,640,640,S1_20190615_155613_155638_VV_3,S1B_IW_GRDH_1SDV_20190615T155613_20190615T155638_016709_01F729_3F2F.SAFE,2019-06-15T15:56:13
ow-0421,ow-0421.jpg,images/ow-0421.jpg,ow,1,water,ow-0421.xml,1,640,640,S1_20190615_155613_155638_VV_4,S1B_IW_GRDH_1SDV_20190615T155613_20190615T155638_016709_01F729_3F2F.SAFE,2019-06-15T15:56:13
ow-0422,ow-0422.jpg,images/ow-0422.jpg,ow,1,water,ow-0422.xml,1,640,640,S1_20190615_155613_155638_VV_5,S1B_IW_GRDH_1SDV_20190615T155613_20190615T155638_016709_01F729_3F2F.SAFE,2019-06-15T15:56:13
ow-0423,ow-0423.jpg,images/ow-0423.jpg,ow,1,water,ow-0423.xml,1,640,640,S1_20190615_155644_155738_VV_0,S1B_IW_GRDH_1SDV_20190615T155644_20190615T155713_016709_01F72A_CB72.SAFE,2019-06-15T15:56:44
ow-0424,ow-0424.jpg,images/ow-0424.jpg,ow,1,water,ow-0424.xml,1,640,640,S1_20190616_035853_040032_VV_1,S1B_IW_GRDH_1SDV_20190616T035943_20190616T040008_016716_01F766_771C.SAFE,2019-06-16T03:58:53
ow-0425,ow-0425.jpg,images/ow-0425.jpg,ow,1,water,ow-0425.xml,1,640,640,S1_20190616_035853_040032_VV_2,S1B_IW_GRDH_1SDV_20190616T035943_20190616T040008_016716_01F766_771C.SAFE,2019-06-16T03:58:53
ow-0426,ow-0426.jpg,images/ow-0426.jpg,ow,1,water,ow-0426.xml,1,640,640,S1_20190616_035853_040032_VV_3,S1B_IW_GRDH_1SDV_20190616T035943_20190616T040008_016716_01F766_771C.SAFE,2019-06-16T03:58:53
ow-0427,ow-0427.jpg,images/ow-0427.jpg,ow,1,water,ow-0427.xml,1,640,640,S1_20190616_035853_040032_VV_4,S1B_IW_GRDH_1SDV_20190616T040008_20190616T040032_016716_01F766_6FBC.SAFE;S1B_IW_GRDH_1SDV_20190616T035943_20190616T040008_016716_01F766_771C.SAFE,2019-06-16T03:58:53
ow-0428,ow-0428.jpg,images/ow-0428.jpg,ow,1,water,ow-0428.xml,7,640,640,S1_20190616_154839_155019_VV_1,S1A_IW_GRDH_1SDV_20190616T154904_20190616T154929_027707_0320A3_CB6F.SAFE,2019-06-16T15:48:39
ow-0429,ow-0429.jpg,images/ow-0429.jpg,ow,1,water,ow-0429.xml,7,640,640,S1_20190617_035120_035301_VV_0,S1A_IW_GRDH_1SDV_20190617T035210_20190617T035235_027714_0320D5_307F.SAFE;S1A_IW_GRDH_1SDV_20190617T035145_20190617T035210_027714_0320D5_4009.SAFE,2019-06-17T03:51:20
ow-0430,ow-0430.jpg,images/ow-0430.jpg,ow,1,water,ow-0430.xml,1,640,640,S1_20190617_035120_035301_VV_1,S1A_IW_GRDH_1SDV_20190617T035210_20190617T035235_027714_0320D5_307F.SAFE,2019-06-17T03:51:20
ow-0431,ow-0431.jpg,images/ow-0431.jpg,ow,1,water,ow-0431.xml,2,640,640,S1_20190617_035120_035301_VV_2,S1A_IW_GRDH_1SDV_20190617T035210_20190617T035235_027714_0320D5_307F.SAFE,2019-06-17T03:51:20
ow-0432,ow-0432.jpg,images/ow-0432.jpg,ow,1,water,ow-0432.xml,1,640,640,S1_20190617_035120_035301_VV_3,S1A_IW_GRDH_1SDV_20190617T035210_20190617T035235_027714_0320D5_307F.SAFE,2019-06-17T03:51:20
ow-0433,ow-0433.jpg,images/ow-0433.jpg,ow,1,water,ow-0433.xml,1,640,640,S1_20190617_153946_154101_VV_1,S1B_IW_GRDH_1SDV_20190617T154011_20190617T154036_016738_01F815_C47E.SAFE,2019-06-17T15:39:46
ow-0434,ow-0434.jpg,images/ow-0434.jpg,ow,1,water,ow-0434.xml,5,640,640,S1_20190617_153946_154101_VV_2,S1B_IW_GRDH_1SDV_20190617T154036_20190617T154101_016738_01F815_6C83.SAFE,2019-06-17T15:39:46
ow-0435,ow-0435.jpg,images/ow-0435.jpg,ow,1,water,ow-0435.xml,1,640,640,S1_20190617_153946_154101_VV_3,S1B_IW_GRDH_1SDV_20190617T154036_20190617T154101_016738_01F815_6C83.SAFE,2019-06-17T15:39:46
ow-0436,ow-0436.jpg,images/ow-0436.jpg,ow,1,water,ow-0436.xml,1,640,640,S1_20190618_034221_034401_VV_0,S1B_IW_GRDH_1SDV_20190618T034246_20190618T034311_016745_01F848_4829.SAFE,2019-06-18T03:42:21
ow-0437,ow-0437.jpg,images/ow-0437.jpg,ow,1,water,ow-0437.xml,1,640,640,S1_20190618_034221_034401_VV_4,S1B_IW_GRDH_1SDV_20190618T034311_20190618T034336_016745_01F848_5E80.SAFE,2019-06-18T03:42:21
ow-0438,ow-0438.jpg,images/ow-0438.jpg,ow,1,water,ow-0438.xml,5,1294,1294,S1_20190622_035930_040110_VV_0,S1A_IW_GRDH_1SDV_20190622T035955_20190622T040020_027787_0322FB_5391.SAFE,2019-06-22T03:59:30
ow-0439,ow-0439.jpg,images/ow-0439.jpg,ow,1,water,ow-0439.xml,1,640,640,S1_20190622_035930_040110_VV_2,S1A_IW_GRDH_1SDV_20190622T035955_20190622T040020_027787_0322FB_5391.SAFE,2019-06-22T03:59:30
ow-0440,ow-0440.jpg,images/ow-0440.jpg,ow,1,water,ow-0440.xml,10,640,640,S1_20190622_035930_040110_VV_3,S1A_IW_GRDH_1SDV_20190622T040045_20190622T040110_027787_0322FB_3F3F.SAFE,2019-06-22T03:59:30
ow-0441,ow-0441.jpg,images/ow-0441.jpg,ow,1,water,ow-0441.xml,1,640,640,S1_20190622_154749_154929_VV_0,S1B_IW_GRDH_1SDV_20190622T154814_20190622T154839_016811_01FA2F_42DF.SAFE;S1B_IW_GRDH_1SDV_20190622T154749_20190622T154814_016811_01FA2F_09AC.SAFE,2019-06-22T15:47:49
ow-0442,ow-0442.jpg,images/ow-0442.jpg,ow,1,water,ow-0442.xml,1,640,640,S1_20190622_154749_154929_VV_2,S1B_IW_GRDH_1SDV_20190622T154814_20190622T154839_016811_01FA2F_42DF.SAFE,2019-06-22T15:47:49
ow-0443,ow-0443.jpg,images/ow-0443.jpg,ow,1,water,ow-0443.xml,3,640,640,S1_20190622_154749_154929_VV_4,S1B_IW_GRDH_1SDV_20190622T154839_20190622T154904_016811_01FA2F_72AA.SAFE,2019-06-22T15:47:49
ow-0444,ow-0444.jpg,images/ow-0444.jpg,ow,1,water,ow-0444.xml,1,640,640,S1_20190622_154749_154929_VV_5,S1B_IW_GRDH_1SDV_20190622T154839_20190622T154904_016811_01FA2F_72AA.SAFE,2019-06-22T15:47:49
ow-0445,ow-0445.jpg,images/ow-0445.jpg,ow,1,water,ow-0445.xml,4,640,640,S1_20190622_154749_154929_VV_6,S1B_IW_GRDH_1SDV_20190622T154839_20190622T154904_016811_01FA2F_72AA.SAFE,2019-06-22T15:47:49
ow-0446,ow-0446.jpg,images/ow-0446.jpg,ow,1,water,ow-0446.xml,2,640,640,S1_20190622_154749_154929_VV_7,S1B_IW_GRDH_1SDV_20190622T154839_20190622T154904_016811_01FA2F_72AA.SAFE,2019-06-22T15:47:49
ow-0447,ow-0447.jpg,images/ow-0447.jpg,ow,1,water,ow-0447.xml,5,977,977,S1_20190623_035044_035223_VV_0,S1B_IW_GRDH_1SDV_20190623T035134_20190623T035159_016818_01FA62_D8E1.SAFE,2019-06-23T03:50:44
ow-0448,ow-0448.jpg,images/ow-0448.jpg,ow,1,water,ow-0448.xml,4,640,640,S1_20190623_035044_035223_VV_1,S1B_IW_GRDH_1SDV_20190623T035109_20190623T035134_016818_01FA62_8B22.SAFE,2019-06-23T03:50:44
ow-0449,ow-0449.jpg,images/ow-0449.jpg,ow,1,water,ow-0449.xml,1,640,640,S1_20190623_035044_035223_VV_2,S1B_IW_GRDH_1SDV_20190623T035109_20190623T035134_016818_01FA62_8B22.SAFE,2019-06-23T03:50:44
ow-0450,ow-0450.jpg,images/ow-0450.jpg,ow,1,water,ow-0450.xml,1,640,640,S1_20190623_035044_035223_VV_3,S1B_IW_GRDH_1SDV_20190623T035134_20190623T035159_016818_01FA62_D8E1.SAFE,2019-06-23T03:50:44
ow-0451,ow-0451.jpg,images/ow-0451.jpg,ow,1,water,ow-0451.xml,2,640,640,S1_20190623_035044_035223_VV_4,S1B_IW_GRDH_1SDV_20190623T035134_20190623T035159_016818_01FA62_D8E1.SAFE,2019-06-23T03:50:44
ow-0452,ow-0452.jpg,images/ow-0452.jpg,ow,1,water,ow-0452.xml,2,640,640,S1_20190623_035044_035223_VV_5,S1B_IW_GRDH_1SDV_20190623T035134_20190623T035159_016818_01FA62_D8E1.SAFE,2019-06-23T03:50:44
ow-0453,ow-0453.jpg,images/ow-0453.jpg,ow,1,water,ow-0453.xml,1,640,640,S1_20190623_035044_035223_VV_6,S1B_IW_GRDH_1SDV_20190623T035134_20190623T035159_016818_01FA62_D8E1.SAFE,2019-06-23T03:50:44
ow-0454,ow-0454.jpg,images/ow-0454.jpg,ow,1,water,ow-0454.xml,2,808,808,S1_20190623_035044_035223_VV_8,S1B_IW_GRDH_1SDV_20190623T035134_20190623T035159_016818_01FA62_D8E1.SAFE,2019-06-23T03:50:44
ow-0455,ow-0455.jpg,images/ow-0455.jpg,ow,1,water,ow-0455.xml,2,640,640,S1_20190623_035044_035223_VV_9,S1B_IW_GRDH_1SDV_20190623T035134_20190623T035159_016818_01FA62_D8E1.SAFE,2019-06-23T03:50:44
ow-0456,ow-0456.jpg,images/ow-0456.jpg,ow,1,water,ow-0456.xml,7,640,640,S1_20190623_035044_035223_VV_10,S1B_IW_GRDH_1SDV_20190623T035134_20190623T035159_016818_01FA62_D8E1.SAFE,2019-06-23T03:50:44
ow-0457,ow-0457.jpg,images/ow-0457.jpg,ow,1,water,ow-0457.xml,1,640,640,S1_20190623_035044_035223_VV_13,S1B_IW_GRDH_1SDV_20190623T035134_20190623T035159_016818_01FA62_D8E1.SAFE,2019-06-23T03:50:44
ow-0458,ow-0458.jpg,images/ow-0458.jpg,ow,1,water,ow-0458.xml,3,2804,2804,S1_20190623_154011_154151_VV_0,S1A_IW_GRDH_1SDV_20190623T154126_20190623T154151_027809_0323A6_DF6C.SAFE,2019-06-23T15:40:11
ow-0459,ow-0459.jpg,images/ow-0459.jpg,ow,1,water,ow-0459.xml,1,640,640,S1_20190623_154011_154151_VV_1,S1A_IW_GRDH_1SDV_20190623T154101_20190623T154126_027809_0323A6_698E.SAFE,2019-06-23T15:40:11
ow-0460,ow-0460.jpg,images/ow-0460.jpg,ow,1,water,ow-0460.xml,1,640,640,S1_20190623_154011_154151_VV_2,S1A_IW_GRDH_1SDV_20190623T154101_20190623T154126_027809_0323A6_698E.SAFE,2019-06-23T15:40:11
ow-0461,ow-0461.jpg,images/ow-0461.jpg,ow,1,water,ow-0461.xml,3,640,640,S1_20190623_154011_154151_VV_3,S1A_IW_GRDH_1SDV_20190623T154101_20190623T154126_027809_0323A6_698E.SAFE,2019-06-23T15:40:11
ow-0462,ow-0462.jpg,images/ow-0462.jpg,ow,1,water,ow-0462.xml,1,640,640,S1_20190623_154011_154151_VV_4,S1A_IW_GRDH_1SDV_20190623T154101_20190623T154126_027809_0323A6_698E.SAFE,2019-06-23T15:40:11
ow-0463,ow-0463.jpg,images/ow-0463.jpg,ow,1,water,ow-0463.xml,2,1748,1748,S1_20190624_034301_034441_VV_0,S1A_IW_GRDH_1SDV_20190624T034351_20190624T034416_027816_0323DB_253E.SAFE,2019-06-24T03:43:01
ow-0464,ow-0464.jpg,images/ow-0464.jpg,ow,1,water,ow-0464.xml,2,640,640,S1_20190624_034301_034441_VV_3,S1A_IW_GRDH_1SDV_20190624T034351_20190624T034416_027816_0323DB_253E.SAFE,2019-06-24T03:43:01
ow-0465,ow-0465.jpg,images/ow-0465.jpg,ow,1,water,ow-0465.xml,3,640,640,S1_20190624_034301_034441_VV_4,S1A_IW_GRDH_1SDV_20190624T034351_20190624T034416_027816_0323DB_253E.SAFE,2019-06-24T03:43:01
ow-0466,ow-0466.jpg,images/ow-0466.jpg,ow,1,water,ow-0466.xml,1,640,640,S1_20190624_034301_034441_VV_5,S1A_IW_GRDH_1SDV_20190624T034351_20190624T034416_027816_0323DB_253E.SAFE,2019-06-24T03:43:01
ow-0467,ow-0467.jpg,images/ow-0467.jpg,ow,1,water,ow-0467.xml,2,640,640,S1_20190624_034301_034441_VV_7,S1A_IW_GRDH_1SDV_20190624T034416_20190624T034441_027816_0323DB_9B01.SAFE;S1A_IW_GRDH_1SDV_20190624T034351_20190624T034416_027816_0323DB_253E.SAFE,2019-06-24T03:43:01
ow-0468,ow-0468.jpg,images/ow-0468.jpg,ow,1,water,ow-0468.xml,1,640,640,S1_20190624_034301_034441_VV_8,S1A_IW_GRDH_1SDV_20190624T034416_20190624T034441_027816_0323DB_9B01.SAFE,2019-06-24T03:43:01
ow-0469,ow-0469.jpg,images/ow-0469.jpg,ow,1,water,ow-0469.xml,24,640,640,S1_20190624_034301_034441_VV_12,S1A_IW_GRDH_1SDV_20190624T034416_20190624T034441_027816_0323DB_9B01.SAFE,2019-06-24T03:43:01
ow-0470,ow-0470.jpg,images/ow-0470.jpg,ow,1,water,ow-0470.xml,3,640,640,S1_20190624_034301_034441_VV_14,S1A_IW_GRDH_1SDV_20190624T034416_20190624T034441_027816_0323DB_9B01.SAFE,2019-06-24T03:43:01
ow-0471,ow-0471.jpg,images/ow-0471.jpg,ow,1,water,ow-0471.xml,2,640,640,S1_20190626_160452_160632_VV_1,S1A_IW_GRDH_1SDV_20190626T160517_20190626T160542_027853_032501_FC2B.SAFE,2019-06-26T16:04:52
ow-0472,ow-0472.jpg,images/ow-0472.jpg,ow,1,water,ow-0472.xml,2,640,640,S1_20190627_155614_155639_VV_1,S1B_IW_GRDH_1SDV_20190627T155614_20190627T155639_016884_01FC51_DE9E.SAFE,2019-06-27T15:56:14
ow-0473,ow-0473.jpg,images/ow-0473.jpg,ow,1,water,ow-0473.xml,2,640,640,S1_20190627_155614_155639_VV_3,S1B_IW_GRDH_1SDV_20190627T155614_20190627T155639_016884_01FC51_DE9E.SAFE,2019-06-27T15:56:14
ow-0474,ow-0474.jpg,images/ow-0474.jpg,ow,1,water,ow-0474.xml,3,640,640,S1_20190627_155645_155739_VV_0,S1B_IW_GRDH_1SDV_20190627T155714_20190627T155739_016884_01FC52_8DA3.SAFE,2019-06-27T15:56:45
ow-0475,ow-0475.jpg,images/ow-0475.jpg,ow,1,water,ow-0475.xml,1,640,640,S1_20190628_035854_040033_VV_0,S1B_IW_GRDH_1SDV_20190628T035944_20190628T040009_016891_01FC8F_02B3.SAFE,2019-06-28T03:58:54
ow-0476,ow-0476.jpg,images/ow-0476.jpg,ow,1,water,ow-0476.xml,3,640,640,S1_20190628_035854_040033_VV_1,S1B_IW_GRDH_1SDV_20190628T035944_20190628T040009_016891_01FC8F_02B3.SAFE,2019-06-28T03:58:54
ow-0477,ow-0477.jpg,images/ow-0477.jpg,ow,1,water,ow-0477.xml,1,640,640,S1_20190701_033458_033638_VV_0,S1A_IW_GRDH_1SDV_20190701T033523_20190701T033548_027918_0326E9_06FF.SAFE,2019-07-01T03:34:58
ow-0478,ow-0478.jpg,images/ow-0478.jpg,ow,1,water,ow-0478.xml,1,640,640,S1_20190702_160409_160549_VV_0,S1B_IW_GRDH_1SDV_20190702T160434_20190702T160459_016957_01FE80_B1B5.SAFE,2019-07-02T16:04:09
ow-0479,ow-0479.jpg,images/ow-0479.jpg,ow,1,water,ow-0479.xml,2,640,640,S1_20190702_160409_160549_VV_1,S1B_IW_GRDH_1SDV_20190702T160434_20190702T160459_016957_01FE80_B1B5.SAFE,2019-07-02T16:04:09
ow-0480,ow-0480.jpg,images/ow-0480.jpg,ow,1,water,ow-0480.xml,1,640,640,S1_20190702_160409_160549_VV_2,S1B_IW_GRDH_1SDV_20190702T160434_20190702T160459_016957_01FE80_B1B5.SAFE,2019-07-02T16:04:09
ow-0481,ow-0481.jpg,images/ow-0481.jpg,ow,1,water,ow-0481.xml,4,640,640,S1_20190702_160409_160549_VV_5,S1B_IW_GRDH_1SDV_20190702T160434_20190702T160459_016957_01FE80_B1B5.SAFE,2019-07-02T16:04:09
ow-0482,ow-0482.jpg,images/ow-0482.jpg,ow,1,water,ow-0482.xml,1,640,640,S1_20190704_035931_040111_VV_0,S1A_IW_GRDH_1SDV_20190704T040021_20190704T040046_027962_032842_407B.SAFE;S1A_IW_GRDH_1SDV_20190704T035956_20190704T040021_027962_032842_24F2.SAFE,2019-07-04T03:59:31
ow-0483,ow-0483.jpg,images/ow-0483.jpg,ow,1,water,ow-0483.xml,1,640,640,S1_20190704_035931_040111_VV_1,S1A_IW_GRDH_1SDV_20190704T040021_20190704T040046_027962_032842_407B.SAFE,2019-07-04T03:59:31
ow-0484,ow-0484.jpg,images/ow-0484.jpg,ow,1,water,ow-0484.xml,1,640,640,S1_20190704_154750_154930_VV_0,S1B_IW_GRDH_1SDV_20190704T154815_20190704T154840_016986_01FF5D_EF00.SAFE;S1B_IW_GRDH_1SDV_20190704T154750_20190704T154815_016986_01FF5D_6295.SAFE,2019-07-04T15:47:50
ow-0485,ow-0485.jpg,images/ow-0485.jpg,ow,1,water,ow-0485.xml,1,1958,1958,S1_20190705_035045_035224_VV_0,S1B_IW_GRDH_1SDV_20190705T035135_20190705T035200_016993_01FF91_128D.SAFE,2019-07-05T03:50:45
ow-0486,ow-0486.jpg,images/ow-0486.jpg,ow,1,water,ow-0486.xml,4,640,640,S1_20190705_035045_035224_VV_1,S1B_IW_GRDH_1SDV_20190705T035135_20190705T035200_016993_01FF91_128D.SAFE,2019-07-05T03:50:45
ow-0487,ow-0487.jpg,images/ow-0487.jpg,ow,1,water,ow-0487.xml,2,640,640,S1_20190705_035045_035224_VV_2,S1B_IW_GRDH_1SDV_20190705T035135_20190705T035200_016993_01FF91_128D.SAFE,2019-07-05T03:50:45
ow-0488,ow-0488.jpg,images/ow-0488.jpg,ow,1,water,ow-0488.xml,3,640,640,S1_20190705_035045_035224_VV_3,S1B_IW_GRDH_1SDV_20190705T035135_20190705T035200_016993_01FF91_128D.SAFE,2019-07-05T03:50:45
ow-0489,ow-0489.jpg,images/ow-0489.jpg,ow,1,water,ow-0489.xml,3,640,640,S1_20190705_154012_154152_VV_0,S1A_IW_GRDH_1SDV_20190705T154102_20190705T154127_027984_0328EF_8C32.SAFE,2019-07-05T15:40:12
ow-0490,ow-0490.jpg,images/ow-0490.jpg,ow,1,water,ow-0490.xml,3,640,640,S1_20190705_154012_154152_VV_1,S1A_IW_GRDH_1SDV_20190705T154102_20190705T154127_027984_0328EF_8C32.SAFE,2019-07-05T15:40:12
ow-0491,ow-0491.jpg,images/ow-0491.jpg,ow,1,water,ow-0491.xml,1,640,640,S1_20190705_154012_154152_VV_2,S1A_IW_GRDH_1SDV_20190705T154102_20190705T154127_027984_0328EF_8C32.SAFE,2019-07-05T15:40:12
ow-0492,ow-0492.jpg,images/ow-0492.jpg,ow,1,water,ow-0492.xml,1,640,640,S1_20190709_155646_155740_VV_0,S1B_IW_GRDH_1SDV_20190709T155646_20190709T155715_017059_020187_97CC.SAFE,2019-07-09T15:56:46
ow-0493,ow-0493.jpg,images/ow-0493.jpg,ow,1,water,ow-0493.xml,1,640,640,S1_20190709_155646_155740_VV_1,S1B_IW_GRDH_1SDV_20190709T155646_20190709T155715_017059_020187_97CC.SAFE,2019-07-09T15:56:46
ow-0494,ow-0494.jpg,images/ow-0494.jpg,ow,1,water,ow-0494.xml,1,640,640,S1_20190709_155646_155740_VV_2,S1B_IW_GRDH_1SDV_20190709T155646_20190709T155715_017059_020187_97CC.SAFE,2019-07-09T15:56:46
ow-0495,ow-0495.jpg,images/ow-0495.jpg,ow,1,water,ow-0495.xml,1,640,640,S1_20190710_035855_040034_VV_1,S1B_IW_GRDH_1SDV_20190710T035920_20190710T035945_017066_0201C0_98FA.SAFE,2019-07-10T03:58:55
ow-0496,ow-0496.jpg,images/ow-0496.jpg,ow,1,water,ow-0496.xml,1,640,640,S1_20190710_035855_040034_VV_2,S1B_IW_GRDH_1SDV_20190710T035920_20190710T035945_017066_0201C0_98FA.SAFE,2019-07-10T03:58:55
ow-0497,ow-0497.jpg,images/ow-0497.jpg,ow,1,water,ow-0497.xml,1,640,640,S1_20190710_035855_040034_VV_3,S1B_IW_GRDH_1SDV_20190710T035945_20190710T040010_017066_0201C0_A0D0.SAFE,2019-07-10T03:58:55
ow-0498,ow-0498.jpg,images/ow-0498.jpg,ow,1,water,ow-0498.xml,1,640,640,S1_20190710_154840_155020_VV_1,S1A_IW_GRDH_1SDV_20190710T154840_20190710T154905_028057_032B2E_7C5C.SAFE,2019-07-10T15:48:40
ow-0499,ow-0499.jpg,images/ow-0499.jpg,ow,1,water,ow-0499.xml,1,640,640,S1_20190710_154840_155020_VV_2,S1A_IW_GRDH_1SDV_20190710T154840_20190710T154905_028057_032B2E_7C5C.SAFE,2019-07-10T15:48:40
ow-0500,ow-0500.jpg,images/ow-0500.jpg,ow,1,water,ow-0500.xml,2,640,640,S1_20190710_154840_155020_VV_3,S1A_IW_GRDH_1SDV_20190710T154840_20190710T154905_028057_032B2E_7C5C.SAFE,2019-07-10T15:48:40
ow-0501,ow-0501.jpg,images/ow-0501.jpg,ow,1,water,ow-0501.xml,1,640,640,S1_20190710_154840_155020_VV_4,S1A_IW_GRDH_1SDV_20190710T154905_20190710T154930_028057_032B2E_E9D6.SAFE;S1A_IW_GRDH_1SDV_20190710T154840_20190710T154905_028057_032B2E_7C5C.SAFE,2019-07-10T15:48:40
ow-0502,ow-0502.jpg,images/ow-0502.jpg,ow,1,water,ow-0502.xml,2,640,640,S1_20190710_154840_155020_VV_5,S1A_IW_GRDH_1SDV_20190710T154905_20190710T154930_028057_032B2E_E9D6.SAFE,2019-07-10T15:48:40
ow-0503,ow-0503.jpg,images/ow-0503.jpg,ow,1,water,ow-0503.xml,1,640,640,S1_20190710_154840_155020_VV_6,S1A_IW_GRDH_1SDV_20190710T154905_20190710T154930_028057_032B2E_E9D6.SAFE,2019-07-10T15:48:40
ow-0504,ow-0504.jpg,images/ow-0504.jpg,ow,1,water,ow-0504.xml,1,640,640,S1_20190710_154840_155020_VV_7,S1A_IW_GRDH_1SDV_20190710T154905_20190710T154930_028057_032B2E_E9D6.SAFE,2019-07-10T15:48:40
ow-0505,ow-0505.jpg,images/ow-0505.jpg,ow,1,water,ow-0505.xml,2,640,640,S1_20190710_154840_155020_VV_8,S1A_IW_GRDH_1SDV_20190710T154905_20190710T154930_028057_032B2E_E9D6.SAFE,2019-07-10T15:48:40
ow-0506,ow-0506.jpg,images/ow-0506.jpg,ow,1,water,ow-0506.xml,2,640,640,S1_20190711_035121_035303_VV_3,S1A_IW_GRDH_1SDV_20190711T035121_20190711T035146_028064_032B5E_8132.SAFE,2019-07-11T03:51:21
ow-0507,ow-0507.jpg,images/ow-0507.jpg,ow,1,water,ow-0507.xml,1,640,640,S1_20190711_035121_035303_VV_4,S1A_IW_GRDH_1SDV_20190711T035146_20190711T035211_028064_032B5E_C727.SAFE,2019-07-11T03:51:21
ow-0508,ow-0508.jpg,images/ow-0508.jpg,ow,1,water,ow-0508.xml,1,640,640,S1_20190711_035121_035303_VV_6,S1A_IW_GRDH_1SDV_20190711T035211_20190711T035236_028064_032B5E_F1C5.SAFE,2019-07-11T03:51:21
ow-0509,ow-0509.jpg,images/ow-0509.jpg,ow,1,water,ow-0509.xml,12,640,640,S1_20190711_035121_035303_VV_7,S1A_IW_GRDH_1SDV_20190711T035211_20190711T035236_028064_032B5E_F1C5.SAFE,2019-07-11T03:51:21
ow-0510,ow-0510.jpg,images/ow-0510.jpg,ow,1,water,ow-0510.xml,1,640,640,S1_20190711_035121_035303_VV_8,S1A_IW_GRDH_1SDV_20190711T035211_20190711T035236_028064_032B5E_F1C5.SAFE,2019-07-11T03:51:21
ow-0511,ow-0511.jpg,images/ow-0511.jpg,ow,1,water,ow-0511.xml,1,640,640,S1_20190711_035121_035303_VV_9,S1A_IW_GRDH_1SDV_20190711T035211_20190711T035236_028064_032B5E_F1C5.SAFE,2019-07-11T03:51:21
ow-0512,ow-0512.jpg,images/ow-0512.jpg,ow,1,water,ow-0512.xml,1,640,640,S1_20190711_035121_035303_VV_11,S1A_IW_GRDH_1SDV_20190711T035211_20190711T035236_028064_032B5E_F1C5.SAFE,2019-07-11T03:51:21
ow-0513,ow-0513.jpg,images/ow-0513.jpg,ow,1,water,ow-0513.xml,1,640,640,S1_20190711_035121_035303_VV_12,S1A_IW_GRDH_1SDV_20190711T035236_20190711T035303_028064_032B5E_B97C.SAFE;S1A_IW_GRDH_1SDV_20190711T035211_20190711T035236_028064_032B5E_F1C5.SAFE,2019-07-11T03:51:21
ow-0514,ow-0514.jpg,images/ow-0514.jpg,ow,1,water,ow-0514.xml,3,640,640,S1_20190715_155643_155823_VV_2,S1A_IW_GRDH_1SDV_20190715T155708_20190715T155733_028130_032D5B_FC3B.SAFE,2019-07-15T15:56:43
ow-0515,ow-0515.jpg,images/ow-0515.jpg,ow,1,water,ow-0515.xml,1,1160,1160,S1_20190716_035932_040112_VV_0,S1A_IW_GRDH_1SDV_20190716T040022_20190716T040047_028137_032D90_2975.SAFE,2019-07-16T03:59:32
ow-0516,ow-0516.jpg,images/ow-0516.jpg,ow,1,water,ow-0516.xml,1,640,640,S1_20190716_035932_040112_VV_3,S1A_IW_GRDH_1SDV_20190716T040022_20190716T040047_028137_032D90_2975.SAFE,2019-07-16T03:59:32
ow-0517,ow-0517.jpg,images/ow-0517.jpg,ow,1,water,ow-0517.xml,2,640,640,S1_20190716_035932_040112_VV_4,S1A_IW_GRDH_1SDV_20190716T040022_20190716T040047_028137_032D90_2975.SAFE,2019-07-16T03:59:32
ow-0518,ow-0518.jpg,images/ow-0518.jpg,ow,1,water,ow-0518.xml,2,640,640,S1_20190716_154751_154931_VV_0,S1B_IW_GRDH_1SDV_20190716T154816_20190716T154841_017161_020487_EEF7.SAFE,2019-07-16T15:47:51
ow-0519,ow-0519.jpg,images/ow-0519.jpg,ow,1,water,ow-0519.xml,2,640,640,S1_20190716_154751_154931_VV_2,S1B_IW_GRDH_1SDV_20190716T154816_20190716T154841_017161_020487_EEF7.SAFE,2019-07-16T15:47:51
ow-0520,ow-0520.jpg,images/ow-0520.jpg,ow,1,water,ow-0520.xml,2,640,640,S1_20190716_154751_154931_VV_3,S1B_IW_GRDH_1SDV_20190716T154816_20190716T154841_017161_020487_EEF7.SAFE,2019-07-16T15:47:51
ow-0521,ow-0521.jpg,images/ow-0521.jpg,ow,1,water,ow-0521.xml,3,640,640,S1_20190716_154751_154931_VV_4,S1B_IW_GRDH_1SDV_20190716T154816_20190716T154841_017161_020487_EEF7.SAFE,2019-07-16T15:47:51
ow-0522,ow-0522.jpg,images/ow-0522.jpg,ow,1,water,ow-0522.xml,2,640,640,S1_20190716_154751_154931_VV_5,S1B_IW_GRDH_1SDV_20190716T154816_20190716T154841_017161_020487_EEF7.SAFE,2019-07-16T15:47:51
ow-0523,ow-0523.jpg,images/ow-0523.jpg,ow,1,water,ow-0523.xml,3,640,640,S1_20190716_154751_154931_VV_6,S1B_IW_GRDH_1SDV_20190716T154816_20190716T154841_017161_020487_EEF7.SAFE,2019-07-16T15:47:51
ow-0524,ow-0524.jpg,images/ow-0524.jpg,ow,1,water,ow-0524.xml,3,640,640,S1_20190716_154751_154931_VV_7,S1B_IW_GRDH_1SDV_20190716T154816_20190716T154841_017161_020487_EEF7.SAFE,2019-07-16T15:47:51
ow-0525,ow-0525.jpg,images/ow-0525.jpg,ow,1,water,ow-0525.xml,1,640,640,S1_20190716_154751_154931_VV_8,S1B_IW_GRDH_1SDV_20190716T154841_20190716T154906_017161_020487_A651.SAFE,2019-07-16T15:47:51
ow-0526,ow-0526.jpg,images/ow-0526.jpg,ow,1,water,ow-0526.xml,1,640,640,S1_20190716_154751_154931_VV_9,S1B_IW_GRDH_1SDV_20190716T154841_20190716T154906_017161_020487_A651.SAFE,2019-07-16T15:47:51
ow-0527,ow-0527.jpg,images/ow-0527.jpg,ow,1,water,ow-0527.xml,2,640,640,S1_20190716_154751_154931_VV_10,S1B_IW_GRDH_1SDV_20190716T154906_20190716T154931_017161_020487_E890.SAFE,2019-07-16T15:47:51
ow-0528,ow-0528.jpg,images/ow-0528.jpg,ow,1,water,ow-0528.xml,5,1548,1548,S1_20190718_034303_034443_VV_0,S1A_IW_GRDH_1SDV_20190718T034418_20190718T034443_028166_032E76_B00A.SAFE,2019-07-18T03:43:03
ow-0529,ow-0529.jpg,images/ow-0529.jpg,ow,1,water,ow-0529.xml,1,640,640,S1_20190718_034303_034443_VV_1,S1A_IW_GRDH_1SDV_20190718T034328_20190718T034353_028166_032E76_4818.SAFE,2019-07-18T03:43:03
ow-0530,ow-0530.jpg,images/ow-0530.jpg,ow,1,water,ow-0530.xml,1,640,640,S1_20190718_034303_034443_VV_2,S1A_IW_GRDH_1SDV_20190718T034328_20190718T034353_028166_032E76_4818.SAFE,2019-07-18T03:43:03
ow-0531,ow-0531.jpg,images/ow-0531.jpg,ow,1,water,ow-0531.xml,1,640,640,S1_20190718_034303_034443_VV_3,S1A_IW_GRDH_1SDV_20190718T034328_20190718T034353_028166_032E76_4818.SAFE,2019-07-18T03:43:03
ow-0532,ow-0532.jpg,images/ow-0532.jpg,ow,1,water,ow-0532.xml,1,640,640,S1_20190718_034303_034443_VV_4,S1A_IW_GRDH_1SDV_20190718T034328_20190718T034353_028166_032E76_4818.SAFE,2019-07-18T03:43:03
ow-0533,ow-0533.jpg,images/ow-0533.jpg,ow,1,water,ow-0533.xml,1,640,640,S1_20190718_034303_034443_VV_9,S1A_IW_GRDH_1SDV_20190718T034353_20190718T034418_028166_032E76_4F04.SAFE,2019-07-18T03:43:03
ow-0534,ow-0534.jpg,images/ow-0534.jpg,ow,1,water,ow-0534.xml,2,640,640,S1_20190718_034303_034443_VV_13,S1A_IW_GRDH_1SDV_20190718T034418_20190718T034443_028166_032E76_B00A.SAFE,2019-07-18T03:43:03
ow-0535,ow-0535.jpg,images/ow-0535.jpg,ow,1,water,ow-0535.xml,1,640,640,S1_20190722_035856_040035_VV_0,S1B_IW_GRDH_1SDV_20190722T035856_20190722T035921_017241_0206D7_728A.SAFE,2019-07-22T03:58:56
ow-0536,ow-0536.jpg,images/ow-0536.jpg,ow,1,water,ow-0536.xml,1,640,640,S1_20190722_035856_040035_VV_1,S1B_IW_GRDH_1SDV_20190722T035946_20190722T040011_017241_0206D7_90B0.SAFE,2019-07-22T03:58:56
ow-0537,ow-0537.jpg,images/ow-0537.jpg,ow,1,water,ow-0537.xml,2,640,640,S1_20190722_035856_040035_VV_2,S1B_IW_GRDH_1SDV_20190722T035946_20190722T040011_017241_0206D7_90B0.SAFE,2019-07-22T03:58:56
ow-0538,ow-0538.jpg,images/ow-0538.jpg,ow,1,water,ow-0538.xml,2,640,640,S1_20190722_154841_155021_VV_0,S1A_IW_GRDH_1SDV_20190722T154906_20190722T154931_028232_033073_7CD0.SAFE,2019-07-22T15:48:41
ow-0539,ow-0539.jpg,images/ow-0539.jpg,ow,1,water,ow-0539.xml,3,640,640,S1_20190722_154841_155021_VV_1,S1A_IW_GRDH_1SDV_20190722T154931_20190722T154956_028232_033073_685D.SAFE,2019-07-22T15:48:41
ow-0540,ow-0540.jpg,images/ow-0540.jpg,ow,1,water,ow-0540.xml,1,640,640,S1_20190722_154841_155021_VV_2,S1A_IW_GRDH_1SDV_20190722T154931_20190722T154956_028232_033073_685D.SAFE,2019-07-22T15:48:41
ow-0541,ow-0541.jpg,images/ow-0541.jpg,ow,1,water,ow-0541.xml,1,640,640,S1_20190723_035122_035304_VV_0,S1A_IW_GRDH_1SDV_20190723T035147_20190723T035212_028239_0330A7_B840.SAFE,2019-07-23T03:51:22
ow-0542,ow-0542.jpg,images/ow-0542.jpg,ow,1,water,ow-0542.xml,1,640,640,S1_20190723_035122_035304_VV_1,S1A_IW_GRDH_1SDV_20190723T035147_20190723T035212_028239_0330A7_B840.SAFE,2019-07-23T03:51:22
ow-0543,ow-0543.jpg,images/ow-0543.jpg,ow,1,water,ow-0543.xml,2,640,640,S1_20190723_035122_035304_VV_2,S1A_IW_GRDH_1SDV_20190723T035147_20190723T035212_028239_0330A7_B840.SAFE,2019-07-23T03:51:22
ow-0544,ow-0544.jpg,images/ow-0544.jpg,ow,1,water,ow-0544.xml,1,640,640,S1_20190723_035122_035304_VV_3,S1A_IW_GRDH_1SDV_20190723T035147_20190723T035212_028239_0330A7_B840.SAFE,2019-07-23T03:51:22
ow-0545,ow-0545.jpg,images/ow-0545.jpg,ow,1,water,ow-0545.xml,2,640,640,S1_20190723_035122_035304_VV_4,S1A_IW_GRDH_1SDV_20190723T035212_20190723T035237_028239_0330A7_A061.SAFE,2019-07-23T03:51:22
ow-0546,ow-0546.jpg,images/ow-0546.jpg,ow,1,water,ow-0546.xml,1,640,640,S1_20190723_035122_035304_VV_5,S1A_IW_GRDH_1SDV_20190723T035212_20190723T035237_028239_0330A7_A061.SAFE,2019-07-23T03:51:22
ow-0547,ow-0547.jpg,images/ow-0547.jpg,ow,1,water,ow-0547.xml,3,640,640,S1_20190723_035122_035304_VV_7,S1A_IW_GRDH_1SDV_20190723T035237_20190723T035304_028239_0330A7_2013.SAFE;S1A_IW_GRDH_1SDV_20190723T035212_20190723T035237_028239_0330A7_A061.SAFE,2019-07-23T03:51:22
ow-0548,ow-0548.jpg,images/ow-0548.jpg,ow,1,water,ow-0548.xml,4,953,953,S1_20190723_153948_154103_VV_0,S1B_IW_GRDH_1SDV_20190723T154038_20190723T154103_017263_020781_85CD.SAFE,2019-07-23T15:39:48
ow-0549,ow-0549.jpg,images/ow-0549.jpg,ow,1,water,ow-0549.xml,2,640,640,S1_20190723_153948_154103_VV_4,S1B_IW_GRDH_1SDV_20190723T154038_20190723T154103_017263_020781_85CD.SAFE,2019-07-23T15:39:48
ow-0550,ow-0550.jpg,images/ow-0550.jpg,ow,1,water,ow-0550.xml,2,640,640,S1_20190723_153948_154103_VV_5,S1B_IW_GRDH_1SDV_20190723T154038_20190723T154103_017263_020781_85CD.SAFE,2019-07-23T15:39:48
ow-0551,ow-0551.jpg,images/ow-0551.jpg,ow,1,water,ow-0551.xml,2,640,640,S1_20190724_034223_034403_VV_1,S1B_IW_GRDH_1SDV_20190724T034248_20190724T034313_017270_0207B2_7027.SAFE,2019-07-24T03:42:23
ow-0552,ow-0552.jpg,images/ow-0552.jpg,ow,1,water,ow-0552.xml,1,640,640,S1_20190724_034223_034403_VV_4,S1B_IW_GRDH_1SDV_20190724T034338_20190724T034403_017270_0207B2_57DF.SAFE;S1B_IW_GRDH_1SDV_20190724T034313_20190724T034338_017270_0207B2_7A9C.SAFE,2019-07-24T03:42:23
ow-0553,ow-0553.jpg,images/ow-0553.jpg,ow,1,water,ow-0553.xml,1,640,640,S1_20190724_034223_034403_VV_6,S1B_IW_GRDH_1SDV_20190724T034338_20190724T034403_017270_0207B2_57DF.SAFE,2019-07-24T03:42:23
ow-0554,ow-0554.jpg,images/ow-0554.jpg,ow,1,water,ow-0554.xml,1,640,640,S1_20190724_034223_034403_VV_8,S1B_IW_GRDH_1SDV_20190724T034338_20190724T034403_017270_0207B2_57DF.SAFE,2019-07-24T03:42:23
ow-0555,ow-0555.jpg,images/ow-0555.jpg,ow,1,water,ow-0555.xml,2,640,640,S1_20190727_155643_155823_VV_2,S1A_IW_GRDH_1SDV_20190727T155708_20190727T155733_028305_0332B2_BDB8.SAFE,2019-07-27T15:56:43
ow-0556,ow-0556.jpg,images/ow-0556.jpg,ow,1,water,ow-0556.xml,5,640,640,S1_20190729_035046_035225_VV_0,S1B_IW_GRDH_1SDV_20190729T035111_20190729T035136_017343_0209D6_9017.SAFE,2019-07-29T03:50:46
ow-0557,ow-0557.jpg,images/ow-0557.jpg,ow,1,water,ow-0557.xml,3,640,640,S1_20190729_035046_035225_VV_1,S1B_IW_GRDH_1SDV_20190729T035136_20190729T035201_017343_0209D6_D740.SAFE;S1B_IW_GRDH_1SDV_20190729T035111_20190729T035136_017343_0209D6_9017.SAFE,2019-07-29T03:50:46
ow-0558,ow-0558.jpg,images/ow-0558.jpg,ow,1,water,ow-0558.xml,1,640,640,S1_20190729_035046_035225_VV_3,S1B_IW_GRDH_1SDV_20190729T035136_20190729T035201_017343_0209D6_D740.SAFE,2019-07-29T03:50:46
ow-0559,ow-0559.jpg,images/ow-0559.jpg,ow,1,water,ow-0559.xml,1,640,640,S1_20190729_035046_035225_VV_4,S1B_IW_GRDH_1SDV_20190729T035136_20190729T035201_017343_0209D6_D740.SAFE,2019-07-29T03:50:46
ow-0560,ow-0560.jpg,images/ow-0560.jpg,ow,1,water,ow-0560.xml,2,640,640,S1_20190729_154013_154153_VV_0,S1A_IW_GRDH_1SDV_20190729T154038_20190729T154103_028334_033394_F489.SAFE,2019-07-29T15:40:13
ow-0561,ow-0561.jpg,images/ow-0561.jpg,ow,1,water,ow-0561.xml,1,890,890,S1_20190730_034303_034443_VV_0,S1A_IW_GRDH_1SDV_20190730T034328_20190730T034353_028341_0333D2_4C47.SAFE,2019-07-30T03:43:03
ow-0562,ow-0562.jpg,images/ow-0562.jpg,ow,1,water,ow-0562.xml,1,640,640,S1_20190730_034303_034443_VV_2,S1A_IW_GRDH_1SDV_20190730T034328_20190730T034353_028341_0333D2_4C47.SAFE,2019-07-30T03:43:03
ow-0563,ow-0563.jpg,images/ow-0563.jpg,ow,1,water,ow-0563.xml,1,640,640,S1_20190730_034303_034443_VV_3,S1A_IW_GRDH_1SDV_20190730T034328_20190730T034353_028341_0333D2_4C47.SAFE,2019-07-30T03:43:03
ow-0564,ow-0564.jpg,images/ow-0564.jpg,ow,1,water,ow-0564.xml,1,640,640,S1_20190730_034303_034443_VV_4,S1A_IW_GRDH_1SDV_20190730T034353_20190730T034418_028341_0333D2_2D41.SAFE,2019-07-30T03:43:03
ow-0565,ow-0565.jpg,images/ow-0565.jpg,ow,1,water,ow-0565.xml,2,640,640,S1_20190730_034303_034443_VV_5,S1A_IW_GRDH_1SDV_20190730T034353_20190730T034418_028341_0333D2_2D41.SAFE,2019-07-30T03:43:03
ow-0566,ow-0566.jpg,images/ow-0566.jpg,ow,1,water,ow-0566.xml,1,640,640,S1_20190730_034303_034443_VV_6,S1A_IW_GRDH_1SDV_20190730T034353_20190730T034418_028341_0333D2_2D41.SAFE,2019-07-30T03:43:03
ow-0567,ow-0567.jpg,images/ow-0567.jpg,ow,1,water,ow-0567.xml,5,640,640,S1_20190803_154842_155022_VV_1,S1A_IW_GRDH_1SDV_20190803T154842_20190803T154907_028407_0335C8_F8D0.SAFE,2019-08-03T15:48:42
ow-0568,ow-0568.jpg,images/ow-0568.jpg,ow,1,water,ow-0568.xml,1,640,640,S1_20190803_154842_155022_VV_2,S1A_IW_GRDH_1SDV_20190803T154907_20190803T154932_028407_0335C8_EAC4.SAFE,2019-08-03T15:48:42
ow-0569,ow-0569.jpg,images/ow-0569.jpg,ow,1,water,ow-0569.xml,2,640,640,S1_20190803_154842_155022_VV_3,S1A_IW_GRDH_1SDV_20190803T154907_20190803T154932_028407_0335C8_EAC4.SAFE,2019-08-03T15:48:42
ow-0570,ow-0570.jpg,images/ow-0570.jpg,ow,1,water,ow-0570.xml,1,863,863,S1_20190804_035123_035304_VV_0,S1A_IW_GRDH_1SDV_20190804T035213_20190804T035238_028414_0335FE_557C.SAFE,2019-08-04T03:51:23
ow-0571,ow-0571.jpg,images/ow-0571.jpg,ow,1,water,ow-0571.xml,1,640,640,S1_20190804_035123_035304_VV_1,S1A_IW_GRDH_1SDV_20190804T035213_20190804T035238_028414_0335FE_557C.SAFE,2019-08-04T03:51:23
ow-0572,ow-0572.jpg,images/ow-0572.jpg,ow,1,water,ow-0572.xml,2,640,640,S1_20190804_035123_035304_VV_2,S1A_IW_GRDH_1SDV_20190804T035213_20190804T035238_028414_0335FE_557C.SAFE,2019-08-04T03:51:23
ow-0573,ow-0573.jpg,images/ow-0573.jpg,ow,1,water,ow-0573.xml,2,640,640,S1_20190804_035123_035304_VV_3,S1A_IW_GRDH_1SDV_20190804T035213_20190804T035238_028414_0335FE_557C.SAFE,2019-08-04T03:51:23
ow-0574,ow-0574.jpg,images/ow-0574.jpg,ow,1,water,ow-0574.xml,2,640,640,S1_20190804_035123_035304_VV_4,S1A_IW_GRDH_1SDV_20190804T035238_20190804T035304_028414_0335FE_8869.SAFE;S1A_IW_GRDH_1SDV_20190804T035213_20190804T035238_028414_0335FE_557C.SAFE,2019-08-04T03:51:23
ow-0575,ow-0575.jpg,images/ow-0575.jpg,ow,1,water,ow-0575.xml,3,640,640,S1_20190804_035123_035304_VV_5,S1A_IW_GRDH_1SDV_20190804T035238_20190804T035304_028414_0335FE_8869.SAFE;S1A_IW_GRDH_1SDV_20190804T035213_20190804T035238_028414_0335FE_557C.SAFE,2019-08-04T03:51:23
ow-0576,ow-0576.jpg,images/ow-0576.jpg,ow,1,water,ow-0576.xml,2,640,640,S1_20190806_033501_033641_VV_0,S1A_IW_GRDH_1SDV_20190806T033501_20190806T033526_028443_0336DB_6632.SAFE,2019-08-06T03:35:01
ow-0577,ow-0577.jpg,images/ow-0577.jpg,ow,1,water,ow-0577.xml,1,640,640,S1_20190807_160411_160551_VV_1,S1B_IW_GRDH_1SDV_20190807T160436_20190807T160501_017482_020E07_2BC9.SAFE,2019-08-07T16:04:11
ow-0578,ow-0578.jpg,images/ow-0578.jpg,ow,1,water,ow-0578.xml,1,640,640,S1_20190808_155644_155824_VV_1,S1A_IW_GRDH_1SDV_20190808T155709_20190808T155734_028480_033813_EBA6.SAFE,2019-08-08T15:56:44
ow-0579,ow-0579.jpg,images/ow-0579.jpg,ow,1,water,ow-0579.xml,1,2528,2528,S1_20190810_035047_035226_VV_0,S1B_IW_GRDH_1SDV_20190810T035112_20190810T035137_017518_020F20_24E6.SAFE,2019-08-10T03:50:47
ow-0580,ow-0580.jpg,images/ow-0580.jpg,ow,1,water,ow-0580.xml,2,790,790,S1_20190810_035047_035226_VV_1,S1B_IW_GRDH_1SDV_20190810T035137_20190810T035202_017518_020F20_E49F.SAFE;S1B_IW_GRDH_1SDV_20190810T035112_20190810T035137_017518_020F20_24E6.SAFE,2019-08-10T03:50:47
ow-0581,ow-0581.jpg,images/ow-0581.jpg,ow,1,water,ow-0581.xml,3,640,640,S1_20190810_035047_035226_VV_4,S1B_IW_GRDH_1SDV_20190810T035137_20190810T035202_017518_020F20_E49F.SAFE,2019-08-10T03:50:47
ow-0582,ow-0582.jpg,images/ow-0582.jpg,ow,1,water,ow-0582.xml,3,2439,2439,S1_20190811_034304_034444_VV_0,S1A_IW_GRDH_1SDV_20190811T034354_20190811T034419_028516_03394F_EA40.SAFE,2019-08-11T03:43:04
ow-0583,ow-0583.jpg,images/ow-0583.jpg,ow,1,water,ow-0583.xml,2,640,640,S1_20190811_034304_034444_VV_3,S1A_IW_GRDH_1SDV_20190811T034354_20190811T034419_028516_03394F_EA40.SAFE,2019-08-11T03:43:04
ow-0584,ow-0584.jpg,images/ow-0584.jpg,ow,1,water,ow-0584.xml,1,640,640,S1_20190811_034304_034444_VV_4,S1A_IW_GRDH_1SDV_20190811T034354_20190811T034419_028516_03394F_EA40.SAFE,2019-08-11T03:43:04
ow-0585,ow-0585.jpg,images/ow-0585.jpg,ow,1,water,ow-0585.xml,1,640,640,S1_20190811_034304_034444_VV_6,S1A_IW_GRDH_1SDV_20190811T034354_20190811T034419_028516_03394F_EA40.SAFE,2019-08-11T03:43:04
ow-0586,ow-0586.jpg,images/ow-0586.jpg,ow,1,water,ow-0586.xml,1,1038,1038,S1_20190814_155617_155642_VV_0,S1B_IW_GRDH_1SDV_20190814T155617_20190814T155642_017584_021133_82C5.SAFE,2019-08-14T15:56:17
ow-0587,ow-0587.jpg,images/ow-0587.jpg,ow,1,water,ow-0587.xml,2,640,640,S1_20190814_155617_155642_VV_6,S1B_IW_GRDH_1SDV_20190814T155617_20190814T155642_017584_021133_82C5.SAFE,2019-08-14T15:56:17
ow-0588,ow-0588.jpg,images/ow-0588.jpg,ow,1,water,ow-0588.xml,1,640,640,S1_20190814_155617_155642_VV_8,S1B_IW_GRDH_1SDV_20190814T155617_20190814T155642_017584_021133_82C5.SAFE,2019-08-14T15:56:17
ow-0589,ow-0589.jpg,images/ow-0589.jpg,ow,1,water,ow-0589.xml,1,640,640,S1_20190814_155617_155642_VV_9,S1B_IW_GRDH_1SDV_20190814T155617_20190814T155642_017584_021133_82C5.SAFE,2019-08-14T15:56:17
ow-0590,ow-0590.jpg,images/ow-0590.jpg,ow,1,water,ow-0590.xml,1,640,640,S1_20190814_155648_155742_VV_1,S1B_IW_GRDH_1SDV_20190814T155648_20190814T155717_017584_021134_3F1E.SAFE,2019-08-14T15:56:48
ow-0591,ow-0591.jpg,images/ow-0591.jpg,ow,1,water,ow-0591.xml,2,1302,1302,S1_20190815_154843_155023_VV_0,S1A_IW_GRDH_1SDV_20190815T154908_20190815T154933_028582_033B99_01B4.SAFE,2019-08-15T15:48:43
ow-0592,ow-0592.jpg,images/ow-0592.jpg,ow,1,water,ow-0592.xml,2,640,640,S1_20190815_154843_155023_VV_2,S1A_IW_GRDH_1SDV_20190815T154908_20190815T154933_028582_033B99_01B4.SAFE,2019-08-15T15:48:43
ow-0593,ow-0593.jpg,images/ow-0593.jpg,ow,1,water,ow-0593.xml,2,640,640,S1_20190815_154843_155023_VV_3,S1A_IW_GRDH_1SDV_20190815T154908_20190815T154933_028582_033B99_01B4.SAFE,2019-08-15T15:48:43
ow-0594,ow-0594.jpg,images/ow-0594.jpg,ow,1,water,ow-0594.xml,3,640,640,S1_20190815_154843_155023_VV_4,S1A_IW_GRDH_1SDV_20190815T154908_20190815T154933_028582_033B99_01B4.SAFE,2019-08-15T15:48:43
ow-0595,ow-0595.jpg,images/ow-0595.jpg,ow,1,water,ow-0595.xml,1,640,640,S1_20190815_154843_155023_VV_5,S1A_IW_GRDH_1SDV_20190815T154908_20190815T154933_028582_033B99_01B4.SAFE,2019-08-15T15:48:43
ow-0596,ow-0596.jpg,images/ow-0596.jpg,ow,1,water,ow-0596.xml,1,640,640,S1_20190815_154843_155023_VV_6,S1A_IW_GRDH_1SDV_20190815T154933_20190815T154958_028582_033B99_4FE3.SAFE;S1A_IW_GRDH_1SDV_20190815T154908_20190815T154933_028582_033B99_01B4.SAFE,2019-08-15T15:48:43
ow-0597,ow-0597.jpg,images/ow-0597.jpg,ow,1,water,ow-0597.xml,2,640,640,S1_20190815_154843_155023_VV_7,S1A_IW_GRDH_1SDV_20190815T154933_20190815T154958_028582_033B99_4FE3.SAFE,2019-08-15T15:48:43
ow-0598,ow-0598.jpg,images/ow-0598.jpg,ow,1,water,ow-0598.xml,2,640,640,S1_20190815_154843_155023_VV_8,S1A_IW_GRDH_1SDV_20190815T154933_20190815T154958_028582_033B99_4FE3.SAFE,2019-08-15T15:48:43
ow-0599,ow-0599.jpg,images/ow-0599.jpg,ow,1,water,ow-0599.xml,1,640,640,S1_20190815_154843_155023_VV_11,S1A_IW_GRDH_1SDV_20190815T154933_20190815T154958_028582_033B99_4FE3.SAFE,2019-08-15T15:48:43
ow-0600,ow-0600.jpg,images/ow-0600.jpg,ow,1,water,ow-0600.xml,1,640,640,S1_20190815_154843_155023_VV_12,S1A_IW_GRDH_1SDV_20190815T154933_20190815T154958_028582_033B99_4FE3.SAFE,2019-08-15T15:48:43
ow-0601,ow-0601.jpg,images/ow-0601.jpg,ow,1,water,ow-0601.xml,2,640,640,S1_20190816_035124_035305_VV_0,S1A_IW_GRDH_1SDV_20190816T035149_20190816T035214_028589_033BD4_FE5C.SAFE;S1A_IW_GRDH_1SDV_20190816T035124_20190816T035149_028589_033BD4_572B.SAFE,2019-08-16T03:51:24
ow-0602,ow-0602.jpg,images/ow-0602.jpg,ow,1,water,ow-0602.xml,1,640,640,S1_20190816_035124_035305_VV_1,S1A_IW_GRDH_1SDV_20190816T035149_20190816T035214_028589_033BD4_FE5C.SAFE,2019-08-16T03:51:24
ow-0603,ow-0603.jpg,images/ow-0603.jpg,ow,1,water,ow-0603.xml,3,640,640,S1_20190816_035124_035305_VV_2,S1A_IW_GRDH_1SDV_20190816T035149_20190816T035214_028589_033BD4_FE5C.SAFE,2019-08-16T03:51:24
ow-0604,ow-0604.jpg,images/ow-0604.jpg,ow,1,water,ow-0604.xml,1,640,640,S1_20190816_035124_035305_VV_3,S1A_IW_GRDH_1SDV_20190816T035149_20190816T035214_028589_033BD4_FE5C.SAFE,2019-08-16T03:51:24
ow-0605,ow-0605.jpg,images/ow-0605.jpg,ow,1,water,ow-0605.xml,3,640,640,S1_20190816_035124_035305_VV_8,S1A_IW_GRDH_1SDV_20190816T035214_20190816T035239_028589_033BD4_B8FD.SAFE,2019-08-16T03:51:24
ow-0606,ow-0606.jpg,images/ow-0606.jpg,ow,1,water,ow-0606.xml,1,640,640,S1_20190816_035124_035305_VV_9,S1A_IW_GRDH_1SDV_20190816T035214_20190816T035239_028589_033BD4_B8FD.SAFE,2019-08-16T03:51:24
ow-0607,ow-0607.jpg,images/ow-0607.jpg,ow,1,water,ow-0607.xml,1,640,640,S1_20190816_035124_035305_VV_10,S1A_IW_GRDH_1SDV_20190816T035214_20190816T035239_028589_033BD4_B8FD.SAFE,2019-08-16T03:51:24
ow-0608,ow-0608.jpg,images/ow-0608.jpg,ow,1,water,ow-0608.xml,1,640,640,S1_20190816_035124_035305_VV_11,S1A_IW_GRDH_1SDV_20190816T035214_20190816T035239_028589_033BD4_B8FD.SAFE,2019-08-16T03:51:24
ow-0609,ow-0609.jpg,images/ow-0609.jpg,ow,1,water,ow-0609.xml,2,640,640,S1_20190816_035124_035305_VV_12,S1A_IW_GRDH_1SDV_20190816T035214_20190816T035239_028589_033BD4_B8FD.SAFE,2019-08-16T03:51:24
ow-0610,ow-0610.jpg,images/ow-0610.jpg,ow,1,water,ow-0610.xml,2,640,640,S1_20190816_035124_035305_VV_13,S1A_IW_GRDH_1SDV_20190816T035214_20190816T035239_028589_033BD4_B8FD.SAFE,2019-08-16T03:51:24
ow-0611,ow-0611.jpg,images/ow-0611.jpg,ow,1,water,ow-0611.xml,2,640,640,S1_20190816_035124_035305_VV_19,S1A_IW_GRDH_1SDV_20190816T035239_20190816T035305_028589_033BD4_53BE.SAFE,2019-08-16T03:51:24
ow-0612,ow-0612.jpg,images/ow-0612.jpg,ow,1,water,ow-0612.xml,1,640,640,S1_20190816_153949_154104_VV_1,S1B_IW_GRDH_1SDV_20190816T154014_20190816T154039_017613_02122C_4C5B.SAFE,2019-08-16T15:39:49
ow-0613,ow-0613.jpg,images/ow-0613.jpg,ow,1,water,ow-0613.xml,1,640,640,S1_20190816_153949_154104_VV_2,S1B_IW_GRDH_1SDV_20190816T154039_20190816T154104_017613_02122C_F471.SAFE,2019-08-16T15:39:49
ow-0614,ow-0614.jpg,images/ow-0614.jpg,ow,1,water,ow-0614.xml,1,640,640,S1_20190817_034225_034405_VV_3,S1B_IW_GRDH_1SDV_20190817T034250_20190817T034315_017620_021260_0DF6.SAFE,2019-08-17T03:42:25
ow-0615,ow-0615.jpg,images/ow-0615.jpg,ow,1,water,ow-0615.xml,2,640,640,S1_20190817_034225_034405_VV_6,S1B_IW_GRDH_1SDV_20190817T034250_20190817T034315_017620_021260_0DF6.SAFE,2019-08-17T03:42:25
ow-0616,ow-0616.jpg,images/ow-0616.jpg,ow,1,water,ow-0616.xml,3,640,640,S1_20190817_153228_153343_VV_0,S1A_IW_GRDH_1SDV_20190817T153318_20190817T153343_028611_033C8A_7F09.SAFE,2019-08-17T15:32:28
ow-0617,ow-0617.jpg,images/ow-0617.jpg,ow,1,water,ow-0617.xml,1,1112,1112,S1_20190820_155645_155825_VV_0,S1A_IW_GRDH_1SDV_20190820T155735_20190820T155800_028655_033E24_574F.SAFE,2019-08-20T15:56:45
ow-0618,ow-0618.jpg,images/ow-0618.jpg,ow,1,water,ow-0618.xml,2,640,640,S1_20190820_155645_155825_VV_2,S1A_IW_GRDH_1SDV_20190820T155710_20190820T155735_028655_033E24_AFFA.SAFE,2019-08-20T15:56:45
ow-0619,ow-0619.jpg,images/ow-0619.jpg,ow,1,water,ow-0619.xml,1,640,640,S1_20190820_155645_155825_VV_5,S1A_IW_GRDH_1SDV_20190820T155710_20190820T155735_028655_033E24_AFFA.SAFE,2019-08-20T15:56:45
ow-0620,ow-0620.jpg,images/ow-0620.jpg,ow,1,water,ow-0620.xml,3,640,640,S1_20190820_155645_155825_VV_6,S1A_IW_GRDH_1SDV_20190820T155710_20190820T155735_028655_033E24_AFFA.SAFE,2019-08-20T15:56:45
ow-0621,ow-0621.jpg,images/ow-0621.jpg,ow,1,water,ow-0621.xml,3,640,640,S1_20190820_155645_155825_VV_7,S1A_IW_GRDH_1SDV_20190820T155710_20190820T155735_028655_033E24_AFFA.SAFE,2019-08-20T15:56:45
ow-0622,ow-0622.jpg,images/ow-0622.jpg,ow,1,water,ow-0622.xml,1,640,640,S1_20190820_155645_155825_VV_8,S1A_IW_GRDH_1SDV_20190820T155710_20190820T155735_028655_033E24_AFFA.SAFE,2019-08-20T15:56:45
ow-0623,ow-0623.jpg,images/ow-0623.jpg,ow,1,water,ow-0623.xml,2,640,640,S1_20190820_155645_155825_VV_9,S1A_IW_GRDH_1SDV_20190820T155710_20190820T155735_028655_033E24_AFFA.SAFE,2019-08-20T15:56:45
ow-0624,ow-0624.jpg,images/ow-0624.jpg,ow,1,water,ow-0624.xml,1,640,640,S1_20190820_155645_155825_VV_10,S1A_IW_GRDH_1SDV_20190820T155710_20190820T155735_028655_033E24_AFFA.SAFE,2019-08-20T15:56:45
ow-0625,ow-0625.jpg,images/ow-0625.jpg,ow,1,water,ow-0625.xml,1,640,640,S1_20190820_155645_155825_VV_11,S1A_IW_GRDH_1SDV_20190820T155710_20190820T155735_028655_033E24_AFFA.SAFE,2019-08-20T15:56:45
ow-0626,ow-0626.jpg,images/ow-0626.jpg,ow,1,water,ow-0626.xml,1,640,640,S1_20190820_155645_155825_VV_12,S1A_IW_GRDH_1SDV_20190820T155710_20190820T155735_028655_033E24_AFFA.SAFE,2019-08-20T15:56:45
ow-0627,ow-0627.jpg,images/ow-0627.jpg,ow,1,water,ow-0627.xml,2,640,640,S1_20190820_155645_155825_VV_13,S1A_IW_GRDH_1SDV_20190820T155735_20190820T155800_028655_033E24_574F.SAFE,2019-08-20T15:56:45
ow-0628,ow-0628.jpg,images/ow-0628.jpg,ow,1,water,ow-0628.xml,2,640,640,S1_20190820_155645_155825_VV_14,S1A_IW_GRDH_1SDV_20190820T155735_20190820T155800_028655_033E24_574F.SAFE,2019-08-20T15:56:45
ow-0629,ow-0629.jpg,images/ow-0629.jpg,ow,1,water,ow-0629.xml,4,1509,1509,S1_20190821_035934_040114_VV_1,S1A_IW_GRDH_1SDV_20190821T040024_20190821T040049_028662_033E63_3BDB.SAFE,2019-08-21T03:59:34
ow-0630,ow-0630.jpg,images/ow-0630.jpg,ow,1,water,ow-0630.xml,1,640,640,S1_20190821_035934_040114_VV_3,S1A_IW_GRDH_1SDV_20190821T040024_20190821T040049_028662_033E63_3BDB.SAFE;S1A_IW_GRDH_1SDV_20190821T035959_20190821T040024_028662_033E63_F003.SAFE,2019-08-21T03:59:34
ow-0631,ow-0631.jpg,images/ow-0631.jpg,ow,1,water,ow-0631.xml,1,640,640,S1_20190821_035934_040114_VV_4,S1A_IW_GRDH_1SDV_20190821T040024_20190821T040049_028662_033E63_3BDB.SAFE,2019-08-21T03:59:34
ow-0632,ow-0632.jpg,images/ow-0632.jpg,ow,1,water,ow-0632.xml,1,640,640,S1_20190821_035934_040114_VV_5,S1A_IW_GRDH_1SDV_20190821T040024_20190821T040049_028662_033E63_3BDB.SAFE,2019-08-21T03:59:34
ow-0633,ow-0633.jpg,images/ow-0633.jpg,ow,1,water,ow-0633.xml,1,640,640,S1_20190821_035934_040114_VV_6,S1A_IW_GRDH_1SDV_20190821T040024_20190821T040049_028662_033E63_3BDB.SAFE,2019-08-21T03:59:34
ow-0634,ow-0634.jpg,images/ow-0634.jpg,ow,1,water,ow-0634.xml,1,640,640,S1_20190821_154753_154933_VV_0,S1B_IW_GRDH_1SDV_20190821T154818_20190821T154843_017686_021461_4D57.SAFE;S1B_IW_GRDH_1SDV_20190821T154753_20190821T154818_017686_021461_7713.SAFE,2019-08-21T15:47:53
ow-0635,ow-0635.jpg,images/ow-0635.jpg,ow,1,water,ow-0635.xml,1,640,640,S1_20190821_154753_154933_VV_1,S1B_IW_GRDH_1SDV_20190821T154818_20190821T154843_017686_021461_4D57.SAFE;S1B_IW_GRDH_1SDV_20190821T154753_20190821T154818_017686_021461_7713.SAFE,2019-08-21T15:47:53
ow-0636,ow-0636.jpg,images/ow-0636.jpg,ow,1,water,ow-0636.xml,4,640,640,S1_20190821_154753_154933_VV_2,S1B_IW_GRDH_1SDV_20190821T154818_20190821T154843_017686_021461_4D57.SAFE,2019-08-21T15:47:53
ow-0637,ow-0637.jpg,images/ow-0637.jpg,ow,1,water,ow-0637.xml,5,640,640,S1_20190821_154753_154933_VV_6,S1B_IW_GRDH_1SDV_20190821T154818_20190821T154843_017686_021461_4D57.SAFE,2019-08-21T15:47:53
ow-0638,ow-0638.jpg,images/ow-0638.jpg,ow,1,water,ow-0638.xml,3,640,640,S1_20190821_154753_154933_VV_7,S1B_IW_GRDH_1SDV_20190821T154818_20190821T154843_017686_021461_4D57.SAFE,2019-08-21T15:47:53
ow-0639,ow-0639.jpg,images/ow-0639.jpg,ow,1,water,ow-0639.xml,5,640,640,S1_20190821_154753_154933_VV_8,S1B_IW_GRDH_1SDV_20190821T154818_20190821T154843_017686_021461_4D57.SAFE,2019-08-21T15:47:53
ow-0640,ow-0640.jpg,images/ow-0640.jpg,ow,1,water,ow-0640.xml,2,640,640,S1_20190821_154753_154933_VV_9,S1B_IW_GRDH_1SDV_20190821T154818_20190821T154843_017686_021461_4D57.SAFE,2019-08-21T15:47:53
ow-0641,ow-0641.jpg,images/ow-0641.jpg,ow,1,water,ow-0641.xml,1,640,640,S1_20190821_154753_154933_VV_10,S1B_IW_GRDH_1SDV_20190821T154818_20190821T154843_017686_021461_4D57.SAFE,2019-08-21T15:47:53
ow-0642,ow-0642.jpg,images/ow-0642.jpg,ow,1,water,ow-0642.xml,3,640,640,S1_20190821_154753_154933_VV_11,S1B_IW_GRDH_1SDV_20190821T154818_20190821T154843_017686_021461_4D57.SAFE,2019-08-21T15:47:53
ow-0643,ow-0643.jpg,images/ow-0643.jpg,ow,1,water,ow-0643.xml,10,640,640,S1_20190821_154753_154933_VV_12,S1B_IW_GRDH_1SDV_20190821T154818_20190821T154843_017686_021461_4D57.SAFE,2019-08-21T15:47:53
ow-0644,ow-0644.jpg,images/ow-0644.jpg,ow,1,water,ow-0644.xml,3,640,640,S1_20190821_154753_154933_VV_14,S1B_IW_GRDH_1SDV_20190821T154818_20190821T154843_017686_021461_4D57.SAFE,2019-08-21T15:47:53
ow-0645,ow-0645.jpg,images/ow-0645.jpg,ow,1,water,ow-0645.xml,2,640,640,S1_20190821_154753_154933_VV_15,S1B_IW_GRDH_1SDV_20190821T154818_20190821T154843_017686_021461_4D57.SAFE,2019-08-21T15:47:53
ow-0646,ow-0646.jpg,images/ow-0646.jpg,ow,1,water,ow-0646.xml,2,640,640,S1_20190821_154753_154933_VV_16,S1B_IW_GRDH_1SDV_20190821T154843_20190821T154908_017686_021461_5471.SAFE,2019-08-21T15:47:53
ow-0647,ow-0647.jpg,images/ow-0647.jpg,ow,1,water,ow-0647.xml,3,1733,1733,S1_20190822_035047_035226_VV_0,S1B_IW_GRDH_1SDV_20190822T035137_20190822T035202_017693_021497_9677.SAFE,2019-08-22T03:50:47
ow-0648,ow-0648.jpg,images/ow-0648.jpg,ow,1,water,ow-0648.xml,2,640,640,S1_20190822_035047_035226_VV_2,S1B_IW_GRDH_1SDV_20190822T035047_20190822T035112_017693_021497_D54D.SAFE,2019-08-22T03:50:47
ow-0649,ow-0649.jpg,images/ow-0649.jpg,ow,1,water,ow-0649.xml,2,640,640,S1_20190822_035047_035226_VV_3,S1B_IW_GRDH_1SDV_20190822T035137_20190822T035202_017693_021497_9677.SAFE,2019-08-22T03:50:47
ow-0650,ow-0650.jpg,images/ow-0650.jpg,ow,1,water,ow-0650.xml,1,640,640,S1_20190822_035047_035226_VV_5,S1B_IW_GRDH_1SDV_20190822T035137_20190822T035202_017693_021497_9677.SAFE,2019-08-22T03:50:47
ow-0651,ow-0651.jpg,images/ow-0651.jpg,ow,1,water,ow-0651.xml,1,640,640,S1_20190822_035047_035226_VV_6,S1B_IW_GRDH_1SDV_20190822T035137_20190822T035202_017693_021497_9677.SAFE,2019-08-22T03:50:47
ow-0652,ow-0652.jpg,images/ow-0652.jpg,ow,1,water,ow-0652.xml,2,640,640,S1_20190822_035047_035226_VV_7,S1B_IW_GRDH_1SDV_20190822T035137_20190822T035202_017693_021497_9677.SAFE,2019-08-22T03:50:47
ow-0653,ow-0653.jpg,images/ow-0653.jpg,ow,1,water,ow-0653.xml,2,640,640,S1_20190822_035047_035226_VV_8,S1B_IW_GRDH_1SDV_20190822T035137_20190822T035202_017693_021497_9677.SAFE,2019-08-22T03:50:47
ow-0654,ow-0654.jpg,images/ow-0654.jpg,ow,1,water,ow-0654.xml,1,944,944,S1_20190822_154015_154155_VV_0,S1A_IW_GRDH_1SDV_20190822T154130_20190822T154155_028684_033F1B_7F0B.SAFE;S1A_IW_GRDH_1SDV_20190822T154105_20190822T154130_028684_033F1B_0C45.SAFE,2019-08-22T15:40:15
ow-0655,ow-0655.jpg,images/ow-0655.jpg,ow,1,water,ow-0655.xml,2,640,640,S1_20190822_154015_154155_VV_1,S1A_IW_GRDH_1SDV_20190822T154105_20190822T154130_028684_033F1B_0C45.SAFE,2019-08-22T15:40:15
ow-0656,ow-0656.jpg,images/ow-0656.jpg,ow,1,water,ow-0656.xml,1,640,640,S1_20190823_034305_034445_VV_0,S1A_IW_GRDH_1SDV_20190823T034330_20190823T034355_028691_033F57_A0BF.SAFE,2019-08-23T03:43:05
ow-0657,ow-0657.jpg,images/ow-0657.jpg,ow,1,water,ow-0657.xml,1,640,640,S1_20190823_153135_153315_VV_0,S1B_IW_GRDH_1SDV_20190823T153225_20190823T153250_017715_021546_92F3.SAFE,2019-08-23T15:31:35
ow-0658,ow-0658.jpg,images/ow-0658.jpg,ow,1,water,ow-0658.xml,1,640,640,S1_20190824_033416_033556_VV_0,S1B_IW_GRDH_1SDV_20190824T033441_20190824T033506_017722_021577_8148.SAFE,2019-08-24T03:34:16
ow-0659,ow-0659.jpg,images/ow-0659.jpg,ow,1,water,ow-0659.xml,9,640,640,S1_20190825_160456_160636_VV_2,S1A_IW_GRDH_1SDV_20190825T160521_20190825T160546_028728_0340B1_6F50.SAFE,2019-08-25T16:04:56
ow-0660,ow-0660.jpg,images/ow-0660.jpg,ow,1,water,ow-0660.xml,3,640,640,S1_20190826_155617_155642_VV_1,S1B_IW_GRDH_1SDV_20190826T155617_20190826T155642_017759_0216AD_1EE1.SAFE,2019-08-26T15:56:17
ow-0661,ow-0661.jpg,images/ow-0661.jpg,ow,1,water,ow-0661.xml,2,640,640,S1_20190826_155617_155642_VV_2,S1B_IW_GRDH_1SDV_20190826T155617_20190826T155642_017759_0216AD_1EE1.SAFE,2019-08-26T15:56:17
ow-0662,ow-0662.jpg,images/ow-0662.jpg,ow,1,water,ow-0662.xml,1,640,640,S1_20190826_155617_155642_VV_4,S1B_IW_GRDH_1SDV_20190826T155617_20190826T155642_017759_0216AD_1EE1.SAFE,2019-08-26T15:56:17
ow-0663,ow-0663.jpg,images/ow-0663.jpg,ow,1,water,ow-0663.xml,2,640,640,S1_20190826_155648_155742_VV_0,S1B_IW_GRDH_1SDV_20190826T155648_20190826T155717_017759_0216AE_9BBB.SAFE,2019-08-26T15:56:48
ow-0664,ow-0664.jpg,images/ow-0664.jpg,ow,1,water,ow-0664.xml,1,640,640,S1_20190826_155648_155742_VV_1,S1B_IW_GRDH_1SDV_20190826T155717_20190826T155742_017759_0216AE_718C.SAFE,2019-08-26T15:56:48
ow-0665,ow-0665.jpg,images/ow-0665.jpg,ow,1,water,ow-0665.xml,1,640,640,S1_20190826_155648_155742_VV_2,S1B_IW_GRDH_1SDV_20190826T155717_20190826T155742_017759_0216AE_718C.SAFE,2019-08-26T15:56:48
ow-0666,ow-0666.jpg,images/ow-0666.jpg,ow,1,water,ow-0666.xml,1,640,640,S1_20190827_035858_040037_VV_0,S1B_IW_GRDH_1SDV_20190827T035948_20190827T040013_017766_0216ED_1CA7.SAFE;S1B_IW_GRDH_1SDV_20190827T035923_20190827T035948_017766_0216ED_BD5D.SAFE,2019-08-27T03:58:58
ow-0667,ow-0667.jpg,images/ow-0667.jpg,ow,1,water,ow-0667.xml,1,640,640,S1_20190827_035858_040037_VV_1,S1B_IW_GRDH_1SDV_20190827T035948_20190827T040013_017766_0216ED_1CA7.SAFE,2019-08-27T03:58:58
ow-0668,ow-0668.jpg,images/ow-0668.jpg,ow,1,water,ow-0668.xml,2,640,640,S1_20190827_035858_040037_VV_2,S1B_IW_GRDH_1SDV_20190827T035948_20190827T040013_017766_0216ED_1CA7.SAFE,2019-08-27T03:58:58
ow-0669,ow-0669.jpg,images/ow-0669.jpg,ow,1,water,ow-0669.xml,1,640,640,S1_20190827_035858_040037_VV_3,S1B_IW_GRDH_1SDV_20190827T035948_20190827T040013_017766_0216ED_1CA7.SAFE,2019-08-27T03:58:58
ow-0670,ow-0670.jpg,images/ow-0670.jpg,ow,1,water,ow-0670.xml,2,640,640,S1_20190827_154843_155023_VV_2,S1A_IW_GRDH_1SDV_20190827T154843_20190827T154908_028757_0341B2_CC65.SAFE,2019-08-27T15:48:43
ow-0671,ow-0671.jpg,images/ow-0671.jpg,ow,1,water,ow-0671.xml,1,640,640,S1_20190827_154843_155023_VV_3,S1A_IW_GRDH_1SDV_20190827T154843_20190827T154908_028757_0341B2_CC65.SAFE,2019-08-27T15:48:43
ow-0672,ow-0672.jpg,images/ow-0672.jpg,ow,1,water,ow-0672.xml,1,640,640,S1_20190827_154843_155023_VV_4,S1A_IW_GRDH_1SDV_20190827T154908_20190827T154933_028757_0341B2_83CA.SAFE;S1A_IW_GRDH_1SDV_20190827T154843_20190827T154908_028757_0341B2_CC65.SAFE,2019-08-27T15:48:43
ow-0673,ow-0673.jpg,images/ow-0673.jpg,ow,1,water,ow-0673.xml,4,640,640,S1_20190827_154843_155023_VV_5,S1A_IW_GRDH_1SDV_20190827T154908_20190827T154933_028757_0341B2_83CA.SAFE,2019-08-27T15:48:43
ow-0674,ow-0674.jpg,images/ow-0674.jpg,ow,1,water,ow-0674.xml,1,640,640,S1_20190827_154843_155023_VV_6,S1A_IW_GRDH_1SDV_20190827T154908_20190827T154933_028757_0341B2_83CA.SAFE,2019-08-27T15:48:43
ow-0675,ow-0675.jpg,images/ow-0675.jpg,ow,1,water,ow-0675.xml,1,640,640,S1_20190827_154843_155023_VV_7,S1A_IW_GRDH_1SDV_20190827T154933_20190827T154958_028757_0341B2_F67F.SAFE,2019-08-27T15:48:43
ow-0676,ow-0676.jpg,images/ow-0676.jpg,ow,1,water,ow-0676.xml,2,1232,1232,S1_20190828_035124_035306_VV_0,S1A_IW_GRDH_1SDV_20190828T035214_20190828T035239_028764_0341F0_762B.SAFE,2019-08-28T03:51:24
ow-0677,ow-0677.jpg,images/ow-0677.jpg,ow,1,water,ow-0677.xml,1,640,640,S1_20190828_035124_035306_VV_2,S1A_IW_GRDH_1SDV_20190828T035214_20190828T035239_028764_0341F0_762B.SAFE,2019-08-28T03:51:24
ow-0678,ow-0678.jpg,images/ow-0678.jpg,ow,1,water,ow-0678.xml,1,640,640,S1_20190828_035124_035306_VV_3,S1A_IW_GRDH_1SDV_20190828T035214_20190828T035239_028764_0341F0_762B.SAFE,2019-08-28T03:51:24
ow-0679,ow-0679.jpg,images/ow-0679.jpg,ow,1,water,ow-0679.xml,2,640,640,S1_20190828_035124_035306_VV_4,S1A_IW_GRDH_1SDV_20190828T035214_20190828T035239_028764_0341F0_762B.SAFE,2019-08-28T03:51:24
ow-0680,ow-0680.jpg,images/ow-0680.jpg,ow,1,water,ow-0680.xml,1,640,640,S1_20190828_035124_035306_VV_5,S1A_IW_GRDH_1SDV_20190828T035214_20190828T035239_028764_0341F0_762B.SAFE,2019-08-28T03:51:24
ow-0681,ow-0681.jpg,images/ow-0681.jpg,ow,1,water,ow-0681.xml,1,640,640,S1_20190828_035124_035306_VV_6,S1A_IW_GRDH_1SDV_20190828T035214_20190828T035239_028764_0341F0_762B.SAFE,2019-08-28T03:51:24
ow-0682,ow-0682.jpg,images/ow-0682.jpg,ow,1,water,ow-0682.xml,2,640,640,S1_20190828_035124_035306_VV_7,S1A_IW_GRDH_1SDV_20190828T035214_20190828T035239_028764_0341F0_762B.SAFE,2019-08-28T03:51:24
ow-0683,ow-0683.jpg,images/ow-0683.jpg,ow,1,water,ow-0683.xml,5,640,640,S1_20190828_035124_035306_VV_8,S1A_IW_GRDH_1SDV_20190828T035214_20190828T035239_028764_0341F0_762B.SAFE,2019-08-28T03:51:24
ow-0684,ow-0684.jpg,images/ow-0684.jpg,ow,1,water,ow-0684.xml,3,640,640,S1_20190828_035124_035306_VV_9,S1A_IW_GRDH_1SDV_20190828T035214_20190828T035239_028764_0341F0_762B.SAFE,2019-08-28T03:51:24
ow-0685,ow-0685.jpg,images/ow-0685.jpg,ow,1,water,ow-0685.xml,1,640,640,S1_20190828_035124_035306_VV_10,S1A_IW_GRDH_1SDV_20190828T035214_20190828T035239_028764_0341F0_762B.SAFE,2019-08-28T03:51:24
ow-0686,ow-0686.jpg,images/ow-0686.jpg,ow,1,water,ow-0686.xml,2,640,640,S1_20190828_035124_035306_VV_11,S1A_IW_GRDH_1SDV_20190828T035214_20190828T035239_028764_0341F0_762B.SAFE,2019-08-28T03:51:24
ow-0687,ow-0687.jpg,images/ow-0687.jpg,ow,1,water,ow-0687.xml,1,640,640,S1_20190828_035124_035306_VV_12,S1A_IW_GRDH_1SDV_20190828T035214_20190828T035239_028764_0341F0_762B.SAFE,2019-08-28T03:51:24
ow-0688,ow-0688.jpg,images/ow-0688.jpg,ow,1,water,ow-0688.xml,1,640,640,S1_20190828_035124_035306_VV_13,S1A_IW_GRDH_1SDV_20190828T035214_20190828T035239_028764_0341F0_762B.SAFE,2019-08-28T03:51:24
ow-0689,ow-0689.jpg,images/ow-0689.jpg,ow,1,water,ow-0689.xml,1,640,640,S1_20190828_153950_154105_VV_1,S1B_IW_GRDH_1SDV_20190828T154015_20190828T154040_017788_02179A_FD13.SAFE,2019-08-28T15:39:50
ow-0690,ow-0690.jpg,images/ow-0690.jpg,ow,1,water,ow-0690.xml,7,640,640,S1_20190828_153950_154105_VV_2,S1B_IW_GRDH_1SDV_20190828T154040_20190828T154105_017788_02179A_9F35.SAFE,2019-08-28T15:39:50
ow-0691,ow-0691.jpg,images/ow-0691.jpg,ow,1,water,ow-0691.xml,1,640,640,S1_20190830_033502_033642_VV_0,S1A_IW_GRDH_1SDV_20190830T033527_20190830T033552_028793_0342F2_73EE.SAFE;S1A_IW_GRDH_1SDV_20190830T033502_20190830T033527_028793_0342F2_9C74.SAFE,2019-08-30T03:35:02
ow-0692,ow-0692.jpg,images/ow-0692.jpg,ow,1,water,ow-0692.xml,1,640,640,S1_20190901_155645_155825_VV_0,S1A_IW_GRDH_1SDV_20190901T155710_20190901T155735_028830_03443E_9738.SAFE,2019-09-01T15:56:45
ow-0693,ow-0693.jpg,images/ow-0693.jpg,ow,1,water,ow-0693.xml,1,640,640,S1_20190902_035935_040115_VV_0,S1A_IW_GRDH_1SDV_20190902T040000_20190902T040025_028837_03447B_F32D.SAFE;S1A_IW_GRDH_1SDV_20190902T035935_20190902T040000_028837_03447B_7C6D.SAFE,2019-09-02T03:59:35
ow-0694,ow-0694.jpg,images/ow-0694.jpg,ow,1,water,ow-0694.xml,2,640,640,S1_20190902_154753_154933_VV_1,S1B_IW_GRDH_1SDV_20190902T154818_20190902T154843_017861_0219CE_E6A5.SAFE,2019-09-02T15:47:53
ow-0695,ow-0695.jpg,images/ow-0695.jpg,ow,1,water,ow-0695.xml,1,640,640,S1_20190903_035048_035227_VV_1,S1B_IW_GRDH_1SDV_20190903T035138_20190903T035203_017868_021A04_85C3.SAFE,2019-09-03T03:50:48
ow-0696,ow-0696.jpg,images/ow-0696.jpg,ow,1,water,ow-0696.xml,1,640,640,S1_20190903_154015_154155_VV_0,S1A_IW_GRDH_1SDV_20190903T154040_20190903T154105_028859_034535_9212.SAFE,2019-09-03T15:40:15
ow-0697,ow-0697.jpg,images/ow-0697.jpg,ow,1,water,ow-0697.xml,1,640,640,S1_20190903_154015_154155_VV_1,S1A_IW_GRDH_1SDV_20190903T154130_20190903T154155_028859_034535_9C24.SAFE;S1A_IW_GRDH_1SDV_20190903T154105_20190903T154130_028859_034535_82B8.SAFE,2019-09-03T15:40:15
ow-0698,ow-0698.jpg,images/ow-0698.jpg,ow,1,water,ow-0698.xml,1,640,640,S1_20190903_154015_154155_VV_2,S1A_IW_GRDH_1SDV_20190903T154130_20190903T154155_028859_034535_9C24.SAFE,2019-09-03T15:40:15
ow-0699,ow-0699.jpg,images/ow-0699.jpg,ow,1,water,ow-0699.xml,1,640,640,S1_20190903_154015_154155_VV_4,S1A_IW_GRDH_1SDV_20190903T154130_20190903T154155_028859_034535_9C24.SAFE,2019-09-03T15:40:15
ow-0700,ow-0700.jpg,images/ow-0700.jpg,ow,1,water,ow-0700.xml,1,640,640,S1_20190903_154015_154155_VV_5,S1A_IW_GRDH_1SDV_20190903T154130_20190903T154155_028859_034535_9C24.SAFE,2019-09-03T15:40:15
ow-0701,ow-0701.jpg,images/ow-0701.jpg,ow,1,water,ow-0701.xml,2,640,640,S1_20190904_034305_034445_VV_1,S1A_IW_GRDH_1SDV_20190904T034330_20190904T034355_028866_034579_E422.SAFE,2019-09-04T03:43:05
ow-0702,ow-0702.jpg,images/ow-0702.jpg,ow,1,water,ow-0702.xml,1,640,640,S1_20190904_034305_034445_VV_3,S1A_IW_GRDH_1SDV_20190904T034330_20190904T034355_028866_034579_E422.SAFE,2019-09-04T03:43:05
ow-0703,ow-0703.jpg,images/ow-0703.jpg,ow,1,water,ow-0703.xml,2,640,640,S1_20190904_034305_034445_VV_5,S1A_IW_GRDH_1SDV_20190904T034330_20190904T034355_028866_034579_E422.SAFE,2019-09-04T03:43:05
ow-0704,ow-0704.jpg,images/ow-0704.jpg,ow,1,water,ow-0704.xml,2,640,640,S1_20190906_160457_160637_VV_1,S1A_IW_GRDH_1SDV_20190906T160522_20190906T160547_028903_0346CC_D7B1.SAFE,2019-09-06T16:04:57
ow-0705,ow-0705.jpg,images/ow-0705.jpg,ow,1,water,ow-0705.xml,1,640,640,S1_20190906_160457_160637_VV_2,S1A_IW_GRDH_1SDV_20190906T160522_20190906T160547_028903_0346CC_D7B1.SAFE,2019-09-06T16:04:57
ow-0706,ow-0706.jpg,images/ow-0706.jpg,ow,1,water,ow-0706.xml,1,640,640,S1_20190909_035125_035306_VV_2,S1A_IW_GRDH_1SDV_20190909T035215_20190909T035240_028939_034806_84EA.SAFE,2019-09-09T03:51:25
ow-0707,ow-0707.jpg,images/ow-0707.jpg,ow,1,water,ow-0707.xml,2,640,640,S1_20190910_034226_034406_VV_0,S1B_IW_GRDH_1SDV_20190910T034226_20190910T034251_017970_021D4F_6F7A.SAFE,2019-09-10T03:42:26
ow-0708,ow-0708.jpg,images/ow-0708.jpg,ow,1,water,ow-0708.xml,2,640,640,S1_20190910_034226_034406_VV_1,S1B_IW_GRDH_1SDV_20190910T034251_20190910T034316_017970_021D4F_07F7.SAFE,2019-09-10T03:42:26
ow-0709,ow-0709.jpg,images/ow-0709.jpg,ow,1,water,ow-0709.xml,1,640,640,S1_20190912_160413_160553_VV_0,S1B_IW_GRDH_1SDV_20190912T160438_20190912T160503_018007_021E66_0739.SAFE,2019-09-12T16:04:13
ow-0710,ow-0710.jpg,images/ow-0710.jpg,ow,1,water,ow-0710.xml,2,640,640,S1_20190913_155646_155826_VV_1,S1A_IW_GRDH_1SDV_20190913T155711_20190913T155736_029005_034A50_BA8D.SAFE,2019-09-13T15:56:46
ow-0711,ow-0711.jpg,images/ow-0711.jpg,ow,1,water,ow-0711.xml,2,640,640,S1_20190914_154754_154934_VV_1,S1B_IW_GRDH_1SDV_20190914T154819_20190914T154844_018036_021F43_FE67.SAFE;S1B_IW_GRDH_1SDV_20190914T154754_20190914T154819_018036_021F43_FD90.SAFE,2019-09-14T15:47:54
ow-0712,ow-0712.jpg,images/ow-0712.jpg,ow,1,water,ow-0712.xml,1,640,640,S1_20190914_154754_154934_VV_2,S1B_IW_GRDH_1SDV_20190914T154819_20190914T154844_018036_021F43_FE67.SAFE;S1B_IW_GRDH_1SDV_20190914T154754_20190914T154819_018036_021F43_FD90.SAFE,2019-09-14T15:47:54
ow-0713,ow-0713.jpg,images/ow-0713.jpg,ow,1,water,ow-0713.xml,1,640,640,S1_20190914_154754_154934_VV_4,S1B_IW_GRDH_1SDV_20190914T154819_20190914T154844_018036_021F43_FE67.SAFE,2019-09-14T15:47:54
ow-0714,ow-0714.jpg,images/ow-0714.jpg,ow,1,water,ow-0714.xml,1,640,640,S1_20190914_154754_154934_VV_5,S1B_IW_GRDH_1SDV_20190914T154844_20190914T154909_018036_021F43_27F9.SAFE,2019-09-14T15:47:54
ow-0715,ow-0715.jpg,images/ow-0715.jpg,ow,1,water,ow-0715.xml,8,640,640,S1_20190914_154754_154934_VV_6,S1B_IW_GRDH_1SDV_20190914T154844_20190914T154909_018036_021F43_27F9.SAFE,2019-09-14T15:47:54
ow-0716,ow-0716.jpg,images/ow-0716.jpg,ow,1,water,ow-0716.xml,1,640,640,S1_20190914_154754_154934_VV_7,S1B_IW_GRDH_1SDV_20190914T154844_20190914T154909_018036_021F43_27F9.SAFE,2019-09-14T15:47:54
ow-0717,ow-0717.jpg,images/ow-0717.jpg,ow,1,water,ow-0717.xml,1,640,640,S1_20190919_155649_155743_VV_0,S1B_IW_GRDH_1SDV_20190919T155649_20190919T155718_018109_02218C_A4C0.SAFE,2019-09-19T15:56:49
ow-0718,ow-0718.jpg,images/ow-0718.jpg,ow,1,water,ow-0718.xml,3,640,640,S1_20190921_153951_154106_VV_0,S1B_IW_GRDH_1SDV_20190921T154041_20190921T154106_018138_022283_3509.SAFE,2019-09-21T15:39:51
ow-0719,ow-0719.jpg,images/ow-0719.jpg,ow,1,water,ow-0719.xml,2,640,640,S1_20190921_153951_154106_VV_1,S1B_IW_GRDH_1SDV_20190921T154041_20190921T154106_018138_022283_3509.SAFE,2019-09-21T15:39:51
ow-0720,ow-0720.jpg,images/ow-0720.jpg,ow,1,water,ow-0720.xml,2,640,640,S1_20190925_155647_155827_VV_1,S1A_IW_GRDH_1SDV_20190925T155712_20190925T155737_029180_035045_0057.SAFE,2019-09-25T15:56:47
ow-0721,ow-0721.jpg,images/ow-0721.jpg,ow,1,water,ow-0721.xml,6,640,640,S1_20190925_155647_155827_VV_3,S1A_IW_GRDH_1SDV_20190925T155712_20190925T155737_029180_035045_0057.SAFE,2019-09-25T15:56:47
ow-0722,ow-0722.jpg,images/ow-0722.jpg,ow,1,water,ow-0722.xml,2,640,640,S1_20190925_155647_155827_VV_7,S1A_IW_GRDH_1SDV_20190925T155712_20190925T155737_029180_035045_0057.SAFE,2019-09-25T15:56:47
ow-0723,ow-0723.jpg,images/ow-0723.jpg,ow,1,water,ow-0723.xml,3,640,640,S1_20190925_155647_155827_VV_11,S1A_IW_GRDH_1SDV_20190925T155712_20190925T155737_029180_035045_0057.SAFE,2019-09-25T15:56:47
ow-0724,ow-0724.jpg,images/ow-0724.jpg,ow,1,water,ow-0724.xml,1,640,640,S1_20190925_155647_155827_VV_12,S1A_IW_GRDH_1SDV_20190925T155712_20190925T155737_029180_035045_0057.SAFE,2019-09-25T15:56:47
ow-0725,ow-0725.jpg,images/ow-0725.jpg,ow,1,water,ow-0725.xml,2,640,640,S1_20190925_155647_155827_VV_14,S1A_IW_GRDH_1SDV_20190925T155712_20190925T155737_029180_035045_0057.SAFE,2019-09-25T15:56:47
ow-0726,ow-0726.jpg,images/ow-0726.jpg,ow,1,water,ow-0726.xml,1,640,640,S1_20190925_155647_155827_VV_16,S1A_IW_GRDH_1SDV_20190925T155712_20190925T155737_029180_035045_0057.SAFE,2019-09-25T15:56:47
ow-0727,ow-0727.jpg,images/ow-0727.jpg,ow,1,water,ow-0727.xml,1,640,640,S1_20190925_155647_155827_VV_17,S1A_IW_GRDH_1SDV_20190925T155712_20190925T155737_029180_035045_0057.SAFE,2019-09-25T15:56:47
ow-0728,ow-0728.jpg,images/ow-0728.jpg,ow,1,water,ow-0728.xml,2,640,640,S1_20190925_155647_155827_VV_18,S1A_IW_GRDH_1SDV_20190925T155712_20190925T155737_029180_035045_0057.SAFE,2019-09-25T15:56:47
ow-0729,ow-0729.jpg,images/ow-0729.jpg,ow,1,water,ow-0729.xml,1,640,640,S1_20190925_155647_155827_VV_19,S1A_IW_GRDH_1SDV_20190925T155737_20190925T155802_029180_035045_5FA1.SAFE,2019-09-25T15:56:47
ow-0730,ow-0730.jpg,images/ow-0730.jpg,ow,1,water,ow-0730.xml,3,640,640,S1_20190926_035936_040116_VV_0,S1A_IW_GRDH_1SDV_20190926T040026_20190926T040051_029187_035080_F816.SAFE,2019-09-26T03:59:36
ow-0731,ow-0731.jpg,images/ow-0731.jpg,ow,1,water,ow-0731.xml,1,640,640,S1_20190926_035936_040116_VV_2,S1A_IW_GRDH_1SDV_20190926T040026_20190926T040051_029187_035080_F816.SAFE,2019-09-26T03:59:36
ow-0732,ow-0732.jpg,images/ow-0732.jpg,ow,1,water,ow-0732.xml,1,640,640,S1_20190926_035936_040116_VV_3,S1A_IW_GRDH_1SDV_20190926T040026_20190926T040051_029187_035080_F816.SAFE,2019-09-26T03:59:36
ow-0733,ow-0733.jpg,images/ow-0733.jpg,ow,1,water,ow-0733.xml,10,640,640,S1_20190926_035936_040116_VV_5,S1A_IW_GRDH_1SDV_20190926T040051_20190926T040116_029187_035080_972D.SAFE,2019-09-26T03:59:36
ow-0734,ow-0734.jpg,images/ow-0734.jpg,ow,1,water,ow-0734.xml,9,640,640,S1_20190926_035936_040116_VV_6,S1A_IW_GRDH_1SDV_20190926T040051_20190926T040116_029187_035080_972D.SAFE,2019-09-26T03:59:36
ow-0735,ow-0735.jpg,images/ow-0735.jpg,ow,1,water,ow-0735.xml,5,640,640,S1_20190926_154755_154935_VV_0,S1B_IW_GRDH_1SDV_20190926T154820_20190926T154845_018211_0224A2_1533.SAFE,2019-09-26T15:47:55
ow-0736,ow-0736.jpg,images/ow-0736.jpg,ow,1,water,ow-0736.xml,3,640,640,S1_20190926_154755_154935_VV_1,S1B_IW_GRDH_1SDV_20190926T154820_20190926T154845_018211_0224A2_1533.SAFE,2019-09-26T15:47:55
ow-0737,ow-0737.jpg,images/ow-0737.jpg,ow,1,water,ow-0737.xml,2,640,640,S1_20190926_154755_154935_VV_2,S1B_IW_GRDH_1SDV_20190926T154820_20190926T154845_018211_0224A2_1533.SAFE,2019-09-26T15:47:55
ow-0738,ow-0738.jpg,images/ow-0738.jpg,ow,1,water,ow-0738.xml,1,640,640,S1_20190926_154755_154935_VV_3,S1B_IW_GRDH_1SDV_20190926T154820_20190926T154845_018211_0224A2_1533.SAFE,2019-09-26T15:47:55
ow-0739,ow-0739.jpg,images/ow-0739.jpg,ow,1,water,ow-0739.xml,1,640,640,S1_20190926_154755_154935_VV_4,S1B_IW_GRDH_1SDV_20190926T154820_20190926T154845_018211_0224A2_1533.SAFE,2019-09-26T15:47:55
ow-0740,ow-0740.jpg,images/ow-0740.jpg,ow,1,water,ow-0740.xml,1,640,640,S1_20190927_035049_035228_VV_3,S1B_IW_GRDH_1SDV_20190927T035114_20190927T035139_018218_0224DC_067F.SAFE,2019-09-27T03:50:49
ow-0741,ow-0741.jpg,images/ow-0741.jpg,ow,1,water,ow-0741.xml,1,640,640,S1_20190927_035049_035228_VV_4,S1B_IW_GRDH_1SDV_20190927T035114_20190927T035139_018218_0224DC_067F.SAFE,2019-09-27T03:50:49
ow-0742,ow-0742.jpg,images/ow-0742.jpg,ow,1,water,ow-0742.xml,5,640,640,S1_20190927_035049_035228_VV_5,S1B_IW_GRDH_1SDV_20190927T035139_20190927T035204_018218_0224DC_E6A4.SAFE,2019-09-27T03:50:49
ow-0743,ow-0743.jpg,images/ow-0743.jpg,ow,1,water,ow-0743.xml,1,640,640,S1_20190927_154017_154157_VV_0,S1A_IW_GRDH_1SDV_20190927T154107_20190927T154132_029209_035141_8445.SAFE,2019-09-27T15:40:17
ow-0744,ow-0744.jpg,images/ow-0744.jpg,ow,1,water,ow-0744.xml,1,640,640,S1_20190927_154017_154157_VV_1,S1A_IW_GRDH_1SDV_20190927T154107_20190927T154132_029209_035141_8445.SAFE,2019-09-27T15:40:17
ow-0745,ow-0745.jpg,images/ow-0745.jpg,ow,1,water,ow-0745.xml,2,640,640,S1_20190927_154017_154157_VV_2,S1A_IW_GRDH_1SDV_20190927T154132_20190927T154157_029209_035141_93D0.SAFE,2019-09-27T15:40:17
ow-0746,ow-0746.jpg,images/ow-0746.jpg,ow,1,water,ow-0746.xml,3,640,640,S1_20190927_154017_154157_VV_3,S1A_IW_GRDH_1SDV_20190927T154132_20190927T154157_029209_035141_93D0.SAFE,2019-09-27T15:40:17
ow-0747,ow-0747.jpg,images/ow-0747.jpg,ow,1,water,ow-0747.xml,3,640,640,S1_20190928_034306_034446_VV_0,S1A_IW_GRDH_1SDV_20190928T034331_20190928T034356_029216_035188_442B.SAFE,2019-09-28T03:43:06
ow-0748,ow-0748.jpg,images/ow-0748.jpg,ow,1,water,ow-0748.xml,2,640,640,S1_20190928_034306_034446_VV_1,S1A_IW_GRDH_1SDV_20190928T034331_20190928T034356_029216_035188_442B.SAFE,2019-09-28T03:43:06
ow-0749,ow-0749.jpg,images/ow-0749.jpg,ow,1,water,ow-0749.xml,1,640,640,S1_20190928_034306_034446_VV_2,S1A_IW_GRDH_1SDV_20190928T034331_20190928T034356_029216_035188_442B.SAFE,2019-09-28T03:43:06
ow-0750,ow-0750.jpg,images/ow-0750.jpg,ow,1,water,ow-0750.xml,1,640,640,S1_20190928_034306_034446_VV_4,S1A_IW_GRDH_1SDV_20190928T034331_20190928T034356_029216_035188_442B.SAFE,2019-09-28T03:43:06
ow-0751,ow-0751.jpg,images/ow-0751.jpg,ow,1,water,ow-0751.xml,1,640,640,S1_20190928_034306_034446_VV_7,S1A_IW_GRDH_1SDV_20190928T034331_20190928T034356_029216_035188_442B.SAFE,2019-09-28T03:43:06
ow-0752,ow-0752.jpg,images/ow-0752.jpg,ow,1,water,ow-0752.xml,2,640,640,S1_20190928_153137_153317_VV_1,S1B_IW_GRDH_1SDV_20190928T153227_20190928T153252_018240_022588_126E.SAFE,2019-09-28T15:31:37
ow-0753,ow-0753.jpg,images/ow-0753.jpg,ow,1,water,ow-0753.xml,3,640,640,S1_20190928_153137_153317_VV_2,S1B_IW_GRDH_1SDV_20190928T153227_20190928T153252_018240_022588_126E.SAFE,2019-09-28T15:31:37
ow-0754,ow-0754.jpg,images/ow-0754.jpg,ow,1,water,ow-0754.xml,6,640,640,S1_20191001_155619_155644_VV_6,S1B_IW_GRDH_1SDV_20191001T155619_20191001T155644_018284_0226F2_D309.SAFE,2019-10-01T15:56:19
ow-0755,ow-0755.jpg,images/ow-0755.jpg,ow,1,water,ow-0755.xml,1,640,640,S1_20191001_155619_155644_VV_7,S1B_IW_GRDH_1SDV_20191001T155619_20191001T155644_018284_0226F2_D309.SAFE,2019-10-01T15:56:19
ow-0756,ow-0756.jpg,images/ow-0756.jpg,ow,1,water,ow-0756.xml,1,640,640,S1_20191001_155619_155644_VV_8,S1B_IW_GRDH_1SDV_20191001T155619_20191001T155644_018284_0226F2_D309.SAFE,2019-10-01T15:56:19
ow-0757,ow-0757.jpg,images/ow-0757.jpg,ow,1,water,ow-0757.xml,2,640,640,S1_20191001_155619_155644_VV_9,S1B_IW_GRDH_1SDV_20191001T155619_20191001T155644_018284_0226F2_D309.SAFE,2019-10-01T15:56:19
ow-0758,ow-0758.jpg,images/ow-0758.jpg,ow,1,water,ow-0758.xml,2,640,640,S1_20191001_155619_155644_VV_10,S1B_IW_GRDH_1SDV_20191001T155619_20191001T155644_018284_0226F2_D309.SAFE,2019-10-01T15:56:19
ow-0759,ow-0759.jpg,images/ow-0759.jpg,ow,1,water,ow-0759.xml,2,640,640,S1_20191001_155619_155644_VV_11,S1B_IW_GRDH_1SDV_20191001T155619_20191001T155644_018284_0226F2_D309.SAFE,2019-10-01T15:56:19
ow-0760,ow-0760.jpg,images/ow-0760.jpg,ow,1,water,ow-0760.xml,4,2902,2902,S1_20191001_155650_155744_VV_0,S1B_IW_GRDH_1SDV_20191001T155650_20191001T155719_018284_0226F3_A521.SAFE,2019-10-01T15:56:50
ow-0761,ow-0761.jpg,images/ow-0761.jpg,ow,1,water,ow-0761.xml,1,640,640,S1_20191001_155650_155744_VV_1,S1B_IW_GRDH_1SDV_20191001T155650_20191001T155719_018284_0226F3_A521.SAFE,2019-10-01T15:56:50
ow-0762,ow-0762.jpg,images/ow-0762.jpg,ow,1,water,ow-0762.xml,2,4130,4130,S1_20191002_035859_040038_VV_0,S1B_IW_GRDH_1SDV_20191002T035949_20191002T040014_018291_022738_5054.SAFE,2019-10-02T03:58:59
ow-0763,ow-0763.jpg,images/ow-0763.jpg,ow,1,water,ow-0763.xml,1,640,640,S1_20191002_035859_040038_VV_1,S1B_IW_GRDH_1SDV_20191002T035924_20191002T035949_018291_022738_4C40.SAFE,2019-10-02T03:58:59
ow-0764,ow-0764.jpg,images/ow-0764.jpg,ow,1,water,ow-0764.xml,1,640,640,S1_20191002_035859_040038_VV_2,S1B_IW_GRDH_1SDV_20191002T035924_20191002T035949_018291_022738_4C40.SAFE,2019-10-02T03:58:59
ow-0765,ow-0765.jpg,images/ow-0765.jpg,ow,1,water,ow-0765.xml,1,640,640,S1_20191002_154845_155025_VV_2,S1A_IW_GRDH_1SDV_20191002T154845_20191002T154910_029282_0353D1_FBA2.SAFE,2019-10-02T15:48:45
ow-0766,ow-0766.jpg,images/ow-0766.jpg,ow,1,water,ow-0766.xml,1,640,640,S1_20191002_154845_155025_VV_3,S1A_IW_GRDH_1SDV_20191002T154845_20191002T154910_029282_0353D1_FBA2.SAFE,2019-10-02T15:48:45
ow-0767,ow-0767.jpg,images/ow-0767.jpg,ow,1,water,ow-0767.xml,4,640,640,S1_20191002_154845_155025_VV_4,S1A_IW_GRDH_1SDV_20191002T154845_20191002T154910_029282_0353D1_FBA2.SAFE,2019-10-02T15:48:45
ow-0768,ow-0768.jpg,images/ow-0768.jpg,ow,1,water,ow-0768.xml,4,640,640,S1_20191002_154845_155025_VV_5,S1A_IW_GRDH_1SDV_20191002T154845_20191002T154910_029282_0353D1_FBA2.SAFE,2019-10-02T15:48:45
ow-0769,ow-0769.jpg,images/ow-0769.jpg,ow,1,water,ow-0769.xml,3,640,640,S1_20191002_154845_155025_VV_6,S1A_IW_GRDH_1SDV_20191002T154845_20191002T154910_029282_0353D1_FBA2.SAFE,2019-10-02T15:48:45
ow-0770,ow-0770.jpg,images/ow-0770.jpg,ow,1,water,ow-0770.xml,7,640,640,S1_20191002_154845_155025_VV_7,S1A_IW_GRDH_1SDV_20191002T154845_20191002T154910_029282_0353D1_FBA2.SAFE,2019-10-02T15:48:45
ow-0771,ow-0771.jpg,images/ow-0771.jpg,ow,1,water,ow-0771.xml,1,640,640,S1_20191002_154845_155025_VV_8,S1A_IW_GRDH_1SDV_20191002T154845_20191002T154910_029282_0353D1_FBA2.SAFE,2019-10-02T15:48:45
ow-0772,ow-0772.jpg,images/ow-0772.jpg,ow,1,water,ow-0772.xml,3,640,640,S1_20191002_154845_155025_VV_9,S1A_IW_GRDH_1SDV_20191002T154910_20191002T154935_029282_0353D1_55BD.SAFE;S1A_IW_GRDH_1SDV_20191002T154845_20191002T154910_029282_0353D1_FBA2.SAFE,2019-10-02T15:48:45
ow-0773,ow-0773.jpg,images/ow-0773.jpg,ow,1,water,ow-0773.xml,4,640,640,S1_20191002_154845_155025_VV_10,S1A_IW_GRDH_1SDV_20191002T154910_20191002T154935_029282_0353D1_55BD.SAFE,2019-10-02T15:48:45
ow-0774,ow-0774.jpg,images/ow-0774.jpg,ow,1,water,ow-0774.xml,1,640,640,S1_20191002_154845_155025_VV_11,S1A_IW_GRDH_1SDV_20191002T154910_20191002T154935_029282_0353D1_55BD.SAFE,2019-10-02T15:48:45
ow-0775,ow-0775.jpg,images/ow-0775.jpg,ow,1,water,ow-0775.xml,1,640,640,S1_20191002_154845_155025_VV_12,S1A_IW_GRDH_1SDV_20191002T154935_20191002T155000_029282_0353D1_AD9D.SAFE,2019-10-02T15:48:45
ow-0776,ow-0776.jpg,images/ow-0776.jpg,ow,1,water,ow-0776.xml,4,640,640,S1_20191002_154845_155025_VV_13,S1A_IW_GRDH_1SDV_20191002T154935_20191002T155000_029282_0353D1_AD9D.SAFE,2019-10-02T15:48:45
ow-0777,ow-0777.jpg,images/ow-0777.jpg,ow,1,water,ow-0777.xml,2,640,640,S1_20191003_035126_035307_VV_2,S1A_IW_GRDH_1SDV_20191003T035151_20191003T035216_029289_035408_EF44.SAFE,2019-10-03T03:51:26
ow-0778,ow-0778.jpg,images/ow-0778.jpg,ow,1,water,ow-0778.xml,2,640,640,S1_20191003_035126_035307_VV_3,S1A_IW_GRDH_1SDV_20191003T035151_20191003T035216_029289_035408_EF44.SAFE,2019-10-03T03:51:26
ow-0779,ow-0779.jpg,images/ow-0779.jpg,ow,1,water,ow-0779.xml,4,640,640,S1_20191003_153951_154106_VV_0,S1B_IW_GRDH_1SDV_20191003T154016_20191003T154041_018313_0227F5_C52B.SAFE,2019-10-03T15:39:51
ow-0780,ow-0780.jpg,images/ow-0780.jpg,ow,1,water,ow-0780.xml,1,640,640,S1_20191003_153951_154106_VV_1,S1B_IW_GRDH_1SDV_20191003T154016_20191003T154041_018313_0227F5_C52B.SAFE,2019-10-03T15:39:51
ow-0781,ow-0781.jpg,images/ow-0781.jpg,ow,1,water,ow-0781.xml,1,640,640,S1_20191003_153951_154106_VV_2,S1B_IW_GRDH_1SDV_20191003T154016_20191003T154041_018313_0227F5_C52B.SAFE,2019-10-03T15:39:51
ow-0782,ow-0782.jpg,images/ow-0782.jpg,ow,1,water,ow-0782.xml,1,640,640,S1_20191003_153951_154106_VV_3,S1B_IW_GRDH_1SDV_20191003T154041_20191003T154106_018313_0227F5_FA2A.SAFE,2019-10-03T15:39:51
ow-0783,ow-0783.jpg,images/ow-0783.jpg,ow,1,water,ow-0783.xml,1,640,640,S1_20191004_034227_034407_VV_2,S1B_IW_GRDH_1SDV_20191004T034252_20191004T034317_018320_02282B_B1FB.SAFE,2019-10-04T03:42:27
ow-0784,ow-0784.jpg,images/ow-0784.jpg,ow,1,water,ow-0784.xml,1,640,640,S1_20191007_155647_155827_VV_2,S1A_IW_GRDH_1SDV_20191007T155712_20191007T155737_029355_035652_8FCF.SAFE,2019-10-07T15:56:47
ow-0785,ow-0785.jpg,images/ow-0785.jpg,ow,1,water,ow-0785.xml,1,640,640,S1_20191007_155647_155827_VV_3,S1A_IW_GRDH_1SDV_20191007T155712_20191007T155737_029355_035652_8FCF.SAFE,2019-10-07T15:56:47
ow-0786,ow-0786.jpg,images/ow-0786.jpg,ow,1,water,ow-0786.xml,1,640,640,S1_20191007_155647_155827_VV_4,S1A_IW_GRDH_1SDV_20191007T155712_20191007T155737_029355_035652_8FCF.SAFE,2019-10-07T15:56:47
ow-0787,ow-0787.jpg,images/ow-0787.jpg,ow,1,water,ow-0787.xml,1,1109,1109,S1_20191007_155647_155827_VV_5,S1A_IW_GRDH_1SDV_20191007T155712_20191007T155737_029355_035652_8FCF.SAFE,2019-10-07T15:56:47
ow-0788,ow-0788.jpg,images/ow-0788.jpg,ow,1,water,ow-0788.xml,4,640,640,S1_20191007_155647_155827_VV_6,S1A_IW_GRDH_1SDV_20191007T155712_20191007T155737_029355_035652_8FCF.SAFE,2019-10-07T15:56:47
ow-0789,ow-0789.jpg,images/ow-0789.jpg,ow,1,water,ow-0789.xml,3,640,640,S1_20191008_035936_040116_VV_0,S1A_IW_GRDH_1SDV_20191008T040026_20191008T040051_029362_03568A_5355.SAFE,2019-10-08T03:59:36
ow-0790,ow-0790.jpg,images/ow-0790.jpg,ow,1,water,ow-0790.xml,2,640,640,S1_20191008_035936_040116_VV_1,S1A_IW_GRDH_1SDV_20191008T040026_20191008T040051_029362_03568A_5355.SAFE,2019-10-08T03:59:36
ow-0791,ow-0791.jpg,images/ow-0791.jpg,ow,1,water,ow-0791.xml,3,640,640,S1_20191008_035936_040116_VV_2,S1A_IW_GRDH_1SDV_20191008T040026_20191008T040051_029362_03568A_5355.SAFE,2019-10-08T03:59:36
ow-0792,ow-0792.jpg,images/ow-0792.jpg,ow,1,water,ow-0792.xml,4,640,640,S1_20191008_035936_040116_VV_3,S1A_IW_GRDH_1SDV_20191008T040026_20191008T040051_029362_03568A_5355.SAFE,2019-10-08T03:59:36
ow-0793,ow-0793.jpg,images/ow-0793.jpg,ow,1,water,ow-0793.xml,1,640,640,S1_20191008_035936_040116_VV_4,S1A_IW_GRDH_1SDV_20191008T040026_20191008T040051_029362_03568A_5355.SAFE,2019-10-08T03:59:36
ow-0794,ow-0794.jpg,images/ow-0794.jpg,ow,1,water,ow-0794.xml,1,640,640,S1_20191008_035936_040116_VV_5,S1A_IW_GRDH_1SDV_20191008T040026_20191008T040051_029362_03568A_5355.SAFE,2019-10-08T03:59:36
ow-0795,ow-0795.jpg,images/ow-0795.jpg,ow,1,water,ow-0795.xml,4,640,640,S1_20191008_154754_154934_VV_1,S1B_IW_GRDH_1SDV_20191008T154819_20191008T154844_018386_022A2C_14D5.SAFE,2019-10-08T15:47:54
ow-0796,ow-0796.jpg,images/ow-0796.jpg,ow,1,water,ow-0796.xml,1,640,640,S1_20191008_154754_154934_VV_2,S1B_IW_GRDH_1SDV_20191008T154819_20191008T154844_018386_022A2C_14D5.SAFE,2019-10-08T15:47:54
ow-0797,ow-0797.jpg,images/ow-0797.jpg,ow,1,water,ow-0797.xml,2,640,640,S1_20191008_154754_154934_VV_3,S1B_IW_GRDH_1SDV_20191008T154844_20191008T154909_018386_022A2C_1FB0.SAFE,2019-10-08T15:47:54
ow-0798,ow-0798.jpg,images/ow-0798.jpg,ow,1,water,ow-0798.xml,1,640,640,S1_20191008_154754_154934_VV_4,S1B_IW_GRDH_1SDV_20191008T154844_20191008T154909_018386_022A2C_1FB0.SAFE,2019-10-08T15:47:54
ow-0799,ow-0799.jpg,images/ow-0799.jpg,ow,1,water,ow-0799.xml,4,640,640,S1_20191008_154754_154934_VV_5,S1B_IW_GRDH_1SDV_20191008T154909_20191008T154934_018386_022A2C_AF1F.SAFE,2019-10-08T15:47:54
ow-0800,ow-0800.jpg,images/ow-0800.jpg,ow,1,water,ow-0800.xml,2,640,640,S1_20191009_035049_035228_VV_1,S1B_IW_GRDH_1SDV_20191009T035139_20191009T035204_018393_022A5F_383D.SAFE;S1B_IW_GRDH_1SDV_20191009T035114_20191009T035139_018393_022A5F_B79F.SAFE,2019-10-09T03:50:49
ow-0801,ow-0801.jpg,images/ow-0801.jpg,ow,1,water,ow-0801.xml,3,640,640,S1_20191009_035049_035228_VV_2,S1B_IW_GRDH_1SDV_20191009T035139_20191009T035204_018393_022A5F_383D.SAFE,2019-10-09T03:50:49
ow-0802,ow-0802.jpg,images/ow-0802.jpg,ow,1,water,ow-0802.xml,1,640,640,S1_20191009_035049_035228_VV_3,S1B_IW_GRDH_1SDV_20191009T035139_20191009T035204_018393_022A5F_383D.SAFE,2019-10-09T03:50:49
ow-0803,ow-0803.jpg,images/ow-0803.jpg,ow,1,water,ow-0803.xml,3,640,640,S1_20191009_154016_154156_VV_0,S1A_IW_GRDH_1SDV_20191009T154106_20191009T154131_029384_035749_F128.SAFE,2019-10-09T15:40:16
ow-0804,ow-0804.jpg,images/ow-0804.jpg,ow,1,water,ow-0804.xml,3,640,640,S1_20191009_154016_154156_VV_1,S1A_IW_GRDH_1SDV_20191009T154106_20191009T154131_029384_035749_F128.SAFE,2019-10-09T15:40:16
ow-0805,ow-0805.jpg,images/ow-0805.jpg,ow,1,water,ow-0805.xml,1,640,640,S1_20191009_154016_154156_VV_2,S1A_IW_GRDH_1SDV_20191009T154106_20191009T154131_029384_035749_F128.SAFE,2019-10-09T15:40:16
ow-0806,ow-0806.jpg,images/ow-0806.jpg,ow,1,water,ow-0806.xml,1,640,640,S1_20191010_034306_034446_VV_1,S1A_IW_GRDH_1SDV_20191010T034331_20191010T034356_029391_035788_7CA8.SAFE,2019-10-10T03:43:06
ow-0807,ow-0807.jpg,images/ow-0807.jpg,ow,1,water,ow-0807.xml,2,640,640,S1_20191010_034306_034446_VV_2,S1A_IW_GRDH_1SDV_20191010T034331_20191010T034356_029391_035788_7CA8.SAFE,2019-10-10T03:43:06
ow-0808,ow-0808.jpg,images/ow-0808.jpg,ow,1,water,ow-0808.xml,1,640,640,S1_20191010_034306_034446_VV_3,S1A_IW_GRDH_1SDV_20191010T034356_20191010T034421_029391_035788_FA04.SAFE,2019-10-10T03:43:06
ow-0809,ow-0809.jpg,images/ow-0809.jpg,ow,1,water,ow-0809.xml,1,640,640,S1_20191012_160458_160638_VV_0,S1A_IW_GRDH_1SDV_20191012T160523_20191012T160548_029428_0358E2_98C4.SAFE,2019-10-12T16:04:58
ow-0810,ow-0810.jpg,images/ow-0810.jpg,ow,1,water,ow-0810.xml,2,640,640,S1_20191013_155650_155744_VV_0,S1B_IW_GRDH_1SDV_20191013T155650_20191013T155719_018459_022C6B_606D.SAFE,2019-10-13T15:56:50
ow-0811,ow-0811.jpg,images/ow-0811.jpg,ow,1,water,ow-0811.xml,2,640,640,S1_20191013_155650_155744_VV_1,S1B_IW_GRDH_1SDV_20191013T155650_20191013T155719_018459_022C6B_606D.SAFE,2019-10-13T15:56:50
ow-0812,ow-0812.jpg,images/ow-0812.jpg,ow,1,water,ow-0812.xml,1,640,640,S1_20191013_155650_155744_VV_2,S1B_IW_GRDH_1SDV_20191013T155650_20191013T155719_018459_022C6B_606D.SAFE,2019-10-13T15:56:50
ow-0813,ow-0813.jpg,images/ow-0813.jpg,ow,1,water,ow-0813.xml,1,640,640,S1_20191014_035859_040038_VV_0,S1B_IW_GRDH_1SDV_20191014T035949_20191014T040014_018466_022CAA_1046.SAFE,2019-10-14T03:58:59
ow-0814,ow-0814.jpg,images/ow-0814.jpg,ow,1,water,ow-0814.xml,1,640,640,S1_20191014_035859_040038_VV_1,S1B_IW_GRDH_1SDV_20191014T035949_20191014T040014_018466_022CAA_1046.SAFE,2019-10-14T03:58:59
ow-0815,ow-0815.jpg,images/ow-0815.jpg,ow,1,water,ow-0815.xml,2,640,640,S1_20191014_154845_155025_VV_0,S1A_IW_GRDH_1SDV_20191014T154845_20191014T154910_029457_0359DE_D1AE.SAFE,2019-10-14T15:48:45
ow-0816,ow-0816.jpg,images/ow-0816.jpg,ow,1,water,ow-0816.xml,1,640,640,S1_20191014_154845_155025_VV_1,S1A_IW_GRDH_1SDV_20191014T154845_20191014T154910_029457_0359DE_D1AE.SAFE,2019-10-14T15:48:45
ow-0817,ow-0817.jpg,images/ow-0817.jpg,ow,1,water,ow-0817.xml,4,640,640,S1_20191014_154845_155025_VV_2,S1A_IW_GRDH_1SDV_20191014T154845_20191014T154910_029457_0359DE_D1AE.SAFE,2019-10-14T15:48:45
ow-0818,ow-0818.jpg,images/ow-0818.jpg,ow,1,water,ow-0818.xml,3,640,640,S1_20191014_154845_155025_VV_3,S1A_IW_GRDH_1SDV_20191014T154845_20191014T154910_029457_0359DE_D1AE.SAFE,2019-10-14T15:48:45
ow-0819,ow-0819.jpg,images/ow-0819.jpg,ow,1,water,ow-0819.xml,4,640,640,S1_20191014_154845_155025_VV_4,S1A_IW_GRDH_1SDV_20191014T154845_20191014T154910_029457_0359DE_D1AE.SAFE,2019-10-14T15:48:45
ow-0820,ow-0820.jpg,images/ow-0820.jpg,ow,1,water,ow-0820.xml,1,640,640,S1_20191014_154845_155025_VV_5,S1A_IW_GRDH_1SDV_20191014T154845_20191014T154910_029457_0359DE_D1AE.SAFE,2019-10-14T15:48:45
ow-0821,ow-0821.jpg,images/ow-0821.jpg,ow,1,water,ow-0821.xml,4,640,640,S1_20191014_154845_155025_VV_6,S1A_IW_GRDH_1SDV_20191014T154910_20191014T154935_029457_0359DE_77C2.SAFE;S1A_IW_GRDH_1SDV_20191014T154845_20191014T154910_029457_0359DE_D1AE.SAFE,2019-10-14T15:48:45
ow-0822,ow-0822.jpg,images/ow-0822.jpg,ow,1,water,ow-0822.xml,1,640,640,S1_20191015_035126_035307_VV_2,S1A_IW_GRDH_1SDV_20191015T035151_20191015T035216_029464_035A19_9D38.SAFE;S1A_IW_GRDH_1SDV_20191015T035126_20191015T035151_029464_035A19_9F94.SAFE,2019-10-15T03:51:26
ow-0823,ow-0823.jpg,images/ow-0823.jpg,ow,1,water,ow-0823.xml,1,640,640,S1_20191015_035126_035307_VV_3,S1A_IW_GRDH_1SDV_20191015T035151_20191015T035216_029464_035A19_9D38.SAFE,2019-10-15T03:51:26
ow-0824,ow-0824.jpg,images/ow-0824.jpg,ow,1,water,ow-0824.xml,3,640,640,S1_20191015_035126_035307_VV_4,S1A_IW_GRDH_1SDV_20191015T035216_20191015T035241_029464_035A19_207B.SAFE,2019-10-15T03:51:26
ow-0825,ow-0825.jpg,images/ow-0825.jpg,ow,1,water,ow-0825.xml,1,640,640,S1_20191015_035126_035307_VV_5,S1A_IW_GRDH_1SDV_20191015T035216_20191015T035241_029464_035A19_207B.SAFE,2019-10-15T03:51:26
ow-0826,ow-0826.jpg,images/ow-0826.jpg,ow,1,water,ow-0826.xml,3,640,640,S1_20191015_035126_035307_VV_6,S1A_IW_GRDH_1SDV_20191015T035216_20191015T035241_029464_035A19_207B.SAFE,2019-10-15T03:51:26
ow-0827,ow-0827.jpg,images/ow-0827.jpg,ow,1,water,ow-0827.xml,1,2954,2954,S1_20191019_155647_155827_VV_0,S1A_IW_GRDH_1SDV_20191019T155737_20191019T155802_029530_035C5B_E72A.SAFE;S1A_IW_GRDH_1SDV_20191019T155712_20191019T155737_029530_035C5B_D123.SAFE,2019-10-19T15:56:47
ow-0828,ow-0828.jpg,images/ow-0828.jpg,ow,1,water,ow-0828.xml,1,640,640,S1_20191019_155647_155827_VV_3,S1A_IW_GRDH_1SDV_20191019T155712_20191019T155737_029530_035C5B_D123.SAFE,2019-10-19T15:56:47
ow-0829,ow-0829.jpg,images/ow-0829.jpg,ow,1,water,ow-0829.xml,1,640,640,S1_20191019_155647_155827_VV_4,S1A_IW_GRDH_1SDV_20191019T155712_20191019T155737_029530_035C5B_D123.SAFE,2019-10-19T15:56:47
ow-0830,ow-0830.jpg,images/ow-0830.jpg,ow,1,water,ow-0830.xml,2,640,640,S1_20191019_155647_155827_VV_5,S1A_IW_GRDH_1SDV_20191019T155712_20191019T155737_029530_035C5B_D123.SAFE,2019-10-19T15:56:47
ow-0831,ow-0831.jpg,images/ow-0831.jpg,ow,1,water,ow-0831.xml,2,640,640,S1_20191019_155647_155827_VV_6,S1A_IW_GRDH_1SDV_20191019T155712_20191019T155737_029530_035C5B_D123.SAFE,2019-10-19T15:56:47
ow-0832,ow-0832.jpg,images/ow-0832.jpg,ow,1,water,ow-0832.xml,1,640,640,S1_20191019_155647_155827_VV_7,S1A_IW_GRDH_1SDV_20191019T155712_20191019T155737_029530_035C5B_D123.SAFE,2019-10-19T15:56:47
ow-0833,ow-0833.jpg,images/ow-0833.jpg,ow,1,water,ow-0833.xml,2,640,640,S1_20191019_155647_155827_VV_8,S1A_IW_GRDH_1SDV_20191019T155712_20191019T155737_029530_035C5B_D123.SAFE,2019-10-19T15:56:47
ow-0834,ow-0834.jpg,images/ow-0834.jpg,ow,1,water,ow-0834.xml,1,2090,2090,S1_20191020_035936_040116_VV_0,S1A_IW_GRDH_1SDV_20191020T040026_20191020T040051_029537_035C98_A5AA.SAFE,2019-10-20T03:59:36
ow-0835,ow-0835.jpg,images/ow-0835.jpg,ow,1,water,ow-0835.xml,2,640,640,S1_20191020_035936_040116_VV_1,S1A_IW_GRDH_1SDV_20191020T040001_20191020T040026_029537_035C98_67D9.SAFE,2019-10-20T03:59:36
ow-0836,ow-0836.jpg,images/ow-0836.jpg,ow,1,water,ow-0836.xml,1,640,640,S1_20191020_035936_040116_VV_2,S1A_IW_GRDH_1SDV_20191020T040001_20191020T040026_029537_035C98_67D9.SAFE,2019-10-20T03:59:36
ow-0837,ow-0837.jpg,images/ow-0837.jpg,ow,1,water,ow-0837.xml,1,640,640,S1_20191020_035936_040116_VV_3,S1A_IW_GRDH_1SDV_20191020T040026_20191020T040051_029537_035C98_A5AA.SAFE;S1A_IW_GRDH_1SDV_20191020T040001_20191020T040026_029537_035C98_67D9.SAFE,2019-10-20T03:59:36
ow-0838,ow-0838.jpg,images/ow-0838.jpg,ow,1,water,ow-0838.xml,1,640,640,S1_20191020_035936_040116_VV_4,S1A_IW_GRDH_1SDV_20191020T040026_20191020T040051_029537_035C98_A5AA.SAFE,2019-10-20T03:59:36
ow-0839,ow-0839.jpg,images/ow-0839.jpg,ow,1,water,ow-0839.xml,1,640,640,S1_20191020_035936_040116_VV_6,S1A_IW_GRDH_1SDV_20191020T040051_20191020T040116_029537_035C98_7D16.SAFE,2019-10-20T03:59:36
ow-0840,ow-0840.jpg,images/ow-0840.jpg,ow,1,water,ow-0840.xml,3,640,640,S1_20191020_154755_154935_VV_3,S1B_IW_GRDH_1SDV_20191020T154820_20191020T154845_018561_022F8C_E7C6.SAFE,2019-10-20T15:47:55
ow-0841,ow-0841.jpg,images/ow-0841.jpg,ow,1,water,ow-0841.xml,2,640,640,S1_20191020_154755_154935_VV_4,S1B_IW_GRDH_1SDV_20191020T154820_20191020T154845_018561_022F8C_E7C6.SAFE,2019-10-20T15:47:55
ow-0842,ow-0842.jpg,images/ow-0842.jpg,ow,1,water,ow-0842.xml,3,640,640,S1_20191020_154755_154935_VV_5,S1B_IW_GRDH_1SDV_20191020T154820_20191020T154845_018561_022F8C_E7C6.SAFE,2019-10-20T15:47:55
ow-0843,ow-0843.jpg,images/ow-0843.jpg,ow,1,water,ow-0843.xml,1,640,640,S1_20191020_154755_154935_VV_7,S1B_IW_GRDH_1SDV_20191020T154820_20191020T154845_018561_022F8C_E7C6.SAFE,2019-10-20T15:47:55
ow-0844,ow-0844.jpg,images/ow-0844.jpg,ow,1,water,ow-0844.xml,1,640,640,S1_20191020_154755_154935_VV_8,S1B_IW_GRDH_1SDV_20191020T154820_20191020T154845_018561_022F8C_E7C6.SAFE,2019-10-20T15:47:55
ow-0845,ow-0845.jpg,images/ow-0845.jpg,ow,1,water,ow-0845.xml,1,640,640,S1_20191020_154755_154935_VV_9,S1B_IW_GRDH_1SDV_20191020T154820_20191020T154845_018561_022F8C_E7C6.SAFE,2019-10-20T15:47:55
ow-0846,ow-0846.jpg,images/ow-0846.jpg,ow,1,water,ow-0846.xml,3,640,640,S1_20191020_154755_154935_VV_10,S1B_IW_GRDH_1SDV_20191020T154820_20191020T154845_018561_022F8C_E7C6.SAFE,2019-10-20T15:47:55
ow-0847,ow-0847.jpg,images/ow-0847.jpg,ow,1,water,ow-0847.xml,1,640,640,S1_20191020_154755_154935_VV_11,S1B_IW_GRDH_1SDV_20191020T154845_20191020T154910_018561_022F8C_7ECC.SAFE,2019-10-20T15:47:55
ow-0848,ow-0848.jpg,images/ow-0848.jpg,ow,1,water,ow-0848.xml,1,640,640,S1_20191020_154755_154935_VV_12,S1B_IW_GRDH_1SDV_20191020T154845_20191020T154910_018561_022F8C_7ECC.SAFE,2019-10-20T15:47:55
ow-0849,ow-0849.jpg,images/ow-0849.jpg,ow,1,water,ow-0849.xml,5,1592,1592,S1_20191021_035049_035228_VV_0,S1B_IW_GRDH_1SDV_20191021T035139_20191021T035204_018568_022FC0_7FCF.SAFE,2019-10-21T03:50:49
ow-0850,ow-0850.jpg,images/ow-0850.jpg,ow,1,water,ow-0850.xml,3,3411,3411,S1_20191021_035049_035228_VV_1,S1B_IW_GRDH_1SDV_20191021T035139_20191021T035204_018568_022FC0_7FCF.SAFE,2019-10-21T03:50:49
ow-0851,ow-0851.jpg,images/ow-0851.jpg,ow,1,water,ow-0851.xml,1,640,640,S1_20191021_035049_035228_VV_5,S1B_IW_GRDH_1SDV_20191021T035114_20191021T035139_018568_022FC0_0980.SAFE,2019-10-21T03:50:49
ow-0852,ow-0852.jpg,images/ow-0852.jpg,ow,1,water,ow-0852.xml,2,640,640,S1_20191021_035049_035228_VV_6,S1B_IW_GRDH_1SDV_20191021T035114_20191021T035139_018568_022FC0_0980.SAFE,2019-10-21T03:50:49
ow-0853,ow-0853.jpg,images/ow-0853.jpg,ow,1,water,ow-0853.xml,2,640,640,S1_20191021_035049_035228_VV_7,S1B_IW_GRDH_1SDV_20191021T035114_20191021T035139_018568_022FC0_0980.SAFE,2019-10-21T03:50:49
ow-0854,ow-0854.jpg,images/ow-0854.jpg,ow,1,water,ow-0854.xml,2,640,640,S1_20191021_035049_035228_VV_8,S1B_IW_GRDH_1SDV_20191021T035114_20191021T035139_018568_022FC0_0980.SAFE,2019-10-21T03:50:49
ow-0855,ow-0855.jpg,images/ow-0855.jpg,ow,1,water,ow-0855.xml,2,640,640,S1_20191021_035049_035228_VV_9,S1B_IW_GRDH_1SDV_20191021T035114_20191021T035139_018568_022FC0_0980.SAFE,2019-10-21T03:50:49
ow-0856,ow-0856.jpg,images/ow-0856.jpg,ow,1,water,ow-0856.xml,2,640,640,S1_20191021_035049_035228_VV_10,S1B_IW_GRDH_1SDV_20191021T035139_20191021T035204_018568_022FC0_7FCF.SAFE;S1B_IW_GRDH_1SDV_20191021T035114_20191021T035139_018568_022FC0_0980.SAFE,2019-10-21T03:50:49
ow-0857,ow-0857.jpg,images/ow-0857.jpg,ow,1,water,ow-0857.xml,2,640,640,S1_20191021_035049_035228_VV_11,S1B_IW_GRDH_1SDV_20191021T035139_20191021T035204_018568_022FC0_7FCF.SAFE;S1B_IW_GRDH_1SDV_20191021T035114_20191021T035139_018568_022FC0_0980.SAFE,2019-10-21T03:50:49
ow-0858,ow-0858.jpg,images/ow-0858.jpg,ow,1,water,ow-0858.xml,10,1174,1174,S1_20191021_035049_035228_VV_13,S1B_IW_GRDH_1SDV_20191021T035139_20191021T035204_018568_022FC0_7FCF.SAFE,2019-10-21T03:50:49
ow-0859,ow-0859.jpg,images/ow-0859.jpg,ow,1,water,ow-0859.xml,4,640,640,S1_20191021_035049_035228_VV_14,S1B_IW_GRDH_1SDV_20191021T035139_20191021T035204_018568_022FC0_7FCF.SAFE,2019-10-21T03:50:49
ow-0860,ow-0860.jpg,images/ow-0860.jpg,ow,1,water,ow-0860.xml,1,640,640,S1_20191021_035049_035228_VV_15,S1B_IW_GRDH_1SDV_20191021T035139_20191021T035204_018568_022FC0_7FCF.SAFE,2019-10-21T03:50:49
ow-0861,ow-0861.jpg,images/ow-0861.jpg,ow,1,water,ow-0861.xml,24,2264,2264,S1_20191022_034306_034446_VV_0,S1A_IW_GRDH_1SDV_20191022T034356_20191022T034421_029566_035D93_FD78.SAFE;S1A_IW_GRDH_1SDV_20191022T034331_20191022T034356_029566_035D93_9262.SAFE,2019-10-22T03:43:06
ow-0862,ow-0862.jpg,images/ow-0862.jpg,ow,1,water,ow-0862.xml,3,640,640,S1_20191022_034306_034446_VV_2,S1A_IW_GRDH_1SDV_20191022T034331_20191022T034356_029566_035D93_9262.SAFE,2019-10-22T03:43:06
ow-0863,ow-0863.jpg,images/ow-0863.jpg,ow,1,water,ow-0863.xml,1,640,640,S1_20191022_034306_034446_VV_3,S1A_IW_GRDH_1SDV_20191022T034331_20191022T034356_029566_035D93_9262.SAFE,2019-10-22T03:43:06
ow-0864,ow-0864.jpg,images/ow-0864.jpg,ow,1,water,ow-0864.xml,2,640,640,S1_20191022_034306_034446_VV_5,S1A_IW_GRDH_1SDV_20191022T034356_20191022T034421_029566_035D93_FD78.SAFE,2019-10-22T03:43:06
ow-0865,ow-0865.jpg,images/ow-0865.jpg,ow,1,water,ow-0865.xml,2,1753,1753,S1_20191022_034306_034446_VV_6,S1A_IW_GRDH_1SDV_20191022T034356_20191022T034421_029566_035D93_FD78.SAFE,2019-10-22T03:43:06
ow-0866,ow-0866.jpg,images/ow-0866.jpg,ow,1,water,ow-0866.xml,1,640,640,S1_20191022_034306_034446_VV_8,S1A_IW_GRDH_1SDV_20191022T034356_20191022T034421_029566_035D93_FD78.SAFE,2019-10-22T03:43:06
ow-0867,ow-0867.jpg,images/ow-0867.jpg,ow,1,water,ow-0867.xml,5,753,753,S1_20191022_034306_034446_VV_10,S1A_IW_GRDH_1SDV_20191022T034356_20191022T034421_029566_035D93_FD78.SAFE,2019-10-22T03:43:06
ow-0868,ow-0868.jpg,images/ow-0868.jpg,ow,1,water,ow-0868.xml,6,1433,1433,S1_20191022_034306_034446_VV_11,S1A_IW_GRDH_1SDV_20191022T034356_20191022T034421_029566_035D93_FD78.SAFE,2019-10-22T03:43:06
ow-0869,ow-0869.jpg,images/ow-0869.jpg,ow,1,water,ow-0869.xml,1,640,640,S1_20191025_155619_155644_VV_0,S1B_IW_GRDH_1SDV_20191025T155619_20191025T155644_018634_0231C5_600D.SAFE,2019-10-25T15:56:19
ow-0870,ow-0870.jpg,images/ow-0870.jpg,ow,1,water,ow-0870.xml,1,640,640,S1_20191027_035126_035307_VV_3,S1A_IW_GRDH_1SDV_20191027T035216_20191027T035241_029639_036018_3127.SAFE,2019-10-27T03:51:26
ow-0871,ow-0871.jpg,images/ow-0871.jpg,ow,1,water,ow-0871.xml,4,640,640,S1_20191027_153951_154106_VV_0,S1B_IW_GRDH_1SDV_20191027T154016_20191027T154041_018663_0232BF_6EB7.SAFE;S1B_IW_GRDH_1SDV_20191027T153951_20191027T154016_018663_0232BF_BE84.SAFE,2019-10-27T15:39:51
ow-0872,ow-0872.jpg,images/ow-0872.jpg,ow,1,water,ow-0872.xml,2,640,640,S1_20191027_153951_154106_VV_2,S1B_IW_GRDH_1SDV_20191027T154041_20191027T154106_018663_0232BF_0AC1.SAFE,2019-10-27T15:39:51
ow-0873,ow-0873.jpg,images/ow-0873.jpg,ow,1,water,ow-0873.xml,2,640,640,S1_20191030_160414_160554_VV_2,S1B_IW_GRDH_1SDV_20191030T160439_20191030T160504_018707_023425_6ED4.SAFE,2019-10-30T16:04:14
ow-0874,ow-0874.jpg,images/ow-0874.jpg,ow,1,water,ow-0874.xml,4,640,640,S1_20191030_160414_160554_VV_3,S1B_IW_GRDH_1SDV_20191030T160439_20191030T160504_018707_023425_6ED4.SAFE,2019-10-30T16:04:14
ow-0875,ow-0875.jpg,images/ow-0875.jpg,ow,1,water,ow-0875.xml,3,640,640,S1_20191031_155647_155827_VV_7,S1A_IW_GRDH_1SDV_20191031T155712_20191031T155737_029705_036271_F756.SAFE,2019-10-31T15:56:47
ow-0876,ow-0876.jpg,images/ow-0876.jpg,ow,1,water,ow-0876.xml,4,640,640,S1_20191031_155647_155827_VV_8,S1A_IW_GRDH_1SDV_20191031T155712_20191031T155737_029705_036271_F756.SAFE,2019-10-31T15:56:47
ow-0877,ow-0877.jpg,images/ow-0877.jpg,ow,1,water,ow-0877.xml,1,640,640,S1_20191031_155647_155827_VV_9,S1A_IW_GRDH_1SDV_20191031T155712_20191031T155737_029705_036271_F756.SAFE,2019-10-31T15:56:47
ow-0878,ow-0878.jpg,images/ow-0878.jpg,ow,1,water,ow-0878.xml,2,640,640,S1_20191031_155647_155827_VV_10,S1A_IW_GRDH_1SDV_20191031T155712_20191031T155737_029705_036271_F756.SAFE,2019-10-31T15:56:47
ow-0879,ow-0879.jpg,images/ow-0879.jpg,ow,1,water,ow-0879.xml,1,1890,1890,S1_20191101_035936_040116_VV_0,S1A_IW_GRDH_1SDV_20191101T040026_20191101T040051_029712_0362AE_90E1.SAFE,2019-11-01T03:59:36
ow-0880,ow-0880.jpg,images/ow-0880.jpg,ow,1,water,ow-0880.xml,3,640,640,S1_20191101_035936_040116_VV_1,S1A_IW_GRDH_1SDV_20191101T040001_20191101T040026_029712_0362AE_2614.SAFE,2019-11-01T03:59:36
ow-0881,ow-0881.jpg,images/ow-0881.jpg,ow,1,water,ow-0881.xml,1,640,640,S1_20191101_035936_040116_VV_2,S1A_IW_GRDH_1SDV_20191101T040026_20191101T040051_029712_0362AE_90E1.SAFE;S1A_IW_GRDH_1SDV_20191101T040001_20191101T040026_029712_0362AE_2614.SAFE,2019-11-01T03:59:36
ow-0882,ow-0882.jpg,images/ow-0882.jpg,ow,1,water,ow-0882.xml,1,640,640,S1_20191101_035936_040116_VV_3,S1A_IW_GRDH_1SDV_20191101T040026_20191101T040051_029712_0362AE_90E1.SAFE,2019-11-01T03:59:36
ow-0883,ow-0883.jpg,images/ow-0883.jpg,ow,1,water,ow-0883.xml,1,640,640,S1_20191101_035936_040116_VV_4,S1A_IW_GRDH_1SDV_20191101T040026_20191101T040051_029712_0362AE_90E1.SAFE,2019-11-01T03:59:36
ow-0884,ow-0884.jpg,images/ow-0884.jpg,ow,1,water,ow-0884.xml,2,640,640,S1_20191101_035936_040116_VV_5,S1A_IW_GRDH_1SDV_20191101T040026_20191101T040051_029712_0362AE_90E1.SAFE,2019-11-01T03:59:36
ow-0885,ow-0885.jpg,images/ow-0885.jpg,ow,1,water,ow-0885.xml,4,640,640,S1_20191101_035936_040116_VV_6,S1A_IW_GRDH_1SDV_20191101T040051_20191101T040116_029712_0362AE_D38B.SAFE,2019-11-01T03:59:36
ow-0886,ow-0886.jpg,images/ow-0886.jpg,ow,1,water,ow-0886.xml,3,640,640,S1_20191101_154754_154934_VV_1,S1B_IW_GRDH_1SDV_20191101T154819_20191101T154844_018736_023509_FDE8.SAFE,2019-11-01T15:47:54
ow-0887,ow-0887.jpg,images/ow-0887.jpg,ow,1,water,ow-0887.xml,1,640,640,S1_20191101_154754_154934_VV_2,S1B_IW_GRDH_1SDV_20191101T154819_20191101T154844_018736_023509_FDE8.SAFE,2019-11-01T15:47:54
ow-0888,ow-0888.jpg,images/ow-0888.jpg,ow,1,water,ow-0888.xml,1,640,640,S1_20191101_154754_154934_VV_3,S1B_IW_GRDH_1SDV_20191101T154819_20191101T154844_018736_023509_FDE8.SAFE,2019-11-01T15:47:54
ow-0889,ow-0889.jpg,images/ow-0889.jpg,ow,1,water,ow-0889.xml,2,640,640,S1_20191101_154754_154934_VV_4,S1B_IW_GRDH_1SDV_20191101T154819_20191101T154844_018736_023509_FDE8.SAFE,2019-11-01T15:47:54
ow-0890,ow-0890.jpg,images/ow-0890.jpg,ow,1,water,ow-0890.xml,1,640,640,S1_20191101_154754_154934_VV_5,S1B_IW_GRDH_1SDV_20191101T154844_20191101T154909_018736_023509_B3BF.SAFE,2019-11-01T15:47:54
ow-0891,ow-0891.jpg,images/ow-0891.jpg,ow,1,water,ow-0891.xml,1,640,640,S1_20191102_154017_154157_VV_0,S1A_IW_GRDH_1SDV_20191102T154107_20191102T154132_029734_036369_FE5F.SAFE,2019-11-02T15:40:17
ow-0892,ow-0892.jpg,images/ow-0892.jpg,ow,1,water,ow-0892.xml,4,1161,1161,S1_20191103_034307_034447_VV_0,S1A_IW_GRDH_1SDV_20191103T034332_20191103T034357_029741_0363B0_BB8A.SAFE,2019-11-03T03:43:07
ow-0893,ow-0893.jpg,images/ow-0893.jpg,ow,1,water,ow-0893.xml,1,640,640,S1_20191103_034307_034447_VV_1,S1A_IW_GRDH_1SDV_20191103T034332_20191103T034357_029741_0363B0_BB8A.SAFE,2019-11-03T03:43:07
ow-0894,ow-0894.jpg,images/ow-0894.jpg,ow,1,water,ow-0894.xml,3,640,640,S1_20191103_034307_034447_VV_5,S1A_IW_GRDH_1SDV_20191103T034332_20191103T034357_029741_0363B0_BB8A.SAFE,2019-11-03T03:43:07
ow-0895,ow-0895.jpg,images/ow-0895.jpg,ow,1,water,ow-0895.xml,2,640,640,S1_20191103_034307_034447_VV_7,S1A_IW_GRDH_1SDV_20191103T034332_20191103T034357_029741_0363B0_BB8A.SAFE,2019-11-03T03:43:07
ow-0896,ow-0896.jpg,images/ow-0896.jpg,ow,1,water,ow-0896.xml,1,1146,1146,S1_20191103_034307_034447_VV_9,S1A_IW_GRDH_1SDV_20191103T034332_20191103T034357_029741_0363B0_BB8A.SAFE,2019-11-03T03:43:07
ow-0897,ow-0897.jpg,images/ow-0897.jpg,ow,1,water,ow-0897.xml,2,640,640,S1_20191103_034307_034447_VV_10,S1A_IW_GRDH_1SDV_20191103T034332_20191103T034357_029741_0363B0_BB8A.SAFE,2019-11-03T03:43:07
ow-0898,ow-0898.jpg,images/ow-0898.jpg,ow,1,water,ow-0898.xml,1,640,640,S1_20191103_034307_034447_VV_12,S1A_IW_GRDH_1SDV_20191103T034332_20191103T034357_029741_0363B0_BB8A.SAFE,2019-11-03T03:43:07
ow-0899,ow-0899.jpg,images/ow-0899.jpg,ow,1,water,ow-0899.xml,1,640,640,S1_20191103_034307_034447_VV_13,S1A_IW_GRDH_1SDV_20191103T034357_20191103T034422_029741_0363B0_2903.SAFE,2019-11-03T03:43:07
ow-0900,ow-0900.jpg,images/ow-0900.jpg,ow,1,water,ow-0900.xml,1,640,640,S1_20191103_034307_034447_VV_14,S1A_IW_GRDH_1SDV_20191103T034357_20191103T034422_029741_0363B0_2903.SAFE,2019-11-03T03:43:07
ow-0901,ow-0901.jpg,images/ow-0901.jpg,ow,1,water,ow-0901.xml,1,640,640,S1_20191103_034307_034447_VV_16,S1A_IW_GRDH_1SDV_20191103T034422_20191103T034447_029741_0363B0_D43F.SAFE;S1A_IW_GRDH_1SDV_20191103T034357_20191103T034422_029741_0363B0_2903.SAFE,2019-11-03T03:43:07
ow-0902,ow-0902.jpg,images/ow-0902.jpg,ow,1,water,ow-0902.xml,1,1410,1410,S1_20191107_035859_040038_VV_0,S1B_IW_GRDH_1SDV_20191107T035949_20191107T040014_018816_0237A1_D0B6.SAFE,2019-11-07T03:58:59
ow-0903,ow-0903.jpg,images/ow-0903.jpg,ow,1,water,ow-0903.xml,1,640,640,S1_20191107_035859_040038_VV_1,S1B_IW_GRDH_1SDV_20191107T035924_20191107T035949_018816_0237A1_36B3.SAFE,2019-11-07T03:58:59
ow-0904,ow-0904.jpg,images/ow-0904.jpg,ow,1,water,ow-0904.xml,1,640,640,S1_20191107_035859_040038_VV_2,S1B_IW_GRDH_1SDV_20191107T040014_20191107T040038_018816_0237A1_5A6C.SAFE;S1B_IW_GRDH_1SDV_20191107T035949_20191107T040014_018816_0237A1_D0B6.SAFE,2019-11-07T03:58:59
ow-0905,ow-0905.jpg,images/ow-0905.jpg,ow,1,water,ow-0905.xml,1,640,640,S1_20191107_154845_155025_VV_0,S1A_IW_GRDH_1SDV_20191107T154845_20191107T154910_029807_03660E_0E71.SAFE,2019-11-07T15:48:45
ow-0906,ow-0906.jpg,images/ow-0906.jpg,ow,1,water,ow-0906.xml,1,640,640,S1_20191107_154845_155025_VV_1,S1A_IW_GRDH_1SDV_20191107T154845_20191107T154910_029807_03660E_0E71.SAFE,2019-11-07T15:48:45
ow-0907,ow-0907.jpg,images/ow-0907.jpg,ow,1,water,ow-0907.xml,1,4964,4964,S1_20191108_035126_035307_VV_0,S1A_IW_GRDH_1SDV_20191108T035151_20191108T035216_029814_03664C_7E30.SAFE;S1A_IW_GRDH_1SDV_20191108T035126_20191108T035151_029814_03664C_FCC5.SAFE,2019-11-08T03:51:26
ow-0908,ow-0908.jpg,images/ow-0908.jpg,ow,1,water,ow-0908.xml,2,640,640,S1_20191108_035126_035307_VV_3,S1A_IW_GRDH_1SDV_20191108T035216_20191108T035241_029814_03664C_228F.SAFE,2019-11-08T03:51:26
ow-0909,ow-0909.jpg,images/ow-0909.jpg,ow,1,water,ow-0909.xml,6,1344,1344,S1_20191108_153951_154106_VV_0,S1B_IW_GRDH_1SDV_20191108T154041_20191108T154106_018838_023867_3795.SAFE,2019-11-08T15:39:51
ow-0910,ow-0910.jpg,images/ow-0910.jpg,ow,1,water,ow-0910.xml,3,640,640,S1_20191108_153951_154106_VV_2,S1B_IW_GRDH_1SDV_20191108T154016_20191108T154041_018838_023867_C951.SAFE;S1B_IW_GRDH_1SDV_20191108T153951_20191108T154016_018838_023867_1595.SAFE,2019-11-08T15:39:51
ow-0911,ow-0911.jpg,images/ow-0911.jpg,ow,1,water,ow-0911.xml,1,640,640,S1_20191108_153951_154106_VV_4,S1B_IW_GRDH_1SDV_20191108T154016_20191108T154041_018838_023867_C951.SAFE,2019-11-08T15:39:51
ow-0912,ow-0912.jpg,images/ow-0912.jpg,ow,1,water,ow-0912.xml,1,874,874,S1_20191109_034227_034407_VV_0,S1B_IW_GRDH_1SDV_20191109T034252_20191109T034317_018845_0238A3_587D.SAFE,2019-11-09T03:42:27
ow-0913,ow-0913.jpg,images/ow-0913.jpg,ow,1,water,ow-0913.xml,1,640,640,S1_20191109_034227_034407_VV_1,S1B_IW_GRDH_1SDV_20191109T034252_20191109T034317_018845_0238A3_587D.SAFE,2019-11-09T03:42:27
ow-0914,ow-0914.jpg,images/ow-0914.jpg,ow,1,water,ow-0914.xml,1,640,640,S1_20191109_034227_034407_VV_2,S1B_IW_GRDH_1SDV_20191109T034252_20191109T034317_018845_0238A3_587D.SAFE,2019-11-09T03:42:27
ow-0915,ow-0915.jpg,images/ow-0915.jpg,ow,1,water,ow-0915.xml,1,640,640,S1_20191109_034227_034407_VV_3,S1B_IW_GRDH_1SDV_20191109T034317_20191109T034342_018845_0238A3_DF03.SAFE,2019-11-09T03:42:27
ow-0916,ow-0916.jpg,images/ow-0916.jpg,ow,1,water,ow-0916.xml,1,640,640,S1_20191113_154755_154935_VV_0,S1B_IW_GRDH_1SDV_20191113T154820_20191113T154845_018911_023AAD_38BC.SAFE;S1B_IW_GRDH_1SDV_20191113T154755_20191113T154820_018911_023AAD_92E8.SAFE,2019-11-13T15:47:55
ow-0917,ow-0917.jpg,images/ow-0917.jpg,ow,1,water,ow-0917.xml,2,640,640,S1_20191113_154755_154935_VV_1,S1B_IW_GRDH_1SDV_20191113T154820_20191113T154845_018911_023AAD_38BC.SAFE,2019-11-13T15:47:55
ow-0918,ow-0918.jpg,images/ow-0918.jpg,ow,1,water,ow-0918.xml,1,640,640,S1_20191113_154755_154935_VV_2,S1B_IW_GRDH_1SDV_20191113T154820_20191113T154845_018911_023AAD_38BC.SAFE,2019-11-13T15:47:55
ow-0919,ow-0919.jpg,images/ow-0919.jpg,ow,1,water,ow-0919.xml,1,640,640,S1_20191113_154755_154935_VV_4,S1B_IW_GRDH_1SDV_20191113T154820_20191113T154845_018911_023AAD_38BC.SAFE,2019-11-13T15:47:55
ow-0920,ow-0920.jpg,images/ow-0920.jpg,ow,1,water,ow-0920.xml,1,640,640,S1_20191114_035049_035228_VV_1,S1B_IW_GRDH_1SDV_20191114T035114_20191114T035139_018918_023AE4_A4DF.SAFE,2019-11-14T03:50:49
ow-0921,ow-0921.jpg,images/ow-0921.jpg,ow,1,water,ow-0921.xml,1,640,640,S1_20191114_035049_035228_VV_2,S1B_IW_GRDH_1SDV_20191114T035139_20191114T035204_018918_023AE4_06B2.SAFE,2019-11-14T03:50:49
ow-0922,ow-0922.jpg,images/ow-0922.jpg,ow,1,water,ow-0922.xml,6,640,640,S1_20191114_035049_035228_VV_3,S1B_IW_GRDH_1SDV_20191114T035139_20191114T035204_018918_023AE4_06B2.SAFE,2019-11-14T03:50:49
ow-0923,ow-0923.jpg,images/ow-0923.jpg,ow,1,water,ow-0923.xml,8,640,640,S1_20191114_035049_035228_VV_4,S1B_IW_GRDH_1SDV_20191114T035139_20191114T035204_018918_023AE4_06B2.SAFE,2019-11-14T03:50:49
ow-0924,ow-0924.jpg,images/ow-0924.jpg,ow,1,water,ow-0924.xml,3,640,640,S1_20191114_035049_035228_VV_5,S1B_IW_GRDH_1SDV_20191114T035139_20191114T035204_018918_023AE4_06B2.SAFE,2019-11-14T03:50:49
ow-0925,ow-0925.jpg,images/ow-0925.jpg,ow,1,water,ow-0925.xml,4,640,640,S1_20191114_035049_035228_VV_6,S1B_IW_GRDH_1SDV_20191114T035139_20191114T035204_018918_023AE4_06B2.SAFE,2019-11-14T03:50:49
ow-0926,ow-0926.jpg,images/ow-0926.jpg,ow,1,water,ow-0926.xml,3,640,640,S1_20191114_035049_035228_VV_7,S1B_IW_GRDH_1SDV_20191114T035139_20191114T035204_018918_023AE4_06B2.SAFE,2019-11-14T03:50:49
ow-0927,ow-0927.jpg,images/ow-0927.jpg,ow,1,water,ow-0927.xml,1,640,640,S1_20191114_035049_035228_VV_8,S1B_IW_GRDH_1SDV_20191114T035139_20191114T035204_018918_023AE4_06B2.SAFE,2019-11-14T03:50:49
ow-0928,ow-0928.jpg,images/ow-0928.jpg,ow,1,water,ow-0928.xml,1,640,640,S1_20191114_154017_154157_VV_0,S1A_IW_GRDH_1SDV_20191114T154107_20191114T154132_029909_03698D_AFF8.SAFE,2019-11-14T15:40:17
ow-0929,ow-0929.jpg,images/ow-0929.jpg,ow,1,water,ow-0929.xml,3,2652,2652,S1_20191115_034306_034446_VV_0,S1A_IW_GRDH_1SDV_20191115T034356_20191115T034421_029916_0369D3_C698.SAFE,2019-11-15T03:43:06
ow-0930,ow-0930.jpg,images/ow-0930.jpg,ow,1,water,ow-0930.xml,1,640,640,S1_20191115_034306_034446_VV_1,S1A_IW_GRDH_1SDV_20191115T034331_20191115T034356_029916_0369D3_4DBE.SAFE,2019-11-15T03:43:06
ow-0931,ow-0931.jpg,images/ow-0931.jpg,ow,1,water,ow-0931.xml,2,640,640,S1_20191115_034306_034446_VV_2,S1A_IW_GRDH_1SDV_20191115T034356_20191115T034421_029916_0369D3_C698.SAFE;S1A_IW_GRDH_1SDV_20191115T034331_20191115T034356_029916_0369D3_4DBE.SAFE,2019-11-15T03:43:06
ow-0932,ow-0932.jpg,images/ow-0932.jpg,ow,1,water,ow-0932.xml,2,640,640,S1_20191118_155619_155644_VV_0,S1B_IW_GRDH_1SDV_20191118T155619_20191118T155644_018984_023D0A_7060.SAFE,2019-11-18T15:56:19
ow-0933,ow-0933.jpg,images/ow-0933.jpg,ow,1,water,ow-0933.xml,1,640,640,S1_20191118_155619_155644_VV_1,S1B_IW_GRDH_1SDV_20191118T155619_20191118T155644_018984_023D0A_7060.SAFE,2019-11-18T15:56:19
ow-0934,ow-0934.jpg,images/ow-0934.jpg,ow,1,water,ow-0934.xml,1,2547,2547,S1_20191119_035859_040038_VV_0,S1B_IW_GRDH_1SDV_20191119T035924_20191119T035949_018991_023D4F_586C.SAFE;S1B_IW_GRDH_1SDV_20191119T035859_20191119T035924_018991_023D4F_D58B.SAFE,2019-11-19T03:58:59
ow-0935,ow-0935.jpg,images/ow-0935.jpg,ow,1,water,ow-0935.xml,1,640,640,S1_20191119_154845_155025_VV_0,S1A_IW_GRDH_1SDV_20191119T154845_20191119T154910_029982_036C1D_3DEB.SAFE,2019-11-19T15:48:45
ow-0936,ow-0936.jpg,images/ow-0936.jpg,ow,1,water,ow-0936.xml,1,640,640,S1_20191120_035126_035307_VV_1,S1A_IW_GRDH_1SDV_20191120T035216_20191120T035241_029989_036C5B_434E.SAFE,2019-11-20T03:51:26
ow-0937,ow-0937.jpg,images/ow-0937.jpg,ow,1,water,ow-0937.xml,1,640,640,S1_20191120_035126_035307_VV_2,S1A_IW_GRDH_1SDV_20191120T035216_20191120T035241_029989_036C5B_434E.SAFE,2019-11-20T03:51:26
ow-0938,ow-0938.jpg,images/ow-0938.jpg,ow,1,water,ow-0938.xml,2,640,640,S1_20191126_035049_035228_VV_0,S1B_IW_GRDH_1SDV_20191126T035139_20191126T035204_019093_024085_D62E.SAFE,2019-11-26T03:50:49
ow-0939,ow-0939.jpg,images/ow-0939.jpg,ow,1,water,ow-0939.xml,1,640,640,S1_20191126_035049_035228_VV_1,S1B_IW_GRDH_1SDV_20191126T035139_20191126T035204_019093_024085_D62E.SAFE,2019-11-26T03:50:49
ow-0940,ow-0940.jpg,images/ow-0940.jpg,ow,1,water,ow-0940.xml,1,640,640,S1_20191126_035049_035228_VV_2,S1B_IW_GRDH_1SDV_20191126T035139_20191126T035204_019093_024085_D62E.SAFE,2019-11-26T03:50:49
ow-0941,ow-0941.jpg,images/ow-0941.jpg,ow,1,water,ow-0941.xml,2,640,640,S1_20191129_160457_160637_VV_3,S1A_IW_GRDH_1SDV_20191129T160522_20191129T160547_030128_03713A_62F9.SAFE,2019-11-29T16:04:57
ow-0942,ow-0942.jpg,images/ow-0942.jpg,ow,1,water,ow-0942.xml,3,640,640,S1_20191129_160457_160637_VV_4,S1A_IW_GRDH_1SDV_20191129T160522_20191129T160547_030128_03713A_62F9.SAFE,2019-11-29T16:04:57
ow-0943,ow-0943.jpg,images/ow-0943.jpg,ow,1,water,ow-0943.xml,1,640,640,S1_20191129_160457_160637_VV_5,S1A_IW_GRDH_1SDV_20191129T160522_20191129T160547_030128_03713A_62F9.SAFE,2019-11-29T16:04:57
ow-0944,ow-0944.jpg,images/ow-0944.jpg,ow,1,water,ow-0944.xml,3,640,640,S1_20191130_155618_155643_VV_16,S1B_IW_GRDH_1SDV_20191130T155618_20191130T155643_019159_02429A_7E10.SAFE,2019-11-30T15:56:18
ow-0945,ow-0945.jpg,images/ow-0945.jpg,ow,1,water,ow-0945.xml,3,640,640,S1_20191130_155618_155643_VV_17,S1B_IW_GRDH_1SDV_20191130T155618_20191130T155643_019159_02429A_7E10.SAFE,2019-11-30T15:56:18
ow-0946,ow-0946.jpg,images/ow-0946.jpg,ow,1,water,ow-0946.xml,2,640,640,S1_20191130_155649_155743_VV_0,S1B_IW_GRDH_1SDV_20191130T155649_20191130T155718_019159_02429B_1AD3.SAFE,2019-11-30T15:56:49
ow-0947,ow-0947.jpg,images/ow-0947.jpg,ow,1,water,ow-0947.xml,1,640,640,S1_20191130_155649_155743_VV_1,S1B_IW_GRDH_1SDV_20191130T155718_20191130T155743_019159_02429B_F8B3.SAFE,2019-11-30T15:56:49
ow-0948,ow-0948.jpg,images/ow-0948.jpg,ow,1,water,ow-0948.xml,2,640,640,S1_20191130_155649_155743_VV_2,S1B_IW_GRDH_1SDV_20191130T155718_20191130T155743_019159_02429B_F8B3.SAFE,2019-11-30T15:56:49
ow-0949,ow-0949.jpg,images/ow-0949.jpg,ow,1,water,ow-0949.xml,6,640,640,S1_20191201_035859_040038_VV_0,S1B_IW_GRDH_1SDV_20191201T035949_20191201T040014_019166_0242DD_8737.SAFE,2019-12-01T03:58:59
ow-0950,ow-0950.jpg,images/ow-0950.jpg,ow,1,water,ow-0950.xml,1,640,640,S1_20191201_035859_040038_VV_1,S1B_IW_GRDH_1SDV_20191201T035949_20191201T040014_019166_0242DD_8737.SAFE,2019-12-01T03:58:59
ow-0951,ow-0951.jpg,images/ow-0951.jpg,ow,1,water,ow-0951.xml,1,640,640,S1_20191201_035859_040038_VV_2,S1B_IW_GRDH_1SDV_20191201T035949_20191201T040014_019166_0242DD_8737.SAFE,2019-12-01T03:58:59
ow-0952,ow-0952.jpg,images/ow-0952.jpg,ow,1,water,ow-0952.xml,1,640,640,S1_20191201_035859_040038_VV_3,S1B_IW_GRDH_1SDV_20191201T040014_20191201T040038_019166_0242DD_147B.SAFE;S1B_IW_GRDH_1SDV_20191201T035949_20191201T040014_019166_0242DD_8737.SAFE,2019-12-01T03:58:59
ow-0953,ow-0953.jpg,images/ow-0953.jpg,ow,1,water,ow-0953.xml,1,640,640,S1_20191201_154844_155024_VV_1,S1A_IW_GRDH_1SDV_20191201T154844_20191201T154909_030157_03722E_48D3.SAFE,2019-12-01T15:48:44
ow-0954,ow-0954.jpg,images/ow-0954.jpg,ow,1,water,ow-0954.xml,1,640,640,S1_20191201_154844_155024_VV_2,S1A_IW_GRDH_1SDV_20191201T154909_20191201T154934_030157_03722E_6A79.SAFE,2019-12-01T15:48:44
ow-0955,ow-0955.jpg,images/ow-0955.jpg,ow,1,water,ow-0955.xml,1,640,640,S1_20191201_154844_155024_VV_3,S1A_IW_GRDH_1SDV_20191201T154909_20191201T154934_030157_03722E_6A79.SAFE,2019-12-01T15:48:44
ow-0956,ow-0956.jpg,images/ow-0956.jpg,ow,1,water,ow-0956.xml,1,640,640,S1_20191207_154754_154934_VV_2,S1B_IW_GRDH_1SDV_20191207T154844_20191207T154909_019261_0245D7_E80A.SAFE,2019-12-07T15:47:54
ow-0957,ow-0957.jpg,images/ow-0957.jpg,ow,1,water,ow-0957.xml,2,640,640,S1_20191207_154754_154934_VV_3,S1B_IW_GRDH_1SDV_20191207T154909_20191207T154934_019261_0245D7_07B0.SAFE,2019-12-07T15:47:54
ow-0958,ow-0958.jpg,images/ow-0958.jpg,ow,1,water,ow-0958.xml,2,640,640,S1_20191208_035048_035227_VV_1,S1B_IW_GRDH_1SDV_20191208T035048_20191208T035113_019268_02460F_78B1.SAFE,2019-12-08T03:50:48
ow-0959,ow-0959.jpg,images/ow-0959.jpg,ow,1,water,ow-0959.xml,1,640,640,S1_20191212_155618_155643_VV_0,S1B_IW_GRDH_1SDV_20191212T155618_20191212T155643_019334_02482D_8FCC.SAFE,2019-12-12T15:56:18
ow-0960,ow-0960.jpg,images/ow-0960.jpg,ow,1,water,ow-0960.xml,1,640,640,S1_20191212_155618_155643_VV_1,S1B_IW_GRDH_1SDV_20191212T155618_20191212T155643_019334_02482D_8FCC.SAFE,2019-12-12T15:56:18
ow-0961,ow-0961.jpg,images/ow-0961.jpg,ow,1,water,ow-0961.xml,1,640,640,S1_20191212_155618_155643_VV_2,S1B_IW_GRDH_1SDV_20191212T155618_20191212T155643_019334_02482D_8FCC.SAFE,2019-12-12T15:56:18
ow-0962,ow-0962.jpg,images/ow-0962.jpg,ow,1,water,ow-0962.xml,1,995,995,S1_20191217_160413_160553_VV_0,S1B_IW_GRDH_1SDV_20191217T160438_20191217T160503_019407_024A8B_74A1.SAFE,2019-12-17T16:04:13
ow-0963,ow-0963.jpg,images/ow-0963.jpg,ow,1,water,ow-0963.xml,3,640,640,S1_20191217_160413_160553_VV_2,S1B_IW_GRDH_1SDV_20191217T160438_20191217T160503_019407_024A8B_74A1.SAFE,2019-12-17T16:04:13
ow-0964,ow-0964.jpg,images/ow-0964.jpg,ow,1,water,ow-0964.xml,3,640,640,S1_20191217_160413_160553_VV_4,S1B_IW_GRDH_1SDV_20191217T160438_20191217T160503_019407_024A8B_74A1.SAFE,2019-12-17T16:04:13
ow-0965,ow-0965.jpg,images/ow-0965.jpg,ow,1,water,ow-0965.xml,3,640,640,S1_20191217_160413_160553_VV_5,S1B_IW_GRDH_1SDV_20191217T160438_20191217T160503_019407_024A8B_74A1.SAFE,2019-12-17T16:04:13
ow-0966,ow-0966.jpg,images/ow-0966.jpg,ow,1,water,ow-0966.xml,4,640,640,S1_20191218_155645_155825_VV_0,S1A_IW_GRDH_1SDV_20191218T155710_20191218T155735_030405_037AC0_C384.SAFE;S1A_IW_GRDH_1SDV_20191218T155645_20191218T155710_030405_037AC0_57F0.SAFE,2019-12-18T15:56:45
ow-0967,ow-0967.jpg,images/ow-0967.jpg,ow,1,water,ow-0967.xml,7,640,640,S1_20191218_155645_155825_VV_1,S1A_IW_GRDH_1SDV_20191218T155710_20191218T155735_030405_037AC0_C384.SAFE;S1A_IW_GRDH_1SDV_20191218T155645_20191218T155710_030405_037AC0_57F0.SAFE,2019-12-18T15:56:45
ow-0968,ow-0968.jpg,images/ow-0968.jpg,ow,1,water,ow-0968.xml,1,640,640,S1_20191218_155645_155825_VV_2,S1A_IW_GRDH_1SDV_20191218T155710_20191218T155735_030405_037AC0_C384.SAFE,2019-12-18T15:56:45
ow-0969,ow-0969.jpg,images/ow-0969.jpg,ow,1,water,ow-0969.xml,9,640,640,S1_20191218_155645_155825_VV_6,S1A_IW_GRDH_1SDV_20191218T155710_20191218T155735_030405_037AC0_C384.SAFE,2019-12-18T15:56:45
ow-0970,ow-0970.jpg,images/ow-0970.jpg,ow,1,water,ow-0970.xml,1,640,640,S1_20191218_155645_155825_VV_7,S1A_IW_GRDH_1SDV_20191218T155710_20191218T155735_030405_037AC0_C384.SAFE,2019-12-18T15:56:45
ow-0971,ow-0971.jpg,images/ow-0971.jpg,ow,1,water,ow-0971.xml,4,640,640,S1_20191218_155645_155825_VV_8,S1A_IW_GRDH_1SDV_20191218T155710_20191218T155735_030405_037AC0_C384.SAFE,2019-12-18T15:56:45
ow-0972,ow-0972.jpg,images/ow-0972.jpg,ow,1,water,ow-0972.xml,2,640,640,S1_20191219_035935_040115_VV_0,S1A_IW_GRDH_1SDV_20191219T040000_20191219T040025_030412_037AF3_C394.SAFE,2019-12-19T03:59:35
ow-0973,ow-0973.jpg,images/ow-0973.jpg,ow,1,water,ow-0973.xml,2,640,640,S1_20191219_035935_040115_VV_1,S1A_IW_GRDH_1SDV_20191219T040025_20191219T040050_030412_037AF3_317B.SAFE,2019-12-19T03:59:35
ow-0974,ow-0974.jpg,images/ow-0974.jpg,ow,1,water,ow-0974.xml,1,640,640,S1_20191219_154753_154933_VV_3,S1B_IW_GRDH_1SDV_20191219T154843_20191219T154908_019436_024B6B_D265.SAFE,2019-12-19T15:47:53
ow-0975,ow-0975.jpg,images/ow-0975.jpg,ow,1,water,ow-0975.xml,1,640,640,S1_20191219_154753_154933_VV_4,S1B_IW_GRDH_1SDV_20191219T154843_20191219T154908_019436_024B6B_D265.SAFE,2019-12-19T15:47:53
ow-0976,ow-0976.jpg,images/ow-0976.jpg,ow,1,water,ow-0976.xml,2,640,640,S1_20191219_154753_154933_VV_5,S1B_IW_GRDH_1SDV_20191219T154843_20191219T154908_019436_024B6B_D265.SAFE,2019-12-19T15:47:53
ow-0977,ow-0977.jpg,images/ow-0977.jpg,ow,1,water,ow-0977.xml,2,640,640,S1_20191220_035048_035227_VV_1,S1B_IW_GRDH_1SDV_20191220T035113_20191220T035138_019443_024BA5_ABE1.SAFE,2019-12-20T03:50:48
ow-0978,ow-0978.jpg,images/ow-0978.jpg,ow,1,water,ow-0978.xml,2,640,640,S1_20191220_035048_035227_VV_2,S1B_IW_GRDH_1SDV_20191220T035113_20191220T035138_019443_024BA5_ABE1.SAFE,2019-12-20T03:50:48
ow-0979,ow-0979.jpg,images/ow-0979.jpg,ow,1,water,ow-0979.xml,1,640,640,S1_20191220_035048_035227_VV_3,S1B_IW_GRDH_1SDV_20191220T035113_20191220T035138_019443_024BA5_ABE1.SAFE,2019-12-20T03:50:48
ow-0980,ow-0980.jpg,images/ow-0980.jpg,ow,1,water,ow-0980.xml,2,640,640,S1_20191220_035048_035227_VV_4,S1B_IW_GRDH_1SDV_20191220T035138_20191220T035203_019443_024BA5_58BF.SAFE,2019-12-20T03:50:48
ow-0981,ow-0981.jpg,images/ow-0981.jpg,ow,1,water,ow-0981.xml,2,640,640,S1_20191220_035048_035227_VV_6,S1B_IW_GRDH_1SDV_20191220T035138_20191220T035203_019443_024BA5_58BF.SAFE,2019-12-20T03:50:48
ow-0982,ow-0982.jpg,images/ow-0982.jpg,ow,1,water,ow-0982.xml,2,640,640,S1_20191220_154015_154155_VV_4,S1A_IW_GRDH_1SDV_20191220T154130_20191220T154155_030434_037BB3_2D8A.SAFE,2019-12-20T15:40:15
ow-0983,ow-0983.jpg,images/ow-0983.jpg,ow,1,water,ow-0983.xml,2,640,640,S1_20191221_034305_034445_VV_3,S1A_IW_GRDH_1SDV_20191221T034330_20191221T034355_030441_037BF3_5BD0.SAFE,2019-12-21T03:43:05
ow-0984,ow-0984.jpg,images/ow-0984.jpg,ow,1,water,ow-0984.xml,1,640,640,S1_20191221_034305_034445_VV_5,S1A_IW_GRDH_1SDV_20191221T034330_20191221T034355_030441_037BF3_5BD0.SAFE,2019-12-21T03:43:05
ow-0985,ow-0985.jpg,images/ow-0985.jpg,ow,1,water,ow-0985.xml,1,640,640,S1_20191221_034305_034445_VV_6,S1A_IW_GRDH_1SDV_20191221T034330_20191221T034355_030441_037BF3_5BD0.SAFE,2019-12-21T03:43:05
ow-0986,ow-0986.jpg,images/ow-0986.jpg,ow,1,water,ow-0986.xml,1,640,640,S1_20191221_034305_034445_VV_7,S1A_IW_GRDH_1SDV_20191221T034330_20191221T034355_030441_037BF3_5BD0.SAFE,2019-12-21T03:43:05
ow-0987,ow-0987.jpg,images/ow-0987.jpg,ow,1,water,ow-0987.xml,1,640,640,S1_20191221_034305_034445_VV_10,S1A_IW_GRDH_1SDV_20191221T034355_20191221T034420_030441_037BF3_EAD0.SAFE,2019-12-21T03:43:05
ow-0988,ow-0988.jpg,images/ow-0988.jpg,ow,1,water,ow-0988.xml,9,640,640,S1_20191221_034305_034445_VV_16,S1A_IW_GRDH_1SDV_20191221T034420_20191221T034445_030441_037BF3_B34A.SAFE,2019-12-21T03:43:05
ow-0989,ow-0989.jpg,images/ow-0989.jpg,ow,1,water,ow-0989.xml,1,640,640,S1_20191221_034305_034445_VV_17,S1A_IW_GRDH_1SDV_20191221T034420_20191221T034445_030441_037BF3_B34A.SAFE,2019-12-21T03:43:05
ow-0990,ow-0990.jpg,images/ow-0990.jpg,ow,1,water,ow-0990.xml,1,640,640,S1_20191221_153135_153315_VV_1,S1B_IW_GRDH_1SDV_20191221T153225_20191221T153250_019465_024C52_5DD4.SAFE,2019-12-21T15:31:35
